城市,时间,气温(°C),相对湿度(%),气压(hPa),降水(mm),风速(km/h),风向(°)
长春,2026-10-10T09:00,11.4,62,996.4,0.0,4.8,29
长春,2026-10-10T10:00,13.6,54,996.2,0.0,4.6,36
长春,2026-10-10T11:00,15.2,50,995.9,0.0,4.8,31
长春,2026-10-10T12:00,16.4,47,995.4,0.0,4.5,29
长春,2026-10-10T13:00,17.3,45,994.6,0.0,4.7,18
长春,2026-10-10T14:00,17.6,43,994.8,0.0,6.0,9
长春,2026-10-10T15:00,17.2,44,994.8,0.0,6.0,10
长春,2026-10-10T16:00,16.4,46,995.0,0.0,7.0,23
长春,2026-10-10T17:00,15.5,47,995.1,0.0,8.7,24
长春,2026-10-10T18:00,14.1,50,995.8,0.0,9.0,22
长春,2026-10-10T19:00,13.0,52,996.2,0.0,8.0,34
长春,2026-10-10T20:00,12.6,53,995.8,0.0,7.0,55
长春,2026-10-10T21:00,11.5,59,996.0,0.0,5.4,60
长春,2026-10-10T22:00,10.7,64,996.3,0.0,4.3,62
长春,2026-10-10T23:00,10.1,68,996.1,0.0,4.1,90
长春,2026-10-11T00:00,9.5,72,995.9,0.0,4.4,102
长春,2026-10-11T01:00,9.0,76,996.2,0.0,4.6,103
长春,2026-10-11T02:00,8.4,77,996.5,0.0,4.1,92
长春,2026-10-11T03:00,7.7,80,996.4,0.0,3.9,77
长春,2026-10-11T04:00,7.4,81,996.3,0.0,4.0,80
长春,2026-10-11T05:00,7.2,82,996.3,0.0,5.3,98
长春,2026-10-11T06:00,6.9,84,996.3,0.0,6.3,105
长春,2026-10-11T07:00,8.2,79,996.6,0.0,8.0,115
长春,2026-10-11T08:00,10.5,73,997.0,0.0,5.0,120
吉林,2026-10-10T09:00,11.7,74,998.0,0.0,2.0,355
吉林,2026-10-10T10:00,13.3,68,997.8,0.0,2.9,349
吉林,2026-10-10T11:00,14.6,64,997.4,0.0,4.7,351
吉林,2026-10-10T12:00,15.7,59,997.0,0.0,5.8,346
吉林,2026-10-10T13:00,16.3,56,996.2,0.0,6.7,354
吉林,2026-10-10T14:00,16.9,53,996.2,0.0,8.5,353
吉林,2026-10-10T15:00,16.6,52,996.2,0.0,7.5,352
吉林,2026-10-10T16:00,15.8,53,996.6,0.0,8.1,354
吉林,2026-10-10T17:00,14.4,59,996.7,0.0,7.2,357
吉林,2026-10-10T18:00,13.7,61,997.3,0.0,7.9,11
吉林,2026-10-10T19:00,12.5,64,997.8,0.0,9.4,7
吉林,2026-10-10T20:00,11.7,67,997.6,0.0,8.3,14
吉林,2026-10-10T21:00,10.4,74,997.7,0.0,4.5,23
吉林,2026-10-10T22:00,9.7,78,998.0,0.0,3.1,3
吉林,2026-10-10T23:00,8.9,82,997.8,0.0,3.2,344
吉林,2026-10-11T00:00,8.3,86,997.8,0.0,2.2,346
吉林,2026-10-11T01:00,8.0,88,998.0,0.0,0.9,349
吉林,2026-10-11T02:00,7.2,90,998.4,0.0,0.7,346
吉林,2026-10-11T03:00,6.7,92,998.4,0.0,0.2,270
吉林,2026-10-11T04:00,6.4,93,998.3,0.0,1.0,211
吉林,2026-10-11T05:00,6.1,95,998.2,0.0,0.9,217
吉林,2026-10-11T06:00,6.0,96,998.4,0.0,1.5,194
吉林,2026-10-11T07:00,7.4,94,998.7,0.0,3.5,165
吉林,2026-10-11T08:00,10.4,82,999.2,0.0,2.6,146
四平,2026-10-10T09:00,14.2,77,1001.8,0.0,2.8,27
四平,2026-10-10T10:00,15.5,73,1001.7,0.0,2.7,4
四平,2026-10-10T11:00,17.1,67,1001.5,0.0,1.5,7
四平,2026-10-10T12:00,18.7,61,1001.0,0.0,1.9,292
四平,2026-10-10T13:00,19.2,59,1000.2,0.0,3.3,264
四平,2026-10-10T14:00,19.6,57,1000.3,0.0,5.7,288
四平,2026-10-10T15:00,19.5,54,1000.1,0.0,7.4,326
四平,2026-10-10T16:00,18.8,52,1000.5,0.0,8.9,346
四平,2026-10-10T17:00,17.2,55,1000.6,0.0,8.9,347
四平,2026-10-10T18:00,15.7,55,1001.3,0.0,11.2,360
四平,2026-10-10T19:00,14.2,57,1001.8,0.0,12.0,13
四平,2026-10-10T20:00,13.6,55,1001.8,0.0,10.5,31
四平,2026-10-10T21:00,12.6,59,1001.7,0.0,8.5,54
四平,2026-10-10T22:00,12.1,66,1002.0,0.0,7.5,73
四平,2026-10-10T23:00,11.6,73,1001.8,0.0,7.2,91
四平,2026-10-11T00:00,10.9,79,1001.6,0.0,6.1,95
四平,2026-10-11T01:00,10.3,83,1001.9,0.0,5.4,98
四平,2026-10-11T02:00,9.5,84,1002.2,0.0,4.9,90
四平,2026-10-11T03:00,8.9,86,1002.0,0.0,5.4,92
四平,2026-10-11T04:00,8.7,88,1001.9,0.0,6.6,99
四平,2026-10-11T05:00,8.7,88,1001.9,0.0,7.6,108
四平,2026-10-11T06:00,8.8,88,1001.9,0.0,8.5,115
四平,2026-10-11T07:00,10.6,82,1002.2,0.0,9.0,120
四平,2026-10-11T08:00,14.0,71,1002.7,0.0,6.9,123
辽源,2026-10-10T09:00,14.5,77,990.8,0.0,2.7,307
辽源,2026-10-10T10:00,16.2,74,990.6,0.0,2.8,288
辽源,2026-10-10T11:00,17.6,70,990.3,0.0,4.4,277
辽源,2026-10-10T12:00,19.1,62,989.7,0.0,7.0,266
辽源,2026-10-10T13:00,20.0,55,988.9,0.0,8.8,255
辽源,2026-10-10T14:00,20.5,53,988.9,0.0,10.1,258
辽源,2026-10-10T15:00,19.8,55,988.8,0.0,10.7,283
辽源,2026-10-10T16:00,17.9,70,989.4,0.1,11.5,326
辽源,2026-10-10T17:00,16.2,78,989.4,0.0,7.6,341
辽源,2026-10-10T18:00,15.0,83,989.9,0.0,5.3,336
辽源,2026-10-10T19:00,13.8,88,990.2,0.0,4.8,31
辽源,2026-10-10T20:00,13.2,85,990.3,0.0,6.4,65
辽源,2026-10-10T21:00,12.0,86,990.7,0.0,5.2,68
辽源,2026-10-10T22:00,11.2,87,991.0,0.0,3.8,90
辽源,2026-10-10T23:00,10.8,89,990.9,0.0,5.2,121
辽源,2026-10-11T00:00,10.1,91,990.6,0.0,4.4,120
辽源,2026-10-11T01:00,9.5,93,990.7,0.0,3.5,118
辽源,2026-10-11T02:00,8.9,95,991.2,0.0,3.0,115
辽源,2026-10-11T03:00,8.3,95,990.9,0.0,3.9,106
辽源,2026-10-11T04:00,7.9,96,990.9,0.0,4.7,108
辽源,2026-10-11T05:00,7.7,96,990.9,0.0,5.0,111
辽源,2026-10-11T06:00,7.5,96,991.0,0.0,5.6,117
辽源,2026-10-11T07:00,8.9,92,991.5,0.0,7.2,127
辽源,2026-10-11T08:00,12.0,84,992.1,0.0,5.4,127
通化,2026-10-10T09:00,10.6,99,978.5,0.0,1.8,79
通化,2026-10-10T10:00,11.6,99,978.0,0.0,2.0,45
通化,2026-10-10T11:00,12.8,97,977.7,0.0,1.3,236
通化,2026-10-10T12:00,15.0,87,976.5,0.0,2.6,254
通化,2026-10-10T13:00,17.1,79,975.6,0.0,3.4,252
通化,2026-10-10T14:00,17.9,74,975.3,0.0,5.0,249
通化,2026-10-10T15:00,18.3,71,975.5,0.0,5.8,240
通化,2026-10-10T16:00,17.8,74,975.5,0.0,3.5,246
通化,2026-10-10T17:00,15.8,83,975.3,0.0,5.8,240
通化,2026-10-10T18:00,14.5,83,975.9,0.0,6.0,253
通化,2026-10-10T19:00,13.4,84,976.3,0.0,3.1,249
通化,2026-10-10T20:00,12.2,86,976.2,0.0,0.5,225
通化,2026-10-10T21:00,12.1,86,976.9,0.0,2.3,18
通化,2026-10-10T22:00,10.2,92,976.9,0.0,6.0,25
通化,2026-10-10T23:00,9.5,95,976.7,0.0,8.1,339
通化,2026-10-11T00:00,9.1,100,977.3,0.0,8.4,353
通化,2026-10-11T01:00,9.1,99,977.8,0.0,3.9,22
通化,2026-10-11T02:00,8.6,100,977.7,0.0,4.7,94
通化,2026-10-11T03:00,8.6,99,977.5,0.0,3.7,79
通化,2026-10-11T04:00,8.9,99,977.6,0.0,4.3,48
通化,2026-10-11T05:00,8.8,99,977.9,0.0,3.9,56
通化,2026-10-11T06:00,9.0,99,978.0,0.0,4.3,66
通化,2026-10-11T07:00,9.5,99,978.4,0.0,4.9,73
通化,2026-10-11T08:00,10.1,99,978.7,0.0,5.9,79
白山,2026-10-10T09:00,13.1,85,967.1,0.0,2.0,225
白山,2026-10-10T10:00,14.9,80,966.5,0.0,2.3,219
白山,2026-10-10T11:00,16.4,74,966.0,0.0,2.3,231
白山,2026-10-10T12:00,17.6,68,964.9,0.0,3.4,252
白山,2026-10-10T13:00,18.4,66,964.1,0.0,5.2,258
白山,2026-10-10T14:00,18.6,64,963.9,0.0,6.8,245
白山,2026-10-10T15:00,18.3,66,964.1,0.0,7.2,233
白山,2026-10-10T16:00,17.1,73,964.4,0.0,6.9,223
白山,2026-10-10T17:00,14.7,84,964.1,0.0,7.3,237
白山,2026-10-10T18:00,13.2,86,965.1,0.0,4.3,246
白山,2026-10-10T19:00,12.1,89,965.4,0.0,4.0,170
白山,2026-10-10T20:00,11.1,92,965.2,0.0,5.2,192
白山,2026-10-10T21:00,10.9,90,965.8,0.0,5.4,340
白山,2026-10-10T22:00,9.6,93,965.7,0.0,7.6,31
白山,2026-10-10T23:00,10.1,91,965.5,0.0,5.2,56
白山,2026-10-11T00:00,8.4,97,965.8,0.0,9.6,13
白山,2026-10-11T01:00,8.0,98,966.3,0.0,7.4,29
白山,2026-10-11T02:00,8.0,100,966.2,0.0,4.9,36
白山,2026-10-11T03:00,6.7,100,966.2,0.0,7.9,47
白山,2026-10-11T04:00,7.5,100,966.4,0.0,5.6,75
白山,2026-10-11T05:00,7.7,100,966.6,0.0,5.4,86
白山,2026-10-11T06:00,7.9,100,966.8,0.0,3.7,61
白山,2026-10-11T07:00,9.1,99,967.2,0.0,1.8,37
白山,2026-10-11T08:00,10.4,99,967.6,0.0,2.9,60
松原,2026-10-10T09:00,9.2,53,1007.6,0.0,3.8,25
松原,2026-10-10T10:00,10.7,46,1007.1,0.0,4.4,21
松原,2026-10-10T11:00,12.1,41,1006.9,0.0,4.2,31
松原,2026-10-10T12:00,12.6,38,1006.5,0.0,5.2,34
松原,2026-10-10T13:00,13.8,34,1005.7,0.0,5.8,36
松原,2026-10-10T14:00,14.0,33,1005.9,0.0,6.5,23
松原,2026-10-10T15:00,13.8,33,1005.9,0.0,5.8,22
松原,2026-10-10T16:00,13.5,35,1006.1,0.0,3.9,22
松原,2026-10-10T17:00,12.7,42,1005.9,0.0,1.7,49
松原,2026-10-10T18:00,11.0,45,1006.3,0.0,2.3,108
松原,2026-10-10T19:00,10.0,49,1006.4,0.0,3.8,93
松原,2026-10-10T20:00,9.0,52,1006.3,0.0,5.4,76
松原,2026-10-10T21:00,8.1,57,1006.4,0.0,5.4,90
松原,2026-10-10T22:00,7.5,61,1006.3,0.0,5.4,98
松原,2026-10-10T23:00,7.1,64,1006.3,0.0,5.5,103
松原,2026-10-11T00:00,6.5,70,1006.4,0.0,4.6,103
松原,2026-10-11T01:00,6.1,74,1006.8,0.0,5.1,113
松原,2026-10-11T02:00,5.5,77,1007.0,0.0,5.4,124
松原,2026-10-11T03:00,5.2,80,1006.8,0.0,5.8,129
松原,2026-10-11T04:00,5.3,79,1006.3,0.0,7.0,125
松原,2026-10-11T05:00,5.4,78,1006.1,0.0,8.6,129
松原,2026-10-11T06:00,5.4,76,1006.2,0.0,9.2,132
松原,2026-10-11T07:00,7.0,68,1006.6,0.0,10.9,130
松原,2026-10-11T08:00,9.8,59,1006.9,0.0,7.9,125
白城,2026-10-10T09:00,10.0,44,1005.1,0.0,5.7,55
白城,2026-10-10T10:00,12.0,33,1004.8,0.0,6.4,63
白城,2026-10-10T11:00,13.2,28,1004.4,0.0,5.4,69
白城,2026-10-10T12:00,14.0,27,1004.2,0.0,3.3,81
白城,2026-10-10T13:00,14.1,27,1003.6,0.0,3.5,171
白城,2026-10-10T14:00,12.7,39,1003.8,0.0,3.7,145
白城,2026-10-10T15:00,13.0,37,1003.2,0.0,5.6,149
白城,2026-10-10T16:00,13.2,37,1003.0,0.0,5.7,139
白城,2026-10-10T17:00,11.7,42,1002.9,0.0,3.2,117
白城,2026-10-10T18:00,10.5,45,1003.4,0.0,7.0,130
白城,2026-10-10T19:00,9.6,50,1003.5,0.0,9.6,150
白城,2026-10-10T20:00,8.6,56,1003.3,0.0,9.5,165
白城,2026-10-10T21:00,7.6,61,1003.5,0.0,8.6,178
白城,2026-10-10T22:00,6.8,65,1003.6,0.0,8.1,193
白城,2026-10-10T23:00,6.2,69,1003.6,0.0,7.7,213
白城,2026-10-11T00:00,5.7,72,1003.5,0.0,8.1,208
白城,2026-10-11T01:00,5.4,73,1003.5,0.0,7.5,191
白城,2026-10-11T02:00,4.8,73,1003.5,0.0,7.6,187
白城,2026-10-11T03:00,4.4,76,1002.9,0.0,8.7,176
白城,2026-10-11T04:00,4.2,77,1002.6,0.0,8.5,180
白城,2026-10-11T05:00,4.1,78,1002.2,0.0,9.5,169
白城,2026-10-11T06:00,4.1,75,1002.3,0.0,9.9,170
白城,2026-10-11T07:00,5.4,67,1002.6,0.0,10.1,182
白城,2026-10-11T08:00,7.8,57,1003.1,0.0,7.4,184
延边,2026-10-10T09:00,15.9,70,1000.9,0.0,2.7,200
延边,2026-10-10T10:00,18.5,60,1000.3,0.0,2.8,215
延边,2026-10-10T11:00,20.3,54,999.5,0.0,3.0,245
延边,2026-10-10T12:00,21.3,50,998.6,0.0,3.6,233
延边,2026-10-10T13:00,21.8,50,998.0,0.0,4.3,213
延边,2026-10-10T14:00,22.1,47,997.6,0.0,4.5,182
延边,2026-10-10T15:00,21.7,49,997.2,0.0,4.5,175
延边,2026-10-10T16:00,20.2,67,997.6,0.0,2.7,132
延边,2026-10-10T17:00,18.2,69,997.7,0.0,2.0,63
延边,2026-10-10T18:00,17.2,72,998.4,0.0,2.0,360
延边,2026-10-10T19:00,16.0,77,999.0,0.0,0.4,360
延边,2026-10-10T20:00,14.3,83,999.1,0.0,3.5,348
延边,2026-10-10T21:00,13.5,86,999.7,0.0,2.9,11
延边,2026-10-10T22:00,13.0,87,1000.0,0.0,0.4,360
延边,2026-10-10T23:00,12.4,88,1000.0,0.0,1.1,342
延边,2026-10-11T00:00,11.7,90,1000.1,0.0,1.5,339
延边,2026-10-11T01:00,11.1,91,1000.7,0.0,1.0,315
延边,2026-10-11T02:00,10.2,94,1001.0,0.0,0.6,304
延边,2026-10-11T03:00,9.6,95,1001.1,0.0,1.8,315
延边,2026-10-11T04:00,9.0,96,1001.3,0.0,1.0,329
延边,2026-10-11T05:00,8.6,97,1001.4,0.0,0.8,333
延边,2026-10-11T06:00,8.6,97,1002.0,0.0,0.4,360
延边,2026-10-11T07:00,11.1,89,1002.9,0.0,0.9,217
延边,2026-10-11T08:00,13.9,79,1003.5,0.0,1.0,239
哈尔滨,2026-10-10T09:00,9.1,57,1009.1,0.0,5.8,5
哈尔滨,2026-10-10T10:00,11.2,47,1008.6,0.0,6.4,16
哈尔滨,2026-10-10T11:00,11.5,46,1008.3,0.0,5.0,19
哈尔滨,2026-10-10T12:00,13.0,40,1008.0,0.0,6.4,8
哈尔滨,2026-10-10T13:00,12.8,40,1007.6,0.0,6.3,7
哈尔滨,2026-10-10T14:00,12.8,39,1007.5,0.0,6.8,25
哈尔滨,2026-10-10T15:00,12.9,39,1007.4,0.0,5.5,23
哈尔滨,2026-10-10T16:00,12.4,40,1007.7,0.0,5.5,17
哈尔滨,2026-10-10T17:00,11.0,49,1007.4,0.0,1.4,40
哈尔滨,2026-10-10T18:00,10.0,52,1008.0,0.0,0.9,11
哈尔滨,2026-10-10T19:00,9.2,55,1008.2,0.0,1.4,360
哈尔滨,2026-10-10T20:00,7.8,62,1008.1,0.0,1.9,41
哈尔滨,2026-10-10T21:00,7.2,66,1008.2,0.0,1.5,97
哈尔滨,2026-10-10T22:00,6.8,70,1008.4,0.0,1.1,99
哈尔滨,2026-10-10T23:00,6.2,74,1008.3,0.0,1.5,36
哈尔滨,2026-10-11T00:00,5.6,79,1008.3,0.0,2.3,45
哈尔滨,2026-10-11T01:00,5.2,82,1008.7,0.0,2.5,69
哈尔滨,2026-10-11T02:00,4.7,82,1009.0,0.0,3.4,93
哈尔滨,2026-10-11T03:00,4.5,79,1008.9,0.0,3.6,99
哈尔滨,2026-10-11T04:00,4.2,79,1008.7,0.0,4.9,96
哈尔滨,2026-10-11T05:00,3.8,80,1008.6,0.0,5.8,104
哈尔滨,2026-10-11T06:00,3.7,81,1008.7,0.0,6.2,112
哈尔滨,2026-10-11T07:00,5.9,74,1009.1,0.0,7.7,118
哈尔滨,2026-10-11T08:00,8.4,67,1009.4,0.0,6.8,119
齐齐哈尔,2026-10-10T09:00,8.4,42,1006.7,0.0,3.4,72
齐齐哈尔,2026-10-10T10:00,10.4,35,1006.6,0.0,3.3,99
齐齐哈尔,2026-10-10T11:00,12.6,28,1005.9,0.0,5.5,109
齐齐哈尔,2026-10-10T12:00,13.6,28,1005.2,0.0,5.6,117
齐齐哈尔,2026-10-10T13:00,13.9,28,1004.3,0.0,4.4,117
齐齐哈尔,2026-10-10T14:00,14.8,27,1004.1,0.0,5.6,138
齐齐哈尔,2026-10-10T15:00,14.8,26,1003.7,0.0,6.8,151
齐齐哈尔,2026-10-10T16:00,14.4,28,1003.7,0.0,8.7,175
齐齐哈尔,2026-10-10T17:00,12.1,34,1003.3,0.0,7.0,192
齐齐哈尔,2026-10-10T18:00,10.8,40,1003.9,0.0,9.3,196
齐齐哈尔,2026-10-10T19:00,9.9,43,1004.0,0.0,8.0,185
齐齐哈尔,2026-10-10T20:00,9.5,44,1003.9,0.0,7.4,181
齐齐哈尔,2026-10-10T21:00,8.4,49,1004.2,0.0,7.2,181
齐齐哈尔,2026-10-10T22:00,7.5,54,1004.1,0.0,7.0,176
齐齐哈尔,2026-10-10T23:00,6.9,60,1003.9,0.0,7.6,177
齐齐哈尔,2026-10-11T00:00,6.7,64,1003.9,0.0,8.6,181
齐齐哈尔,2026-10-11T01:00,6.3,66,1004.1,0.0,8.7,188
齐齐哈尔,2026-10-11T02:00,5.4,69,1004.2,0.0,7.4,180
齐齐哈尔,2026-10-11T03:00,5.0,72,1003.5,0.0,9.0,158
齐齐哈尔,2026-10-11T04:00,5.0,74,1003.3,0.0,10.1,168
齐齐哈尔,2026-10-11T05:00,5.1,76,1002.9,0.0,11.7,155
齐齐哈尔,2026-10-11T06:00,5.1,76,1003.2,0.0,11.6,165
齐齐哈尔,2026-10-11T07:00,6.4,68,1003.5,0.0,13.9,161
齐齐哈尔,2026-10-11T08:00,8.7,58,1003.7,0.0,13.3,161
鸡西,2026-10-10T09:00,10.2,66,999.6,0.0,2.9,4
鸡西,2026-10-10T10:00,12.0,61,999.0,0.0,2.5,30
鸡西,2026-10-10T11:00,13.4,57,998.7,0.0,2.2,55
鸡西,2026-10-10T12:00,14.4,56,998.2,0.0,1.9,41
鸡西,2026-10-10T13:00,15.0,55,997.4,0.0,3.2,19
鸡西,2026-10-10T14:00,15.4,53,997.3,0.0,4.2,18
鸡西,2026-10-10T15:00,15.2,53,997.2,0.0,3.9,16
鸡西,2026-10-10T16:00,13.9,62,997.5,0.0,5.2,22
鸡西,2026-10-10T17:00,11.5,72,997.5,0.0,6.6,35
鸡西,2026-10-10T18:00,10.0,78,998.3,0.0,5.7,53
鸡西,2026-10-10T19:00,8.9,83,998.8,0.0,4.5,37
鸡西,2026-10-10T20:00,7.8,84,998.4,0.0,2.7,20
鸡西,2026-10-10T21:00,8.0,83,998.6,0.0,2.3,360
鸡西,2026-10-10T22:00,7.8,84,998.7,0.0,3.8,343
鸡西,2026-10-10T23:00,6.1,89,998.6,0.0,3.9,332
鸡西,2026-10-11T00:00,5.4,90,999.0,0.0,3.3,324
鸡西,2026-10-11T01:00,4.9,89,999.5,0.0,2.8,310
鸡西,2026-10-11T02:00,4.1,89,999.9,0.0,2.2,284
鸡西,2026-10-11T03:00,3.5,91,999.9,0.0,3.4,270
鸡西,2026-10-11T04:00,3.0,93,1000.0,0.0,4.5,272
鸡西,2026-10-11T05:00,2.5,94,1000.4,0.0,4.5,272
鸡西,2026-10-11T06:00,2.6,94,1000.8,0.0,5.4,270
鸡西,2026-10-11T07:00,5.2,85,1001.7,0.0,5.4,264
鸡西,2026-10-11T08:00,8.8,73,1002.3,0.0,3.6,261
鹤岗,2026-10-10T09:00,8.1,42,999.6,0.0,7.4,356
鹤岗,2026-10-10T10:00,10.1,34,999.4,0.0,6.3,20
鹤岗,2026-10-10T11:00,11.4,29,999.0,0.0,5.5,46
鹤岗,2026-10-10T12:00,12.0,27,998.6,0.0,4.4,63
鹤岗,2026-10-10T13:00,12.2,28,997.9,0.0,4.3,73
鹤岗,2026-10-10T14:00,12.4,28,997.6,0.0,3.9,112
鹤岗,2026-10-10T15:00,11.8,40,997.4,0.0,2.7,122
鹤岗,2026-10-10T16:00,10.7,49,997.6,0.0,3.6,162
鹤岗,2026-10-10T17:00,9.2,56,997.3,0.0,3.8,180
鹤岗,2026-10-10T18:00,8.4,56,997.6,0.0,3.8,221
鹤岗,2026-10-10T19:00,6.4,61,997.8,0.0,4.1,270
鹤岗,2026-10-10T20:00,5.7,60,997.4,0.0,3.3,292
鹤岗,2026-10-10T21:00,5.0,62,997.6,0.0,3.3,292
鹤岗,2026-10-10T22:00,3.3,72,997.5,0.0,4.4,297
鹤岗,2026-10-10T23:00,1.9,81,997.3,0.0,6.4,317
鹤岗,2026-10-11T00:00,1.3,78,997.5,0.0,7.1,330
鹤岗,2026-10-11T01:00,0.7,81,997.8,0.0,6.8,328
鹤岗,2026-10-11T02:00,-0.2,83,998.1,0.0,7.4,326
鹤岗,2026-10-11T03:00,-0.5,83,998.2,0.0,7.1,326
鹤岗,2026-10-11T04:00,-0.7,83,998.3,0.0,6.3,325
鹤岗,2026-10-11T05:00,-1.0,85,998.4,0.0,6.2,324
鹤岗,2026-10-11T06:00,-0.9,85,998.8,0.0,6.3,321
鹤岗,2026-10-11T07:00,1.5,80,999.7,0.0,5.2,316
鹤岗,2026-10-11T08:00,5.5,68,1000.4,0.0,2.8,305
双鸭山,2026-10-10T09:00,7.8,51,1001.9,0.0,4.3,338
双鸭山,2026-10-10T10:00,9.4,44,1001.7,0.0,4.7,351
双鸭山,2026-10-10T11:00,10.6,39,1001.4,0.0,5.1,4
双鸭山,2026-10-10T12:00,11.3,36,1000.8,0.0,5.5,13
双鸭山,2026-10-10T13:00,11.7,35,1000.4,0.0,5.6,15
双鸭山,2026-10-10T14:00,12.3,35,999.9,0.0,4.8,34
双鸭山,2026-10-10T15:00,11.9,36,999.7,0.0,5.5,32
双鸭山,2026-10-10T16:00,10.6,53,1000.1,0.0,3.2,3
双鸭山,2026-10-10T17:00,8.7,55,999.9,0.0,2.7,8
双鸭山,2026-10-10T18:00,9.3,53,1000.3,0.0,1.0,22
双鸭山,2026-10-10T19:00,9.0,51,1000.6,0.0,0.2,270
双鸭山,2026-10-10T20:00,8.2,54,1000.2,0.0,1.0,239
双鸭山,2026-10-10T21:00,6.9,56,1000.4,0.0,2.2,222
双鸭山,2026-10-10T22:00,6.1,63,1000.4,0.0,3.3,221
双鸭山,2026-10-10T23:00,4.6,70,1000.2,0.0,4.0,216
双鸭山,2026-10-11T00:00,3.5,75,1000.4,0.0,3.8,221
双鸭山,2026-10-11T01:00,2.9,77,1000.8,0.0,3.6,221
双鸭山,2026-10-11T02:00,1.6,81,1001.0,0.0,3.9,214
双鸭山,2026-10-11T03:00,1.1,83,1001.0,0.0,3.6,210
双鸭山,2026-10-11T04:00,0.9,82,1001.2,0.0,3.2,214
双鸭山,2026-10-11T05:00,0.7,81,1001.3,0.0,3.6,210
双鸭山,2026-10-11T06:00,0.9,80,1001.6,0.0,4.9,208
双鸭山,2026-10-11T07:00,4.5,73,1002.5,0.0,5.8,206
双鸭山,2026-10-11T08:00,9.2,57,1003.3,0.0,2.6,196
大庆,2026-10-10T09:00,7.9,53,1006.6,0.0,3.0,14
大庆,2026-10-10T10:00,9.8,45,1006.2,0.0,3.8,17
大庆,2026-10-10T11:00,11.5,39,1005.7,0.0,4.8,22
大庆,2026-10-10T12:00,12.9,32,1005.2,0.0,5.7,32
大庆,2026-10-10T13:00,13.6,32,1004.3,0.0,5.7,44
大庆,2026-10-10T14:00,14.3,32,1004.3,0.0,4.9,51
大庆,2026-10-10T15:00,14.0,33,1004.2,0.0,2.9,90
大庆,2026-10-10T16:00,13.7,33,1004.1,0.0,2.4,138
大庆,2026-10-10T17:00,11.7,40,1003.9,0.0,3.2,183
大庆,2026-10-10T18:00,10.7,43,1004.3,0.0,4.7,198
大庆,2026-10-10T19:00,10.0,47,1004.6,0.0,6.0,201
大庆,2026-10-10T20:00,9.0,52,1004.5,0.0,5.9,203
大庆,2026-10-10T21:00,8.0,56,1004.7,0.0,5.2,202
大庆,2026-10-10T22:00,7.6,59,1004.7,0.0,5.8,182
大庆,2026-10-10T23:00,7.0,61,1004.5,0.0,5.8,180
大庆,2026-10-11T00:00,6.5,63,1004.6,0.0,5.8,182
大庆,2026-10-11T01:00,6.0,64,1004.8,0.0,5.6,180
大庆,2026-10-11T02:00,5.4,65,1005.1,0.0,5.4,176
大庆,2026-10-11T03:00,5.0,67,1004.8,0.0,6.0,171
大庆,2026-10-11T04:00,5.0,67,1004.6,0.0,7.4,154
大庆,2026-10-11T05:00,5.1,66,1004.3,0.0,10.2,143
大庆,2026-10-11T06:00,5.1,63,1004.5,0.0,11.0,146
大庆,2026-10-11T07:00,6.0,57,1004.8,0.0,12.3,145
大庆,2026-10-11T08:00,8.0,51,1005.0,0.0,10.7,144
伊春,2026-10-10T09:00,5.1,51,996.4,0.0,1.7,302
伊春,2026-10-10T10:00,8.0,40,995.8,0.0,1.1,9
伊春,2026-10-10T11:00,10.0,33,995.3,0.0,2.9,47
伊春,2026-10-10T12:00,11.1,28,994.7,0.0,2.4,77
伊春,2026-10-10T13:00,11.5,26,993.9,0.0,3.2,63
伊春,2026-10-10T14:00,11.6,25,993.5,0.0,2.1,75
伊春,2026-10-10T15:00,11.1,34,993.3,0.0,0.9,90
伊春,2026-10-10T16:00,9.7,44,993.2,0.0,0.4,207
伊春,2026-10-10T17:00,6.6,48,992.9,0.0,0.9,191
伊春,2026-10-10T18:00,5.4,52,993.3,0.0,0.4,180
伊春,2026-10-10T19:00,4.0,56,993.5,0.0,0.4,207
伊春,2026-10-10T20:00,2.2,61,993.1,0.0,1.5,216
伊春,2026-10-10T21:00,0.6,76,993.6,0.0,2.9,210
伊春,2026-10-10T22:00,-0.7,87,993.8,0.0,2.3,212
伊春,2026-10-10T23:00,-1.2,90,993.9,0.0,1.9,209
伊春,2026-10-11T00:00,-1.4,90,994.3,0.0,2.1,200
伊春,2026-10-11T01:00,-1.3,88,994.8,0.0,0.9,180
伊春,2026-10-11T02:00,-1.8,88,995.2,0.0,1.1,270
伊春,2026-10-11T03:00,-1.9,87,995.4,0.0,1.2,219
伊春,2026-10-11T04:00,-1.9,87,995.3,0.0,1.1,180
伊春,2026-10-11T05:00,-2.1,87,995.2,0.0,1.0,149
伊春,2026-10-11T06:00,-1.9,86,995.7,0.0,0.5,90
伊春,2026-10-11T07:00,0.4,79,996.6,0.0,3.1,93
伊春,2026-10-11T08:00,3.6,65,996.9,0.0,2.8,101
佳木斯,2026-10-10T09:00,7.0,53,1014.5,0.0,3.5,12
佳木斯,2026-10-10T10:00,9.0,45,1014.0,0.0,4.2,20
佳木斯,2026-10-10T11:00,10.5,40,1013.5,0.0,4.4,19
佳木斯,2026-10-10T12:00,11.4,35,1013.1,0.0,4.7,18
佳木斯,2026-10-10T13:00,12.0,32,1012.3,0.0,5.9,35
佳木斯,2026-10-10T14:00,12.7,30,1011.9,0.0,6.5,42
佳木斯,2026-10-10T15:00,12.0,36,1011.9,0.0,3.9,24
佳木斯,2026-10-10T16:00,10.9,51,1012.2,0.0,2.9,22
佳木斯,2026-10-10T17:00,10.1,48,1012.0,0.0,1.9,41
佳木斯,2026-10-10T18:00,9.6,50,1012.4,0.0,1.2,27
佳木斯,2026-10-10T19:00,8.4,52,1012.6,0.0,1.1,99
佳木斯,2026-10-10T20:00,7.3,51,1012.3,0.0,1.0,158
佳木斯,2026-10-10T21:00,6.3,55,1012.7,0.0,1.4,220
佳木斯,2026-10-10T22:00,5.2,64,1012.7,0.0,2.9,248
佳木斯,2026-10-10T23:00,4.6,67,1012.6,0.0,3.3,234
佳木斯,2026-10-11T00:00,4.4,65,1012.8,0.0,3.1,220
佳木斯,2026-10-11T01:00,4.2,63,1013.2,0.0,4.2,220
佳木斯,2026-10-11T02:00,3.4,63,1013.5,0.0,5.3,213
佳木斯,2026-10-11T03:00,2.8,68,1013.6,0.0,6.0,229
佳木斯,2026-10-11T04:00,2.6,71,1013.8,0.0,6.2,232
佳木斯,2026-10-11T05:00,2.2,72,1013.9,0.0,5.9,230
佳木斯,2026-10-11T06:00,2.4,74,1014.3,0.0,6.0,233
佳木斯,2026-10-11T07:00,4.7,69,1015.1,0.0,7.2,231
佳木斯,2026-10-11T08:00,7.3,63,1015.6,0.0,4.3,246
七台河,2026-10-10T09:00,8.7,70,998.7,0.0,3.1,329
七台河,2026-10-10T10:00,10.2,64,998.3,0.0,4.0,352
七台河,2026-10-10T11:00,11.4,60,997.9,0.0,4.7,360
七台河,2026-10-10T12:00,12.3,57,997.5,0.0,4.2,353
七台河,2026-10-10T13:00,12.9,55,996.8,0.0,4.6,351
七台河,2026-10-10T14:00,13.3,54,996.6,0.0,4.1,358
七台河,2026-10-10T15:00,13.2,54,996.4,0.0,2.4,333
七台河,2026-10-10T16:00,12.0,70,996.7,0.0,2.5,315
七台河,2026-10-10T17:00,9.7,74,996.6,0.0,3.9,317
七台河,2026-10-10T18:00,8.8,80,997.1,0.0,3.6,297
七台河,2026-10-10T19:00,8.4,81,997.4,0.0,3.8,259
七台河,2026-10-10T20:00,7.8,80,997.2,0.0,4.2,258
七台河,2026-10-10T21:00,7.9,77,997.7,0.0,3.6,252
七台河,2026-10-10T22:00,6.3,81,997.8,0.0,4.1,255
七台河,2026-10-10T23:00,5.3,82,997.6,0.0,4.7,254
七台河,2026-10-11T00:00,4.7,81,997.9,0.0,4.1,236
七台河,2026-10-11T01:00,4.4,79,998.2,0.0,4.3,222
七台河,2026-10-11T02:00,4.2,73,998.7,0.0,3.8,239
七台河,2026-10-11T03:00,4.1,69,998.6,0.0,4.0,238
七台河,2026-10-11T04:00,3.8,69,998.8,0.0,4.3,242
七台河,2026-10-11T05:00,3.5,69,999.0,0.0,4.0,234
七台河,2026-10-11T06:00,3.9,68,999.5,0.0,3.6,221
七台河,2026-10-11T07:00,6.8,62,1000.4,0.0,4.4,218
七台河,2026-10-11T08:00,9.3,49,1001.0,0.0,2.0,265
牡丹江,2026-10-10T09:00,11.5,83,994.1,0.0,7.2,14
牡丹江,2026-10-10T10:00,13.2,73,993.7,0.0,7.7,9
牡丹江,2026-10-10T11:00,14.6,65,993.4,0.0,7.3,7
牡丹江,2026-10-10T12:00,15.7,61,992.5,0.0,7.0,10
牡丹江,2026-10-10T13:00,16.4,59,991.9,0.0,4.9,6
牡丹江,2026-10-10T14:00,17.1,59,991.6,0.0,3.4,335
牡丹江,2026-10-10T15:00,17.0,60,991.5,0.0,1.7,18
牡丹江,2026-10-10T16:00,15.8,72,991.9,0.0,2.1,31
牡丹江,2026-10-10T17:00,13.7,75,991.7,0.0,3.5,51
牡丹江,2026-10-10T18:00,13.0,77,992.4,0.0,5.4,40
牡丹江,2026-10-10T19:00,12.6,80,993.3,0.1,4.8,27
牡丹江,2026-10-10T20:00,11.6,81,993.5,0.1,5.2,20
牡丹江,2026-10-10T21:00,11.1,84,993.4,0.0,2.7,90
牡丹江,2026-10-10T22:00,10.0,88,993.8,0.0,4.5,355
牡丹江,2026-10-10T23:00,8.7,87,993.7,0.0,5.2,20
牡丹江,2026-10-11T00:00,7.8,89,994.0,0.0,4.5,56
牡丹江,2026-10-11T01:00,7.4,92,994.5,0.0,3.2,90
牡丹江,2026-10-11T02:00,6.8,95,994.9,0.0,1.8,96
牡丹江,2026-10-11T03:00,6.1,97,994.9,0.0,3.0,38
牡丹江,2026-10-11T04:00,5.4,97,995.2,0.0,4.7,32
牡丹江,2026-10-11T05:00,5.1,95,995.4,0.0,3.9,53
牡丹江,2026-10-11T06:00,5.2,95,995.8,0.0,3.1,50
牡丹江,2026-10-11T07:00,7.1,88,996.7,0.0,4.4,27
牡丹江,2026-10-11T08:00,9.2,80,997.4,0.0,4.2,353
黑河,2026-10-10T09:00,0.6,96,1011.9,0.0,0.8,333
黑河,2026-10-10T10:00,2.3,86,1011.6,0.0,0.5,90
黑河,2026-10-10T11:00,4.6,79,1010.9,0.0,1.1,99
黑河,2026-10-10T12:00,6.5,70,1010.2,0.0,2.3,135
黑河,2026-10-10T13:00,7.5,63,1009.6,0.0,4.5,140
黑河,2026-10-10T14:00,9.2,49,1008.5,0.0,6.4,153
黑河,2026-10-10T15:00,8.8,50,1008.2,0.0,7.7,149
黑河,2026-10-10T16:00,7.8,58,1007.9,0.0,6.4,144
黑河,2026-10-10T17:00,5.6,69,1007.7,0.0,5.2,139
黑河,2026-10-10T18:00,4.9,73,1007.8,0.0,5.4,150
黑河,2026-10-10T19:00,4.1,78,1007.9,0.0,5.4,176
黑河,2026-10-10T20:00,3.5,77,1007.6,0.0,5.4,182
黑河,2026-10-10T21:00,3.1,79,1008.0,0.0,5.3,215
黑河,2026-10-10T22:00,2.8,80,1008.0,0.0,4.5,223
黑河,2026-10-10T23:00,2.2,81,1007.7,0.0,2.0,225
黑河,2026-10-11T00:00,1.8,81,1007.9,0.0,1.6,264
黑河,2026-10-11T01:00,2.0,81,1008.2,0.0,1.1,279
黑河,2026-10-11T02:00,1.5,82,1008.3,0.0,0.2,180
黑河,2026-10-11T03:00,0.8,83,1008.0,0.0,1.3,196
黑河,2026-10-11T04:00,0.5,84,1007.7,0.0,1.4,220
黑河,2026-10-11T05:00,0.1,86,1007.7,0.0,1.9,202
黑河,2026-10-11T06:00,-0.3,90,1008.0,0.0,4.0,185
黑河,2026-10-11T07:00,1.2,87,1008.4,0.0,6.7,171
黑河,2026-10-11T08:00,3.4,76,1008.5,0.0,5.0,159
绥化,2026-10-10T09:00,8.1,45,1001.8,0.0,4.8,15
绥化,2026-10-10T10:00,10.6,36,1001.6,0.0,3.8,8
绥化,2026-10-10T11:00,11.7,33,1001.1,0.0,4.1,2
绥化,2026-10-10T12:00,12.8,32,1000.7,0.0,5.5,349
绥化,2026-10-10T13:00,13.3,31,1000.2,0.0,5.6,339
绥化,2026-10-10T14:00,13.1,32,1000.1,0.0,4.4,341
绥化,2026-10-10T15:00,13.4,31,1000.0,0.0,4.8,331
绥化,2026-10-10T16:00,12.8,33,1000.2,0.0,5.5,324
绥化,2026-10-10T17:00,11.4,37,1000.0,0.0,4.1,326
绥化,2026-10-10T18:00,9.5,44,1000.4,0.0,4.2,320
绥化,2026-10-10T19:00,8.5,48,1000.6,0.0,3.3,299
绥化,2026-10-10T20:00,7.5,49,1000.4,0.0,2.8,288
绥化,2026-10-10T21:00,6.4,54,1000.6,0.0,2.2,275
绥化,2026-10-10T22:00,5.7,57,1000.9,0.0,1.5,291
绥化,2026-10-10T23:00,5.1,60,1000.8,0.0,0.7,14
绥化,2026-10-11T00:00,4.4,62,1000.8,0.0,1.2,63
绥化,2026-10-11T01:00,3.8,65,1001.2,0.0,1.6,84
绥化,2026-10-11T02:00,2.9,66,1001.4,0.0,1.8,66
绥化,2026-10-11T03:00,2.2,69,1001.3,0.0,3.4,74
绥化,2026-10-11T04:00,2.1,70,1001.1,0.0,4.9,100
绥化,2026-10-11T05:00,2.0,69,1001.0,0.0,8.0,115
绥化,2026-10-11T06:00,2.3,66,1001.2,0.0,9.2,123
绥化,2026-10-11T07:00,4.5,56,1001.7,0.0,9.9,135
绥化,2026-10-11T08:00,8.1,46,1002.2,0.0,8.1,141
大兴安岭,2026-10-10T09:00,-0.6,98,981.3,0.0,4.3,228
大兴安岭,2026-10-10T10:00,0.9,90,981.0,0.0,4.4,215
大兴安岭,2026-10-10T11:00,2.6,80,980.4,0.0,3.8,205
大兴安岭,2026-10-10T12:00,4.7,69,979.7,0.0,3.9,208
大兴安岭,2026-10-10T13:00,6.0,62,978.9,0.0,3.3,186
大兴安岭,2026-10-10T14:00,6.6,59,978.0,0.0,7.3,107
大兴安岭,2026-10-10T15:00,6.2,60,977.4,0.0,8.4,56
大兴安岭,2026-10-10T16:00,4.5,68,976.8,0.0,6.1,32
大兴安岭,2026-10-10T17:00,2.7,78,976.4,0.0,7.4,49
大兴安岭,2026-10-10T18:00,1.2,83,976.3,0.0,4.7,83
大兴安岭,2026-10-10T19:00,0.8,84,976.5,0.0,1.2,129
大兴安岭,2026-10-10T20:00,-0.4,86,976.4,0.0,1.4,220
大兴安岭,2026-10-10T21:00,-1.5,89,976.6,0.0,2.8,230
大兴安岭,2026-10-10T22:00,-2.5,91,976.4,0.0,4.2,198
大兴安岭,2026-10-10T23:00,-2.9,91,976.4,0.0,4.8,209
大兴安岭,2026-10-11T00:00,-3.1,92,976.5,0.0,4.6,211
大兴安岭,2026-10-11T01:00,-3.2,92,976.7,0.0,4.4,212
大兴安岭,2026-10-11T02:00,-3.6,93,976.6,0.0,4.6,216
大兴安岭,2026-10-11T03:00,-3.3,92,976.4,0.0,4.6,216
大兴安岭,2026-10-11T04:00,-3.3,92,976.2,0.0,4.2,223
大兴安岭,2026-10-11T05:00,-3.4,92,975.9,0.0,4.1,214
大兴安岭,2026-10-11T06:00,-3.4,92,976.0,0.0,3.7,219
大兴安岭,2026-10-11T07:00,-2.0,89,976.3,0.0,4.6,211
大兴安岭,2026-10-11T08:00,0.9,75,976.6,0.0,2.7,176
上海,2026-10-10T09:00,23.8,75,1018.8,0.1,3.6,27
上海,2026-10-10T10:00,25.2,67,1018.8,0.1,3.7,29
上海,2026-10-10T11:00,25.2,66,1018.5,0.4,3.7,43
上海,2026-10-10T12:00,25.3,66,1018.0,0.6,3.5,39
上海,2026-10-10T13:00,25.3,67,1017.4,0.6,3.6,53
上海,2026-10-10T14:00,25.8,64,1016.9,0.5,5.7,72
上海,2026-10-10T15:00,25.2,65,1016.9,0.2,4.9,73
上海,2026-10-10T16:00,23.7,73,1017.2,0.7,7.6,87
上海,2026-10-10T17:00,22.6,79,1017.5,0.7,6.7,90
上海,2026-10-10T18:00,22.2,81,1017.6,0.6,2.7,86
上海,2026-10-10T19:00,22.1,81,1018.4,0.1,4.5,56
上海,2026-10-10T20:00,22.2,80,1018.5,0.2,6.7,74
上海,2026-10-10T21:00,22.0,79,1018.7,0.0,5.5,49
上海,2026-10-10T22:00,21.8,80,1019.0,0.0,4.8,27
上海,2026-10-10T23:00,21.3,82,1018.7,0.0,4.4,35
上海,2026-10-11T00:00,20.7,83,1018.5,0.0,3.1,31
上海,2026-10-11T01:00,20.1,86,1018.5,0.0,4.0,8
上海,2026-10-11T02:00,20.0,89,1018.5,0.0,3.3,22
上海,2026-10-11T03:00,19.6,90,1018.3,0.0,5.6,356
上海,2026-10-11T04:00,19.5,91,1018.5,0.0,6.4,338
上海,2026-10-11T05:00,19.3,90,1018.5,0.0,6.3,7
上海,2026-10-11T06:00,18.9,91,1018.7,0.0,5.8,355
上海,2026-10-11T07:00,19.8,88,1019.3,0.0,5.4,356
上海,2026-10-11T08:00,21.5,76,1019.9,0.0,7.4,18
南京,2026-10-10T09:00,21.1,87,1019.1,0.0,1.4,140
南京,2026-10-10T10:00,22.8,75,1019.1,0.0,0.7,194
南京,2026-10-10T11:00,24.1,64,1018.7,0.0,0.9,307
南京,2026-10-10T12:00,24.9,57,1018.0,0.0,1.7,342
南京,2026-10-10T13:00,25.2,54,1017.2,0.0,2.7,337
南京,2026-10-10T14:00,25.5,52,1016.7,0.0,2.2,336
南京,2026-10-10T15:00,25.2,53,1016.4,0.0,3.1,332
南京,2026-10-10T16:00,24.7,55,1016.5,0.0,4.5,344
南京,2026-10-10T17:00,23.4,66,1016.4,0.0,4.9,2
南京,2026-10-10T18:00,21.7,73,1016.6,0.0,3.2,27
南京,2026-10-10T19:00,20.9,75,1017.2,0.0,3.3,61
南京,2026-10-10T20:00,21.0,78,1017.6,0.0,5.5,49
南京,2026-10-10T21:00,20.1,82,1018.0,0.0,5.6,63
南京,2026-10-10T22:00,19.5,86,1018.4,0.0,5.2,61
南京,2026-10-10T23:00,19.2,88,1018.4,0.0,4.9,57
南京,2026-10-11T00:00,18.9,89,1018.2,0.0,6.3,90
南京,2026-10-11T01:00,18.3,92,1018.2,0.0,4.9,84
南京,2026-10-11T02:00,18.1,94,1018.2,0.0,5.2,86
南京,2026-10-11T03:00,17.5,96,1017.9,0.0,4.7,94
南京,2026-10-11T04:00,17.2,96,1017.9,0.0,4.0,100
南京,2026-10-11T05:00,17.0,97,1018.1,0.0,2.7,58
南京,2026-10-11T06:00,16.8,99,1018.5,0.0,3.5,21
南京,2026-10-11T07:00,17.7,99,1019.3,0.0,4.6,36
南京,2026-10-11T08:00,19.0,94,1020.0,0.0,2.8,40
无锡,2026-10-10T09:00,20.7,92,1019.6,0.0,4.0,39
无锡,2026-10-10T10:00,21.8,86,1019.6,0.0,2.3,360
无锡,2026-10-10T11:00,22.9,78,1019.1,0.0,2.1,285
无锡,2026-10-10T12:00,23.5,76,1018.5,0.0,3.8,259
无锡,2026-10-10T13:00,24.0,75,1017.8,0.0,6.2,262
无锡,2026-10-10T14:00,25.0,66,1017.2,0.0,5.5,261
无锡,2026-10-10T15:00,24.6,71,1016.9,0.0,7.8,251
无锡,2026-10-10T16:00,24.3,74,1016.9,0.0,8.9,249
无锡,2026-10-10T17:00,23.8,79,1016.9,0.0,6.7,246
无锡,2026-10-10T18:00,23.0,81,1017.1,0.1,2.1,340
无锡,2026-10-10T19:00,21.9,82,1018.0,0.1,11.9,60
无锡,2026-10-10T20:00,21.0,90,1018.6,0.1,11.3,59
无锡,2026-10-10T21:00,20.3,92,1018.9,0.2,11.8,57
无锡,2026-10-10T22:00,19.8,94,1019.2,0.1,11.6,72
无锡,2026-10-10T23:00,19.6,95,1019.0,0.0,8.5,78
无锡,2026-10-11T00:00,19.5,95,1018.9,0.0,7.4,86
无锡,2026-10-11T01:00,19.3,96,1018.8,0.0,5.9,92
无锡,2026-10-11T02:00,19.4,95,1018.9,0.0,5.3,98
无锡,2026-10-11T03:00,18.7,98,1018.6,0.0,4.3,57
无锡,2026-10-11T04:00,18.4,98,1018.5,0.0,4.4,52
无锡,2026-10-11T05:00,18.1,98,1018.6,0.0,4.5,43
无锡,2026-10-11T06:00,18.0,98,1018.9,0.0,5.0,49
无锡,2026-10-11T07:00,18.7,96,1019.6,0.0,6.3,55
无锡,2026-10-11T08:00,19.9,92,1020.4,0.0,4.7,50
徐州,2026-10-10T09:00,20.0,72,1016.5,0.0,2.2,114
徐州,2026-10-10T10:00,22.3,62,1016.3,0.0,2.5,120
徐州,2026-10-10T11:00,24.0,53,1016.1,0.0,2.1,128
徐州,2026-10-10T12:00,24.8,48,1015.5,0.0,0.9,101
徐州,2026-10-10T13:00,25.3,46,1014.5,0.0,0.9,101
徐州,2026-10-10T14:00,25.6,43,1013.9,0.0,2.2,81
徐州,2026-10-10T15:00,25.8,43,1013.6,0.0,2.3,72
徐州,2026-10-10T16:00,25.4,43,1013.6,0.0,4.0,60
徐州,2026-10-10T17:00,24.2,51,1013.7,0.0,3.5,75
徐州,2026-10-10T18:00,22.3,64,1014.0,0.0,3.2,71
徐州,2026-10-10T19:00,21.3,70,1014.7,0.0,3.1,77
徐州,2026-10-10T20:00,21.0,71,1015.0,0.0,5.0,103
徐州,2026-10-10T21:00,19.9,75,1015.4,0.0,4.1,131
徐州,2026-10-10T22:00,19.1,77,1015.7,0.0,4.2,155
徐州,2026-10-10T23:00,18.4,78,1015.7,0.0,3.9,137
徐州,2026-10-11T00:00,17.7,80,1015.4,0.0,3.6,139
徐州,2026-10-11T01:00,17.3,81,1015.5,0.0,4.0,153
徐州,2026-10-11T02:00,17.4,80,1015.8,0.0,3.9,156
徐州,2026-10-11T03:00,16.6,82,1015.2,0.0,4.0,153
徐州,2026-10-11T04:00,16.4,82,1015.1,0.0,4.0,162
徐州,2026-10-11T05:00,15.9,83,1015.4,0.0,3.8,163
徐州,2026-10-11T06:00,15.6,85,1015.8,0.0,2.2,125
徐州,2026-10-11T07:00,15.9,85,1016.6,0.0,3.1,80
徐州,2026-10-11T08:00,18.2,78,1017.4,0.0,2.3,119
常州,2026-10-10T09:00,21.8,86,1019.3,0.0,1.6,96
常州,2026-10-10T10:00,23.5,74,1019.2,0.0,0.5,360
常州,2026-10-10T11:00,24.7,66,1018.7,0.0,1.5,353
常州,2026-10-10T12:00,25.4,61,1018.1,0.0,1.5,14
常州,2026-10-10T13:00,25.9,57,1017.4,0.0,1.5,21
常州,2026-10-10T14:00,26.0,57,1016.9,0.0,1.4,337
常州,2026-10-10T15:00,26.0,55,1016.5,0.0,2.0,315
常州,2026-10-10T16:00,25.6,56,1016.6,0.0,2.7,312
常州,2026-10-10T17:00,24.7,65,1016.7,0.0,3.4,344
常州,2026-10-10T18:00,23.0,72,1016.8,0.0,8.3,24
常州,2026-10-10T19:00,21.6,78,1017.7,0.0,11.0,56
常州,2026-10-10T20:00,21.3,84,1018.2,0.0,8.6,74
常州,2026-10-10T21:00,20.5,88,1018.5,0.0,9.0,88
常州,2026-10-10T22:00,20.0,89,1018.8,0.0,7.9,101
常州,2026-10-10T23:00,19.6,90,1018.6,0.0,7.5,110
常州,2026-10-11T00:00,19.1,92,1018.5,0.0,5.6,92
常州,2026-10-11T01:00,18.7,93,1018.5,0.0,3.6,70
常州,2026-10-11T02:00,18.8,93,1018.7,0.0,3.8,59
常州,2026-10-11T03:00,18.2,94,1018.2,0.0,4.5,83
常州,2026-10-11T04:00,17.7,95,1018.2,0.0,3.5,78
常州,2026-10-11T05:00,17.5,97,1018.2,0.0,4.0,82
常州,2026-10-11T06:00,17.1,97,1018.5,0.0,2.9,43
常州,2026-10-11T07:00,18.3,96,1019.3,0.0,3.6,33
常州,2026-10-11T08:00,20.3,87,1020.1,0.0,2.5,45
苏州,2026-10-10T09:00,21.1,90,1019.5,0.0,3.5,28
苏州,2026-10-10T10:00,23.5,75,1019.5,0.1,3.3,29
苏州,2026-10-10T11:00,24.5,67,1018.9,0.0,3.2,63
苏州,2026-10-10T12:00,25.4,62,1018.3,0.0,3.5,69
苏州,2026-10-10T13:00,25.8,58,1017.5,0.0,3.9,53
苏州,2026-10-10T14:00,26.3,56,1017.0,0.0,3.6,60
苏州,2026-10-10T15:00,26.2,54,1016.7,0.0,2.2,35
苏州,2026-10-10T16:00,25.9,55,1016.7,0.0,1.9,319
苏州,2026-10-10T17:00,24.8,63,1016.9,0.0,1.9,241
苏州,2026-10-10T18:00,22.8,76,1017.2,0.0,2.2,48
苏州,2026-10-10T19:00,21.9,83,1018.0,0.0,8.1,61
苏州,2026-10-10T20:00,21.4,88,1018.5,0.0,11.4,72
苏州,2026-10-10T21:00,20.5,92,1018.8,0.0,9.3,71
苏州,2026-10-10T22:00,19.9,94,1019.2,0.0,7.0,61
苏州,2026-10-10T23:00,19.5,96,1019.0,0.1,5.5,36
苏州,2026-10-11T00:00,18.9,98,1019.1,0.7,4.5,34
苏州,2026-10-11T01:00,18.9,97,1018.9,0.2,5.0,116
苏州,2026-10-11T02:00,18.7,98,1018.9,0.0,4.4,109
苏州,2026-10-11T03:00,18.2,98,1018.6,0.0,2.6,25
苏州,2026-10-11T04:00,18.1,99,1018.5,0.0,3.6,30
苏州,2026-10-11T05:00,17.9,99,1018.6,0.0,5.5,46
苏州,2026-10-11T06:00,17.8,100,1018.9,0.0,4.9,39
苏州,2026-10-11T07:00,18.5,98,1019.6,0.0,5.5,41
苏州,2026-10-11T08:00,20.4,90,1020.3,0.0,3.2,43
南通,2026-10-10T09:00,21.4,87,1019.6,0.1,6.6,45
南通,2026-10-10T10:00,22.3,81,1019.6,0.1,5.1,45
南通,2026-10-10T11:00,23.1,76,1019.1,0.0,4.4,38
南通,2026-10-10T12:00,23.5,74,1018.5,0.1,3.6,18
南通,2026-10-10T13:00,23.8,71,1017.9,0.1,4.2,10
南通,2026-10-10T14:00,24.1,69,1017.5,0.0,8.1,45
南通,2026-10-10T15:00,23.7,70,1017.3,0.0,9.4,55
南通,2026-10-10T16:00,23.1,72,1017.5,0.0,11.2,64
南通,2026-10-10T17:00,22.2,76,1017.7,0.0,11.2,68
南通,2026-10-10T18:00,21.3,77,1018.0,0.0,11.3,73
南通,2026-10-10T19:00,21.0,77,1018.7,0.0,10.8,69
南通,2026-10-10T20:00,20.9,80,1019.0,0.0,10.1,66
南通,2026-10-10T21:00,20.7,81,1019.2,0.0,7.6,75
南通,2026-10-10T22:00,20.6,82,1019.3,0.0,7.1,83
南通,2026-10-10T23:00,19.8,85,1019.2,0.0,5.0,60
南通,2026-10-11T00:00,19.1,88,1019.2,0.0,6.7,34
南通,2026-10-11T01:00,18.7,89,1019.1,0.0,5.9,43
南通,2026-10-11T02:00,18.6,90,1019.0,0.0,6.0,29
南通,2026-10-11T03:00,18.2,90,1018.8,0.0,5.0,30
南通,2026-10-11T04:00,18.0,90,1018.7,0.0,6.8,50
南通,2026-10-11T05:00,17.7,91,1018.8,0.0,7.0,46
南通,2026-10-11T06:00,17.5,91,1019.0,0.0,7.4,47
南通,2026-10-11T07:00,18.1,90,1019.8,0.0,7.7,36
南通,2026-10-11T08:00,19.8,86,1020.5,0.0,6.5,30
连云港,2026-10-10T09:00,20.9,72,1020.9,0.0,3.9,227
连云港,2026-10-10T10:00,22.5,64,1020.7,0.0,4.8,239
连云港,2026-10-10T11:00,23.8,55,1020.3,0.0,3.8,245
连云港,2026-10-10T12:00,24.6,50,1019.6,0.0,3.8,259
连云港,2026-10-10T13:00,25.0,47,1018.8,0.0,5.3,278
连云港,2026-10-10T14:00,25.3,43,1018.5,0.0,3.9,292
连云港,2026-10-10T15:00,25.0,43,1018.2,0.0,3.3,13
连云港,2026-10-10T16:00,24.0,47,1018.2,0.0,7.7,79
连云港,2026-10-10T17:00,22.1,58,1018.4,0.0,9.0,103
连云港,2026-10-10T18:00,20.0,69,1018.7,0.0,7.0,122
连云港,2026-10-10T19:00,18.8,76,1019.2,0.0,7.5,145
连云港,2026-10-10T20:00,18.5,80,1019.5,0.0,8.0,134
连云港,2026-10-10T21:00,17.8,82,1019.9,0.0,8.2,123
连云港,2026-10-10T22:00,17.3,84,1020.3,0.0,7.9,123
连云港,2026-10-10T23:00,16.8,86,1020.2,0.0,5.8,120
连云港,2026-10-11T00:00,16.4,88,1020.2,0.0,3.1,149
连云港,2026-10-11T01:00,16.1,89,1020.2,0.0,3.6,150
连云港,2026-10-11T02:00,15.9,92,1020.3,0.0,3.4,162
连云港,2026-10-11T03:00,15.6,92,1019.9,0.0,2.9,180
连云港,2026-10-11T04:00,15.2,93,1019.8,0.0,2.0,185
连云港,2026-10-11T05:00,14.7,97,1020.1,0.0,0.9,169
连云港,2026-10-11T06:00,14.2,100,1020.4,0.0,0.6,304
连云港,2026-10-11T07:00,14.7,99,1021.1,0.0,2.0,350
连云港,2026-10-11T08:00,17.5,90,1021.8,0.0,1.8,360
淮安,2026-10-10T09:00,21.2,81,1019.7,0.0,4.2,175
淮安,2026-10-10T10:00,22.9,71,1019.6,0.0,4.1,209
淮安,2026-10-10T11:00,23.6,62,1019.2,0.1,2.4,222
淮安,2026-10-10T12:00,24.2,57,1018.6,0.1,1.9,248
淮安,2026-10-10T13:00,24.5,55,1017.9,0.0,2.9,259
淮安,2026-10-10T14:00,24.5,52,1017.4,0.0,1.1,252
淮安,2026-10-10T15:00,24.7,51,1017.0,0.0,0.7,284
淮安,2026-10-10T16:00,24.5,48,1017.0,0.0,0.9,233
淮安,2026-10-10T17:00,23.2,64,1017.0,0.0,2.7,247
淮安,2026-10-10T18:00,20.9,71,1017.4,0.0,4.0,273
淮安,2026-10-10T19:00,20.6,74,1018.0,0.0,2.1,329
淮安,2026-10-10T20:00,20.7,74,1018.4,0.0,2.9,356
淮安,2026-10-10T21:00,19.9,80,1018.8,0.0,4.6,36
淮安,2026-10-10T22:00,20.0,76,1019.4,0.0,11.3,72
淮安,2026-10-10T23:00,18.4,87,1019.3,0.0,8.6,116
淮安,2026-10-11T00:00,17.6,93,1018.9,0.0,7.7,144
淮安,2026-10-11T01:00,17.2,94,1018.9,0.0,7.1,150
淮安,2026-10-11T02:00,17.1,94,1019.0,0.0,7.2,153
淮安,2026-10-11T03:00,16.2,97,1018.7,0.0,5.4,159
淮安,2026-10-11T04:00,16.1,98,1018.6,0.0,2.6,168
淮安,2026-10-11T05:00,15.9,100,1018.7,0.0,0.7,76
淮安,2026-10-11T06:00,15.6,100,1019.2,0.0,1.0,22
淮安,2026-10-11T07:00,16.6,99,1020.0,0.0,4.1,13
淮安,2026-10-11T08:00,18.7,90,1020.7,0.0,2.6,16
盐城,2026-10-10T09:00,22.0,78,1020.7,0.0,1.4,50
盐城,2026-10-10T10:00,23.5,67,1020.6,0.0,0.0,270
盐城,2026-10-10T11:00,24.4,58,1020.1,0.0,0.6,326
盐城,2026-10-10T12:00,25.0,53,1019.4,0.0,1.3,16
盐城,2026-10-10T13:00,25.3,52,1018.7,0.0,0.9,37
盐城,2026-10-10T14:00,25.4,48,1018.2,0.0,0.7,346
盐城,2026-10-10T15:00,25.5,47,1018.0,0.0,2.9,43
盐城,2026-10-10T16:00,23.2,64,1018.3,0.1,12.7,65
盐城,2026-10-10T17:00,21.4,76,1018.5,0.1,11.4,85
盐城,2026-10-10T18:00,20.5,81,1018.7,0.0,8.6,92
盐城,2026-10-10T19:00,20.0,81,1019.5,0.0,10.0,104
盐城,2026-10-10T20:00,19.5,83,1019.9,0.0,9.6,99
盐城,2026-10-10T21:00,18.8,86,1020.2,0.0,8.2,112
盐城,2026-10-10T22:00,18.3,89,1020.3,0.0,7.4,135
盐城,2026-10-10T23:00,17.7,91,1020.2,0.0,5.7,167
盐城,2026-10-11T00:00,17.4,92,1019.9,0.0,7.6,176
盐城,2026-10-11T01:00,17.0,93,1019.9,0.0,5.8,182
盐城,2026-10-11T02:00,16.7,94,1020.2,0.0,1.0,149
盐城,2026-10-11T03:00,16.3,96,1019.8,0.0,1.0,112
盐城,2026-10-11T04:00,15.7,98,1019.7,0.0,1.5,30
盐城,2026-10-11T05:00,15.5,98,1019.8,0.0,2.7,8
盐城,2026-10-11T06:00,15.3,99,1020.0,0.0,3.6,354
盐城,2026-10-11T07:00,16.4,97,1020.9,0.0,5.9,342
盐城,2026-10-11T08:00,19.0,87,1021.5,0.0,4.0,352
扬州,2026-10-10T09:00,21.9,83,1019.3,0.0,4.2,133
扬州,2026-10-10T10:00,23.2,75,1019.3,0.0,3.0,142
扬州,2026-10-10T11:00,24.2,66,1018.8,0.0,2.2,185
扬州,2026-10-10T12:00,25.0,59,1018.1,0.0,2.2,261
扬州,2026-10-10T13:00,25.3,57,1017.5,0.0,2.5,291
扬州,2026-10-10T14:00,25.4,54,1016.9,0.1,2.3,337
扬州,2026-10-10T15:00,25.2,55,1016.6,0.0,3.4,357
扬州,2026-10-10T16:00,24.7,57,1016.7,0.0,4.5,7
扬州,2026-10-10T17:00,23.3,68,1016.7,0.0,6.7,38
扬州,2026-10-10T18:00,21.5,77,1016.9,0.0,9.0,53
扬州,2026-10-10T19:00,21.0,78,1017.6,0.0,7.7,66
扬州,2026-10-10T20:00,20.9,84,1017.9,0.0,6.0,49
扬州,2026-10-10T21:00,19.9,89,1018.5,0.0,6.1,67
扬州,2026-10-10T22:00,19.6,91,1018.9,0.1,6.9,95
扬州,2026-10-10T23:00,18.9,94,1018.9,0.0,7.4,97
扬州,2026-10-11T00:00,18.5,95,1018.6,0.0,7.2,94
扬州,2026-10-11T01:00,18.1,96,1018.6,0.0,6.1,88
扬州,2026-10-11T02:00,18.0,96,1018.7,0.0,6.0,85
扬州,2026-10-11T03:00,17.4,97,1018.3,0.0,5.6,86
扬州,2026-10-11T04:00,17.0,97,1018.3,0.0,4.2,72
扬州,2026-10-11T05:00,16.6,98,1018.4,0.0,4.5,43
扬州,2026-10-11T06:00,16.1,99,1018.7,0.0,2.2,35
扬州,2026-10-11T07:00,17.0,98,1019.5,0.0,2.2,351
扬州,2026-10-11T08:00,19.4,92,1020.2,0.0,1.0,338
镇江,2026-10-10T09:00,21.6,83,1018.3,0.0,5.0,131
镇江,2026-10-10T10:00,22.7,76,1018.3,0.0,2.7,127
镇江,2026-10-10T11:00,23.9,67,1017.8,0.0,1.2,141
镇江,2026-10-10T12:00,24.6,60,1017.1,0.0,1.7,257
镇江,2026-10-10T13:00,24.9,57,1016.5,0.0,2.9,292
镇江,2026-10-10T14:00,25.6,51,1015.8,0.0,1.5,339
镇江,2026-10-10T15:00,25.3,53,1015.5,0.0,3.2,360
镇江,2026-10-10T16:00,24.8,55,1015.6,0.0,5.1,8
镇江,2026-10-10T17:00,23.5,66,1015.6,0.0,8.7,21
镇江,2026-10-10T18:00,21.5,77,1015.9,0.0,9.3,37
镇江,2026-10-10T19:00,20.8,82,1016.6,0.0,6.5,46
镇江,2026-10-10T20:00,20.9,84,1016.9,0.0,6.1,90
镇江,2026-10-10T21:00,20.2,88,1017.3,0.0,6.2,97
镇江,2026-10-10T22:00,19.8,92,1017.8,0.0,6.1,93
镇江,2026-10-10T23:00,19.2,95,1017.7,0.0,6.3,85
镇江,2026-10-11T00:00,19.0,95,1017.5,0.0,6.5,95
镇江,2026-10-11T01:00,18.7,96,1017.5,0.0,4.9,100
镇江,2026-10-11T02:00,18.7,96,1017.5,0.0,5.4,88
镇江,2026-10-11T03:00,18.1,98,1017.1,0.0,4.7,86
镇江,2026-10-11T04:00,17.8,98,1017.1,0.0,4.1,88
镇江,2026-10-11T05:00,17.5,100,1017.2,0.0,3.1,80
镇江,2026-10-11T06:00,17.4,98,1017.5,0.0,2.7,58
镇江,2026-10-11T07:00,18.2,97,1018.4,0.0,2.3,23
镇江,2026-10-11T08:00,19.7,90,1019.0,0.0,1.0,22
泰州,2026-10-10T09:00,22.1,81,1019.2,0.1,4.7,113
泰州,2026-10-10T10:00,23.0,75,1019.1,0.1,4.0,95
泰州,2026-10-10T11:00,23.8,70,1018.7,0.1,3.2,90
泰州,2026-10-10T12:00,24.2,66,1018.1,0.1,1.1,90
泰州,2026-10-10T13:00,24.1,65,1017.5,0.2,1.3,286
泰州,2026-10-10T14:00,24.1,65,1017.1,0.2,1.7,13
泰州,2026-10-10T15:00,24.3,64,1016.7,0.1,1.9,73
泰州,2026-10-10T16:00,23.9,65,1016.8,0.0,2.4,81
泰州,2026-10-10T17:00,22.9,74,1016.8,0.0,3.0,65
泰州,2026-10-10T18:00,21.1,80,1017.0,0.0,6.4,80
泰州,2026-10-10T19:00,20.2,84,1017.9,0.0,11.9,96
泰州,2026-10-10T20:00,19.9,88,1018.2,0.0,10.3,88
泰州,2026-10-10T21:00,19.0,92,1018.5,0.0,8.6,91
泰州,2026-10-10T22:00,18.4,93,1018.9,0.0,7.0,87
泰州,2026-10-10T23:00,17.9,94,1018.8,0.0,5.9,88
泰州,2026-10-11T00:00,17.4,94,1018.7,0.0,4.3,85
泰州,2026-10-11T01:00,17.1,94,1018.6,0.0,4.6,81
泰州,2026-10-11T02:00,17.2,95,1018.7,0.0,4.7,81
泰州,2026-10-11T03:00,16.5,96,1018.2,0.0,4.7,94
泰州,2026-10-11T04:00,16.1,96,1018.1,0.0,2.6,78
泰州,2026-10-11T05:00,15.8,97,1018.2,0.0,1.7,49
泰州,2026-10-11T06:00,15.6,97,1018.5,0.0,0.9,37
泰州,2026-10-11T07:00,17.0,94,1019.3,0.0,4.8,22
泰州,2026-10-11T08:00,19.5,87,1020.1,0.0,3.2,47
宿迁,2026-10-10T09:00,20.7,80,1017.6,0.0,1.5,166
宿迁,2026-10-10T10:00,22.7,72,1017.4,0.0,0.8,225
宿迁,2026-10-10T11:00,24.1,58,1017.0,0.0,0.2,270
宿迁,2026-10-10T12:00,24.7,53,1016.3,0.0,2.0,360
宿迁,2026-10-10T13:00,25.0,50,1015.6,0.0,4.0,3
宿迁,2026-10-10T14:00,25.3,47,1015.1,0.0,5.5,9
宿迁,2026-10-10T15:00,24.9,47,1014.7,0.0,6.9,9
宿迁,2026-10-10T16:00,24.4,48,1014.7,0.0,7.2,4
宿迁,2026-10-10T17:00,23.0,56,1014.9,0.0,7.3,351
宿迁,2026-10-10T18:00,20.8,66,1015.0,0.0,6.0,21
宿迁,2026-10-10T19:00,19.6,72,1015.8,0.0,5.8,64
宿迁,2026-10-10T20:00,19.8,74,1016.3,0.0,4.0,98
宿迁,2026-10-10T21:00,18.7,76,1016.6,0.0,4.9,92
宿迁,2026-10-10T22:00,18.2,76,1016.9,0.0,6.0,100
宿迁,2026-10-10T23:00,17.5,79,1016.7,0.0,5.8,124
宿迁,2026-10-11T00:00,16.8,83,1016.5,0.0,5.4,132
宿迁,2026-10-11T01:00,16.2,87,1016.4,0.0,5.5,134
宿迁,2026-10-11T02:00,15.9,91,1016.7,0.0,4.8,138
宿迁,2026-10-11T03:00,15.5,92,1016.5,0.0,1.5,76
宿迁,2026-10-11T04:00,14.9,95,1016.4,0.0,2.7,70
宿迁,2026-10-11T05:00,14.8,97,1016.5,0.0,2.7,90
宿迁,2026-10-11T06:00,14.6,98,1017.0,0.0,2.3,67
宿迁,2026-10-11T07:00,15.4,97,1017.7,0.0,4.4,63
宿迁,2026-10-11T08:00,18.3,90,1018.4,0.0,1.8,53
杭州,2026-10-10T09:00,21.5,79,1018.5,0.0,2.3,331
杭州,2026-10-10T10:00,23.3,71,1018.5,0.0,2.4,17
杭州,2026-10-10T11:00,24.7,64,1017.9,0.0,2.8,27
杭州,2026-10-10T12:00,25.7,58,1017.1,0.0,4.1,29
杭州,2026-10-10T13:00,26.3,54,1016.4,0.0,5.6,15
杭州,2026-10-10T14:00,26.7,51,1016.0,0.0,6.7,19
杭州,2026-10-10T15:00,26.3,52,1015.8,0.0,7.7,16
杭州,2026-10-10T16:00,25.8,53,1015.9,0.0,7.2,18
杭州,2026-10-10T17:00,24.6,63,1016.0,0.0,3.3,29
杭州,2026-10-10T18:00,22.8,72,1016.0,0.0,3.9,43
杭州,2026-10-10T19:00,22.1,77,1016.7,0.0,4.1,29
杭州,2026-10-10T20:00,22.0,78,1017.2,0.0,4.3,5
杭州,2026-10-10T21:00,21.0,80,1017.4,0.0,4.8,345
杭州,2026-10-10T22:00,20.2,82,1017.8,0.0,4.1,337
杭州,2026-10-10T23:00,19.4,84,1017.7,0.0,3.0,343
杭州,2026-10-11T00:00,18.8,87,1017.7,0.0,3.0,322
杭州,2026-10-11T01:00,18.2,89,1017.6,0.0,2.8,305
杭州,2026-10-11T02:00,18.2,90,1017.6,0.0,2.5,300
杭州,2026-10-11T03:00,17.4,92,1017.4,0.0,3.0,295
杭州,2026-10-11T04:00,16.6,97,1017.4,0.0,4.3,287
杭州,2026-10-11T05:00,15.9,99,1017.4,0.0,4.1,270
杭州,2026-10-11T06:00,15.4,99,1017.7,0.0,5.1,306
杭州,2026-10-11T07:00,15.9,99,1018.5,0.0,4.8,292
杭州,2026-10-11T08:00,18.4,91,1019.1,0.0,3.1,280
宁波,2026-10-10T09:00,23.6,73,1017.9,0.0,2.9,330
宁波,2026-10-10T10:00,25.1,66,1017.8,0.0,3.3,6
宁波,2026-10-10T11:00,25.7,62,1017.4,0.0,4.1,49
宁波,2026-10-10T12:00,25.4,66,1016.8,0.1,8.9,40
宁波,2026-10-10T13:00,25.3,69,1016.2,0.2,10.0,30
宁波,2026-10-10T14:00,25.5,68,1015.7,0.0,10.7,22
宁波,2026-10-10T15:00,25.3,67,1015.7,0.0,10.7,31
宁波,2026-10-10T16:00,24.3,73,1015.9,0.0,10.6,44
宁波,2026-10-10T17:00,23.1,81,1016.2,0.1,9.2,51
宁波,2026-10-10T18:00,22.1,86,1016.4,0.0,5.5,44
宁波,2026-10-10T19:00,21.8,88,1017.0,0.0,2.9,30
宁波,2026-10-10T20:00,22.0,87,1017.3,0.0,4.9,57
宁波,2026-10-10T21:00,21.4,89,1017.4,0.0,3.3,41
宁波,2026-10-10T22:00,21.2,88,1017.7,0.0,1.4,320
宁波,2026-10-10T23:00,20.7,91,1017.5,0.0,1.9,292
宁波,2026-10-11T00:00,19.9,94,1017.2,0.0,2.1,255
宁波,2026-10-11T01:00,19.4,96,1017.2,0.0,3.2,254
宁波,2026-10-11T02:00,19.5,96,1017.3,0.0,4.1,268
宁波,2026-10-11T03:00,19.0,97,1017.0,0.0,4.3,265
宁波,2026-10-11T04:00,18.7,98,1017.1,0.0,2.4,257
宁波,2026-10-11T05:00,18.7,98,1017.2,0.0,3.1,263
宁波,2026-10-11T06:00,18.9,97,1017.4,0.0,3.5,255
宁波,2026-10-11T07:00,20.0,94,1018.0,0.0,4.0,262
宁波,2026-10-11T08:00,21.7,88,1018.6,0.2,5.4,312
温州,2026-10-10T09:00,24.5,59,1017.6,0.0,6.7,322
温州,2026-10-10T10:00,26.5,49,1017.2,0.0,5.6,335
温州,2026-10-10T11:00,28.0,42,1016.5,0.0,4.6,351
温州,2026-10-10T12:00,29.2,39,1015.6,0.0,3.8,8
温州,2026-10-10T13:00,30.0,36,1014.7,0.0,2.8,40
温州,2026-10-10T14:00,30.2,37,1014.0,0.0,6.7,96
温州,2026-10-10T15:00,28.8,43,1014.0,0.0,12.9,108
温州,2026-10-10T16:00,26.7,53,1014.6,0.0,14.6,122
温州,2026-10-10T17:00,25.4,64,1015.0,0.0,11.2,109
温州,2026-10-10T18:00,24.8,70,1015.5,0.0,10.2,99
温州,2026-10-10T19:00,24.3,73,1016.4,0.0,7.8,103
温州,2026-10-10T20:00,24.5,73,1017.0,0.0,6.0,95
温州,2026-10-10T21:00,23.9,76,1017.3,0.0,6.2,69
温州,2026-10-10T22:00,23.3,79,1017.7,0.0,5.1,67
温州,2026-10-10T23:00,22.7,83,1017.6,0.0,2.0,27
温州,2026-10-11T00:00,22.0,86,1017.4,0.0,2.2,351
温州,2026-10-11T01:00,21.2,90,1017.1,0.0,4.5,344
温州,2026-10-11T02:00,20.8,90,1017.0,0.0,5.3,336
温州,2026-10-11T03:00,20.1,92,1016.7,0.0,5.2,333
温州,2026-10-11T04:00,19.6,92,1016.9,0.0,4.7,332
温州,2026-10-11T05:00,19.1,93,1017.2,0.0,4.7,337
温州,2026-10-11T06:00,18.6,94,1017.4,0.0,4.8,340
温州,2026-10-11T07:00,19.3,89,1018.0,0.0,4.8,340
温州,2026-10-11T08:00,21.2,80,1018.4,0.0,4.7,337
嘉兴,2026-10-10T09:00,21.7,88,1019.5,0.0,2.9,4
嘉兴,2026-10-10T10:00,23.5,74,1019.6,0.0,3.1,347
嘉兴,2026-10-10T11:00,24.6,65,1019.1,0.0,3.1,339
嘉兴,2026-10-10T12:00,25.4,60,1018.5,0.0,2.1,345
嘉兴,2026-10-10T13:00,25.6,57,1017.7,0.0,2.4,343
嘉兴,2026-10-10T14:00,25.8,54,1017.3,0.0,1.6,333
嘉兴,2026-10-10T15:00,25.8,53,1017.0,0.0,1.8,276
嘉兴,2026-10-10T16:00,25.6,54,1017.1,0.0,1.4,220
嘉兴,2026-10-10T17:00,24.3,67,1017.1,0.0,4.5,286
嘉兴,2026-10-10T18:00,22.5,77,1017.2,0.0,8.5,318
嘉兴,2026-10-10T19:00,21.5,84,1018.0,0.0,6.2,54
嘉兴,2026-10-10T20:00,21.2,86,1018.4,0.0,7.0,67
嘉兴,2026-10-10T21:00,21.1,88,1018.7,0.0,7.8,95
嘉兴,2026-10-10T22:00,20.8,91,1019.1,0.0,9.2,83
嘉兴,2026-10-10T23:00,20.1,95,1018.8,0.0,7.9,74
嘉兴,2026-10-11T00:00,19.8,95,1018.8,0.0,6.2,57
嘉兴,2026-10-11T01:00,19.4,96,1018.8,0.1,5.1,45
嘉兴,2026-10-11T02:00,19.3,97,1018.8,0.0,4.6,21
嘉兴,2026-10-11T03:00,19.0,97,1018.5,0.0,7.2,6
嘉兴,2026-10-11T04:00,18.8,98,1018.6,0.2,7.3,20
嘉兴,2026-10-11T05:00,18.2,99,1018.6,0.0,6.8,53
嘉兴,2026-10-11T06:00,17.6,99,1018.9,0.0,6.4,50
嘉兴,2026-10-11T07:00,18.4,97,1019.6,0.0,5.1,45
嘉兴,2026-10-11T08:00,20.2,88,1020.3,0.0,2.8,18
湖州,2026-10-10T09:00,21.9,82,1019.0,0.0,2.2,81
湖州,2026-10-10T10:00,23.3,74,1019.0,0.0,2.6,56
湖州,2026-10-10T11:00,24.2,67,1018.5,0.0,4.6,42
湖州,2026-10-10T12:00,24.7,65,1017.9,0.0,7.0,32
湖州,2026-10-10T13:00,24.7,65,1017.4,0.0,8.8,23
湖州,2026-10-10T14:00,24.9,60,1017.0,0.0,9.2,35
湖州,2026-10-10T15:00,24.6,57,1016.6,0.0,8.2,40
湖州,2026-10-10T16:00,24.2,58,1016.6,0.0,5.1,42
湖州,2026-10-10T17:00,23.0,72,1016.6,0.0,2.4,42
湖州,2026-10-10T18:00,21.2,76,1016.6,0.0,2.5,45
湖州,2026-10-10T19:00,20.8,77,1017.2,0.0,1.0,22
湖州,2026-10-10T20:00,20.5,79,1017.6,0.0,1.0,248
湖州,2026-10-10T21:00,19.3,84,1017.9,0.0,2.5,249
湖州,2026-10-10T22:00,19.0,85,1018.3,0.0,2.5,315
湖州,2026-10-10T23:00,18.9,90,1018.3,0.0,3.6,340
湖州,2026-10-11T00:00,18.5,94,1018.2,0.0,1.0,338
湖州,2026-10-11T01:00,18.0,98,1018.2,0.0,0.9,180
湖州,2026-10-11T02:00,17.7,99,1018.3,0.0,1.2,207
湖州,2026-10-11T03:00,17.0,99,1018.0,0.0,0.6,214
湖州,2026-10-11T04:00,16.5,99,1018.0,0.0,1.4,220
湖州,2026-10-11T05:00,15.9,100,1018.0,0.0,1.9,229
湖州,2026-10-11T06:00,16.0,99,1018.2,0.0,2.9,248
湖州,2026-10-11T07:00,17.7,97,1019.1,0.0,5.1,262
湖州,2026-10-11T08:00,19.4,93,1019.8,0.0,2.3,288
绍兴,2026-10-10T09:00,21.0,85,1018.8,0.0,1.7,302
绍兴,2026-10-10T10:00,22.9,74,1018.9,0.0,2.6,348
绍兴,2026-10-10T11:00,24.2,67,1018.3,0.0,3.1,357
绍兴,2026-10-10T12:00,25.2,59,1017.6,0.0,2.7,8
绍兴,2026-10-10T13:00,25.9,53,1016.8,0.0,1.0,315
绍兴,2026-10-10T14:00,26.4,50,1016.3,0.0,0.5,270
绍兴,2026-10-10T15:00,26.8,49,1015.9,0.0,3.4,335
绍兴,2026-10-10T16:00,26.3,52,1016.1,0.0,6.3,357
绍兴,2026-10-10T17:00,24.8,65,1016.3,0.0,4.6,9
绍兴,2026-10-10T18:00,22.8,78,1016.4,0.0,3.0,38
绍兴,2026-10-10T19:00,21.6,84,1017.0,0.0,3.0,73
绍兴,2026-10-10T20:00,21.7,81,1017.4,0.0,1.3,352
绍兴,2026-10-10T21:00,20.7,84,1017.8,0.0,2.7,360
绍兴,2026-10-10T22:00,20.0,88,1018.1,0.0,2.0,360
绍兴,2026-10-10T23:00,19.4,92,1017.9,0.0,1.6,6
绍兴,2026-10-11T00:00,18.9,95,1017.8,0.0,0.9,349
绍兴,2026-10-11T01:00,18.3,99,1017.8,0.0,1.3,315
绍兴,2026-10-11T02:00,18.4,100,1017.9,0.0,1.9,292
绍兴,2026-10-11T03:00,17.7,99,1017.6,0.0,3.4,254
绍兴,2026-10-11T04:00,17.3,100,1017.7,0.0,3.9,246
绍兴,2026-10-11T05:00,17.2,100,1017.9,0.0,2.8,230
绍兴,2026-10-11T06:00,17.2,100,1018.1,0.0,2.8,230
绍兴,2026-10-11T07:00,17.8,100,1018.9,0.0,3.1,257
绍兴,2026-10-11T08:00,19.0,97,1019.5,0.1,2.5,300
金华,2026-10-10T09:00,21.9,74,1013.8,0.0,1.1,90
金华,2026-10-10T10:00,23.7,67,1013.6,0.0,1.4,320
金华,2026-10-10T11:00,25.1,61,1013.1,0.0,2.6,304
金华,2026-10-10T12:00,26.2,56,1012.1,0.0,2.5,291
金华,2026-10-10T13:00,26.9,54,1011.2,0.0,0.7,256
金华,2026-10-10T14:00,27.2,52,1010.6,0.0,1.4,113
金华,2026-10-10T15:00,27.5,52,1010.3,0.0,1.7,131
金华,2026-10-10T16:00,27.5,50,1010.3,0.0,2.3,148
金华,2026-10-10T17:00,26.0,61,1010.5,0.0,4.1,119
金华,2026-10-10T18:00,23.5,69,1010.8,0.0,7.1,74
金华,2026-10-10T19:00,22.5,66,1011.5,0.0,7.7,59
金华,2026-10-10T20:00,22.3,69,1012.2,0.0,7.6,59
金华,2026-10-10T21:00,21.4,70,1012.5,0.0,6.8,61
金华,2026-10-10T22:00,20.5,75,1012.9,0.0,5.1,86
金华,2026-10-10T23:00,19.7,80,1012.8,0.0,3.8,98
金华,2026-10-11T00:00,19.3,83,1012.7,0.0,3.5,99
金华,2026-10-11T01:00,18.7,85,1012.6,0.0,3.4,84
金华,2026-10-11T02:00,18.9,83,1012.7,0.0,3.4,43
金华,2026-10-11T03:00,18.1,87,1012.5,0.0,3.6,63
金华,2026-10-11T04:00,17.6,89,1012.6,0.0,2.9,83
金华,2026-10-11T05:00,17.2,91,1012.7,0.0,2.8,108
金华,2026-10-11T06:00,16.8,94,1013.0,0.0,2.7,98
金华,2026-10-11T07:00,17.9,90,1013.8,0.0,3.6,57
金华,2026-10-11T08:00,20.6,74,1014.5,0.0,1.4,67
衢州,2026-10-10T09:00,22.1,69,1011.2,0.0,4.8,45
衢州,2026-10-10T10:00,24.1,63,1011.1,0.0,5.5,52
衢州,2026-10-10T11:00,25.9,56,1010.4,0.0,5.8,54
衢州,2026-10-10T12:00,27.3,48,1009.4,0.0,6.1,62
衢州,2026-10-10T13:00,28.0,45,1008.5,0.0,6.5,66
衢州,2026-10-10T14:00,28.4,46,1007.8,0.0,5.7,55
衢州,2026-10-10T15:00,28.2,47,1007.6,0.0,6.8,63
衢州,2026-10-10T16:00,27.7,46,1007.7,0.0,7.1,84
衢州,2026-10-10T17:00,26.7,52,1007.6,0.0,4.5,104
衢州,2026-10-10T18:00,24.4,60,1007.7,0.0,4.2,121
衢州,2026-10-10T19:00,23.6,62,1008.4,0.0,1.2,117
衢州,2026-10-10T20:00,23.5,65,1009.0,0.0,2.0,85
衢州,2026-10-10T21:00,22.4,66,1009.4,0.0,3.8,87
衢州,2026-10-10T22:00,21.8,66,1009.9,0.0,6.6,74
衢州,2026-10-10T23:00,21.2,68,1010.0,0.0,7.5,46
衢州,2026-10-11T00:00,20.5,72,1009.9,0.0,6.9,39
衢州,2026-10-11T01:00,19.8,77,1009.9,0.0,5.2,59
衢州,2026-10-11T02:00,19.8,78,1010.0,0.0,5.4,84
衢州,2026-10-11T03:00,19.2,80,1009.7,0.0,5.2,102
衢州,2026-10-11T04:00,18.7,80,1009.8,0.0,4.9,90
衢州,2026-10-11T05:00,18.4,79,1009.9,0.0,5.1,73
衢州,2026-10-11T06:00,17.7,83,1010.3,0.0,4.3,48
衢州,2026-10-11T07:00,19.0,80,1011.0,0.0,5.1,45
衢州,2026-10-11T08:00,21.2,70,1011.7,0.0,4.2,65
舟山,2026-10-10T09:00,23.9,75,1018.2,0.1,9.1,14
舟山,2026-10-10T10:00,24.0,76,1018.2,0.4,7.1,30
舟山,2026-10-10T11:00,24.1,76,1018.1,0.5,5.3,45
舟山,2026-10-10T12:00,23.0,84,1017.6,1.0,6.0,25
舟山,2026-10-10T13:00,22.2,92,1017.1,1.5,8.1,4
舟山,2026-10-10T14:00,24.0,77,1016.5,0.3,12.6,27
舟山,2026-10-10T15:00,23.8,74,1016.4,0.2,11.7,45
舟山,2026-10-10T16:00,23.2,77,1016.7,0.2,10.7,50
舟山,2026-10-10T17:00,22.5,82,1016.8,0.1,8.2,36
舟山,2026-10-10T18:00,21.5,86,1016.8,0.0,6.6,43
舟山,2026-10-10T19:00,21.4,84,1017.5,0.0,7.3,50
舟山,2026-10-10T20:00,21.7,85,1017.8,0.0,7.7,39
舟山,2026-10-10T21:00,21.2,86,1017.9,0.0,7.1,43
舟山,2026-10-10T22:00,20.8,87,1018.1,0.0,5.9,35
舟山,2026-10-10T23:00,20.5,89,1017.9,0.0,5.9,18
舟山,2026-10-11T00:00,20.4,89,1017.8,0.0,6.4,16
舟山,2026-10-11T01:00,20.3,89,1017.6,0.0,6.4,16
舟山,2026-10-11T02:00,20.1,90,1017.6,0.0,7.0,360
舟山,2026-10-11T03:00,19.8,91,1017.4,0.0,6.7,355
舟山,2026-10-11T04:00,19.7,90,1017.5,0.0,7.6,356
舟山,2026-10-11T05:00,19.7,89,1017.5,0.0,8.1,356
舟山,2026-10-11T06:00,19.6,90,1017.6,0.0,8.6,358
舟山,2026-10-11T07:00,21.2,82,1018.3,0.0,11.9,3
舟山,2026-10-11T08:00,22.4,75,1018.8,0.0,13.9,1
台州,2026-10-10T09:00,24.3,63,1017.9,0.0,7.9,339
台州,2026-10-10T10:00,25.7,55,1017.7,0.0,7.1,7
台州,2026-10-10T11:00,26.7,52,1017.2,0.0,6.5,23
台州,2026-10-10T12:00,27.5,51,1016.4,0.0,6.9,59
台州,2026-10-10T13:00,27.7,53,1015.6,0.0,11.4,85
台州,2026-10-10T14:00,26.9,59,1015.2,0.0,14.9,98
台州,2026-10-10T15:00,25.7,69,1015.2,0.0,15.8,91
台州,2026-10-10T16:00,24.9,74,1015.6,0.0,14.4,81
台州,2026-10-10T17:00,23.7,80,1016.0,0.0,13.6,73
台州,2026-10-10T18:00,22.7,84,1016.3,0.0,8.5,54
台州,2026-10-10T19:00,22.3,85,1017.1,0.0,8.2,40
台州,2026-10-10T20:00,22.4,87,1017.5,0.0,7.3,30
台州,2026-10-10T21:00,21.5,91,1017.6,0.0,6.2,7
台州,2026-10-10T22:00,21.1,93,1018.0,0.0,5.6,338
台州,2026-10-10T23:00,20.6,95,1017.8,0.0,5.9,320
台州,2026-10-11T00:00,20.0,97,1017.6,0.0,6.8,318
台州,2026-10-11T01:00,19.6,98,1017.3,0.0,6.9,319
台州,2026-10-11T02:00,19.5,98,1017.2,0.0,7.3,322
台州,2026-10-11T03:00,19.2,98,1017.0,0.0,8.1,328
台州,2026-10-11T04:00,18.9,98,1017.1,0.0,7.9,333
台州,2026-10-11T05:00,18.6,98,1017.3,0.0,7.1,333
台州,2026-10-11T06:00,18.1,100,1017.4,0.0,6.7,324
台州,2026-10-11T07:00,19.0,98,1018.0,0.0,6.5,304
台州,2026-10-11T08:00,21.5,88,1018.7,0.0,5.7,307
丽水,2026-10-10T09:00,22.2,71,1010.9,0.0,1.9,229
丽水,2026-10-10T10:00,24.5,61,1010.7,0.0,3.1,216
丽水,2026-10-10T11:00,26.4,54,1009.8,0.0,5.2,209
丽水,2026-10-10T12:00,28.0,50,1008.7,0.0,5.1,197
丽水,2026-10-10T13:00,29.2,46,1007.7,0.0,2.9,169
丽水,2026-10-10T14:00,30.0,42,1007.0,0.0,3.2,63
丽水,2026-10-10T15:00,29.9,37,1006.8,0.0,8.0,38
丽水,2026-10-10T16:00,29.1,37,1007.1,0.0,9.4,24
丽水,2026-10-10T17:00,26.9,51,1007.4,0.0,4.6,13
丽水,2026-10-10T18:00,23.5,63,1007.8,0.0,4.4,348
丽水,2026-10-10T19:00,21.3,73,1008.4,0.0,3.4,335
丽水,2026-10-10T20:00,21.0,75,1009.1,0.0,1.3,8
丽水,2026-10-10T21:00,19.8,79,1009.6,0.0,2.2,360
丽水,2026-10-10T22:00,19.2,81,1010.0,0.0,1.7,347
丽水,2026-10-10T23:00,18.5,83,1010.1,0.0,1.3,8
丽水,2026-10-11T00:00,18.0,84,1010.1,0.0,1.7,13
丽水,2026-10-11T01:00,17.4,86,1009.9,0.0,1.3,360
丽水,2026-10-11T02:00,17.3,86,1009.9,0.0,0.7,360
丽水,2026-10-11T03:00,16.7,88,1009.7,0.0,0.0,270
丽水,2026-10-11T04:00,16.4,89,1009.9,0.0,0.0,270
丽水,2026-10-11T05:00,16.1,90,1010.1,0.0,0.0,270
丽水,2026-10-11T06:00,15.9,90,1010.4,0.0,0.6,326
丽水,2026-10-11T07:00,17.9,82,1011.1,0.0,2.0,297
丽水,2026-10-11T08:00,20.6,70,1011.6,0.0,2.4,216
合肥,2026-10-10T09:00,20.6,82,1016.0,0.0,2.5,98
合肥,2026-10-10T10:00,22.4,78,1016.1,0.0,2.1,110
合肥,2026-10-10T11:00,23.9,70,1015.9,0.0,1.2,129
合肥,2026-10-10T12:00,25.1,62,1015.3,0.0,1.6,27
合肥,2026-10-10T13:00,25.8,56,1014.4,0.0,2.6,12
合肥,2026-10-10T14:00,26.3,52,1013.6,0.0,1.5,14
合肥,2026-10-10T15:00,26.5,51,1013.2,0.0,1.8,6
合肥,2026-10-10T16:00,26.3,50,1013.0,0.0,1.9,17
合肥,2026-10-10T17:00,25.6,57,1013.1,0.0,1.1,270
合肥,2026-10-10T18:00,23.6,67,1013.4,0.0,0.3,225
合肥,2026-10-10T19:00,22.5,71,1013.9,0.0,1.0,329
合肥,2026-10-10T20:00,22.1,71,1014.4,0.0,6.0,17
合肥,2026-10-10T21:00,20.9,73,1014.8,0.0,6.7,36
合肥,2026-10-10T22:00,20.2,75,1015.3,0.0,7.3,38
合肥,2026-10-10T23:00,19.5,77,1015.2,0.0,7.7,41
合肥,2026-10-11T00:00,19.2,77,1014.9,0.0,7.4,49
合肥,2026-10-11T01:00,18.6,79,1014.9,0.0,5.7,49
合肥,2026-10-11T02:00,18.1,82,1015.0,0.0,5.2,49
合肥,2026-10-11T03:00,17.1,86,1014.6,0.0,4.9,57
合肥,2026-10-11T04:00,16.6,88,1014.5,0.0,4.0,51
合肥,2026-10-11T05:00,16.4,89,1014.8,0.0,2.1,20
合肥,2026-10-11T06:00,16.0,91,1015.2,0.0,3.2,3
合肥,2026-10-11T07:00,16.9,91,1016.1,0.0,4.3,5
合肥,2026-10-11T08:00,18.7,86,1016.9,0.0,3.1,21
芜湖,2026-10-10T09:00,21.2,77,1018.2,0.0,2.5,94
芜湖,2026-10-10T10:00,23.3,69,1018.1,0.0,1.5,54
芜湖,2026-10-10T11:00,24.8,62,1017.8,0.0,2.2,360
芜湖,2026-10-10T12:00,25.8,55,1017.1,0.0,3.3,351
芜湖,2026-10-10T13:00,26.2,54,1016.3,0.0,3.3,354
芜湖,2026-10-10T14:00,26.6,51,1015.7,0.0,2.2,346
芜湖,2026-10-10T15:00,26.6,52,1015.4,0.0,1.4,310
芜湖,2026-10-10T16:00,26.3,53,1015.3,0.0,1.5,249
芜湖,2026-10-10T17:00,25.0,67,1015.2,0.0,1.7,221
芜湖,2026-10-10T18:00,22.9,75,1015.5,0.0,0.5,90
芜湖,2026-10-10T19:00,21.3,80,1016.2,0.0,3.4,58
芜湖,2026-10-10T20:00,21.3,81,1016.7,0.0,1.5,60
芜湖,2026-10-10T21:00,20.7,81,1017.1,0.0,1.3,45
芜湖,2026-10-10T22:00,20.2,81,1017.4,0.0,1.2,117
芜湖,2026-10-10T23:00,19.5,83,1017.3,0.0,2.5,150
芜湖,2026-10-11T00:00,18.9,85,1017.1,0.0,0.3,45
芜湖,2026-10-11T01:00,18.6,86,1017.1,0.0,4.1,41
芜湖,2026-10-11T02:00,18.4,85,1017.1,0.0,5.2,76
芜湖,2026-10-11T03:00,17.5,88,1016.8,0.0,4.7,83
芜湖,2026-10-11T04:00,17.1,91,1016.8,0.0,4.2,95
芜湖,2026-10-11T05:00,16.6,94,1016.9,0.0,3.3,84
芜湖,2026-10-11T06:00,16.1,97,1017.3,0.0,3.2,38
芜湖,2026-10-11T07:00,17.0,99,1018.2,0.0,5.9,43
芜湖,2026-10-11T08:00,19.1,93,1019.0,0.0,4.4,55
蚌埠,2026-10-10T09:00,20.5,78,1018.1,0.0,0.4,63
蚌埠,2026-10-10T10:00,22.7,68,1018.1,0.0,1.4,293
蚌埠,2026-10-10T11:00,24.0,61,1017.7,0.0,2.2,294
蚌埠,2026-10-10T12:00,24.9,54,1017.1,0.0,2.7,323
蚌埠,2026-10-10T13:00,25.4,51,1016.1,0.0,3.6,330
蚌埠,2026-10-10T14:00,26.0,48,1015.4,0.0,4.0,350
蚌埠,2026-10-10T15:00,25.9,48,1015.1,0.0,5.1,4
蚌埠,2026-10-10T16:00,25.5,50,1015.1,0.0,5.5,9
蚌埠,2026-10-10T17:00,24.2,61,1015.3,0.0,4.8,37
蚌埠,2026-10-10T18:00,22.3,69,1015.5,0.0,6.4,74
蚌埠,2026-10-10T19:00,21.1,72,1016.0,0.0,5.0,103
蚌埠,2026-10-10T20:00,20.7,75,1016.4,0.0,5.4,105
蚌埠,2026-10-10T21:00,19.4,80,1017.0,0.0,5.9,102
蚌埠,2026-10-10T22:00,18.9,81,1017.5,0.0,7.1,109
蚌埠,2026-10-10T23:00,18.3,83,1017.4,0.0,5.7,134
蚌埠,2026-10-11T00:00,17.7,85,1017.0,0.0,5.5,136
蚌埠,2026-10-11T01:00,17.1,87,1017.1,0.0,2.3,86
蚌埠,2026-10-11T02:00,16.9,91,1017.3,0.0,6.5,66
蚌埠,2026-10-11T03:00,16.4,93,1016.9,0.0,6.6,79
蚌埠,2026-10-11T04:00,16.2,94,1016.9,0.0,6.5,90
蚌埠,2026-10-11T05:00,15.7,95,1017.3,0.0,4.0,111
蚌埠,2026-10-11T06:00,15.3,96,1017.4,0.0,3.8,115
蚌埠,2026-10-11T07:00,15.9,95,1018.2,0.0,4.9,123
蚌埠,2026-10-11T08:00,18.5,85,1019.1,0.0,2.6,106
淮南,2026-10-10T09:00,20.8,78,1014.5,0.0,1.3,146
淮南,2026-10-10T10:00,22.9,68,1014.6,0.0,0.6,304
淮南,2026-10-10T11:00,24.1,61,1014.2,0.0,2.2,360
淮南,2026-10-10T12:00,25.0,55,1013.6,0.0,3.3,9
淮南,2026-10-10T13:00,25.5,51,1012.8,0.0,4.0,357
淮南,2026-10-10T14:00,26.1,48,1012.0,0.0,4.7,360
淮南,2026-10-10T15:00,25.8,49,1011.7,0.0,6.3,2
淮南,2026-10-10T16:00,25.2,52,1011.9,0.0,7.9,3
淮南,2026-10-10T17:00,23.8,62,1011.9,0.0,5.0,360
淮南,2026-10-10T18:00,22.4,68,1012.0,0.0,1.6,27
淮南,2026-10-10T19:00,21.9,67,1012.5,0.0,1.0,112
淮南,2026-10-10T20:00,21.8,67,1012.9,0.0,4.1,124
淮南,2026-10-10T21:00,20.9,71,1013.4,0.0,4.1,105
淮南,2026-10-10T22:00,19.7,78,1013.8,0.0,5.1,94
淮南,2026-10-10T23:00,19.2,80,1013.6,0.0,5.7,101
淮南,2026-10-11T00:00,18.9,80,1013.3,0.0,6.6,103
淮南,2026-10-11T01:00,18.2,82,1013.4,0.0,4.8,112
淮南,2026-10-11T02:00,17.9,84,1013.4,0.0,4.6,116
淮南,2026-10-11T03:00,17.1,87,1013.0,0.0,5.0,116
淮南,2026-10-11T04:00,16.5,89,1013.2,0.0,4.0,90
淮南,2026-10-11T05:00,16.1,92,1013.5,0.0,4.3,62
淮南,2026-10-11T06:00,16.0,92,1013.9,0.0,4.3,75
淮南,2026-10-11T07:00,17.0,89,1014.6,0.0,3.9,103
淮南,2026-10-11T08:00,19.2,83,1015.4,0.0,3.1,118
马鞍山,2026-10-10T09:00,21.5,80,1018.3,0.0,1.4,113
马鞍山,2026-10-10T10:00,23.3,71,1018.3,0.0,0.5,45
马鞍山,2026-10-10T11:00,24.5,63,1017.9,0.0,2.0,333
马鞍山,2026-10-10T12:00,25.3,58,1017.2,0.0,3.7,317
马鞍山,2026-10-10T13:00,25.5,56,1016.5,0.0,4.6,309
马鞍山,2026-10-10T14:00,26.0,51,1015.9,0.0,4.0,306
马鞍山,2026-10-10T15:00,25.9,48,1015.5,0.0,3.5,305
马鞍山,2026-10-10T16:00,25.6,48,1015.5,0.0,2.8,320
马鞍山,2026-10-10T17:00,24.5,59,1015.4,0.0,3.3,36
马鞍山,2026-10-10T18:00,22.2,69,1015.7,0.0,7.4,47
马鞍山,2026-10-10T19:00,21.7,71,1016.4,0.0,7.4,49
马鞍山,2026-10-10T20:00,21.7,75,1016.7,0.0,5.7,72
马鞍山,2026-10-10T21:00,21.0,77,1017.1,0.0,7.1,80
马鞍山,2026-10-10T22:00,20.7,79,1017.5,0.0,4.3,62
马鞍山,2026-10-10T23:00,20.4,80,1017.5,0.0,3.5,15
马鞍山,2026-10-11T00:00,20.3,81,1017.3,0.0,4.7,32
马鞍山,2026-10-11T01:00,19.5,85,1017.3,0.0,5.3,55
马鞍山,2026-10-11T02:00,18.8,88,1017.2,0.0,8.0,84
马鞍山,2026-10-11T03:00,17.8,93,1016.9,0.0,4.8,79
马鞍山,2026-10-11T04:00,17.2,95,1017.0,0.0,3.3,45
马鞍山,2026-10-11T05:00,17.0,97,1017.1,0.0,4.0,58
马鞍山,2026-10-11T06:00,16.8,98,1017.5,0.0,4.5,61
马鞍山,2026-10-11T07:00,17.4,98,1018.3,0.0,5.7,49
马鞍山,2026-10-11T08:00,18.8,95,1019.2,0.0,4.7,43
淮北,2026-10-10T09:00,21.0,69,1016.9,0.0,3.1,130
淮北,2026-10-10T10:00,23.2,59,1016.7,0.0,2.3,141
淮北,2026-10-10T11:00,24.5,52,1016.4,0.0,1.5,150
淮北,2026-10-10T12:00,25.3,49,1015.9,0.0,0.9,349
淮北,2026-10-10T13:00,25.6,48,1014.9,0.0,2.6,344
淮北,2026-10-10T14:00,26.0,46,1014.3,0.0,4.6,351
淮北,2026-10-10T15:00,25.7,46,1014.1,0.0,5.4,345
淮北,2026-10-10T16:00,25.4,47,1014.0,0.0,4.5,346
淮北,2026-10-10T17:00,24.4,63,1014.0,0.0,2.2,5
淮北,2026-10-10T18:00,22.0,65,1014.3,0.0,5.4,64
淮北,2026-10-10T19:00,20.8,67,1015.1,0.0,8.1,85
淮北,2026-10-10T20:00,20.4,68,1015.4,0.0,6.8,92
淮北,2026-10-10T21:00,19.4,71,1016.0,0.0,6.3,93
淮北,2026-10-10T22:00,18.8,72,1016.4,0.0,6.6,107
淮北,2026-10-10T23:00,18.3,73,1016.1,0.0,6.8,119
淮北,2026-10-11T00:00,17.9,75,1015.9,0.0,6.3,129
淮北,2026-10-11T01:00,17.3,78,1015.9,0.0,6.0,127
淮北,2026-10-11T02:00,17.1,79,1016.1,0.0,6.1,114
淮北,2026-10-11T03:00,17.1,77,1015.6,0.0,6.7,109
淮北,2026-10-11T04:00,16.8,78,1015.7,0.0,6.0,115
淮北,2026-10-11T05:00,16.1,82,1015.9,0.0,5.9,121
淮北,2026-10-11T06:00,15.7,84,1016.3,0.0,5.6,132
淮北,2026-10-11T07:00,16.3,84,1017.1,0.0,5.6,140
淮北,2026-10-11T08:00,19.0,76,1017.9,0.0,4.3,138
铜陵,2026-10-10T09:00,20.2,80,1017.3,0.0,3.3,351
铜陵,2026-10-10T10:00,22.2,74,1017.5,0.0,4.5,344
铜陵,2026-10-10T11:00,23.9,66,1017.2,0.0,6.3,342
铜陵,2026-10-10T12:00,25.1,59,1016.5,0.0,7.1,350
铜陵,2026-10-10T13:00,25.6,54,1015.7,0.0,7.2,354
铜陵,2026-10-10T14:00,26.1,53,1015.2,0.0,6.8,360
铜陵,2026-10-10T15:00,26.0,55,1014.8,0.0,6.1,12
铜陵,2026-10-10T16:00,25.6,57,1014.6,0.0,5.3,24
铜陵,2026-10-10T17:00,24.4,73,1014.5,0.0,2.7,53
铜陵,2026-10-10T18:00,22.5,73,1014.8,0.0,2.0,63
铜陵,2026-10-10T19:00,21.4,77,1015.4,0.0,2.2,5
铜陵,2026-10-10T20:00,21.2,79,1015.9,0.0,3.1,324
铜陵,2026-10-10T21:00,20.4,79,1016.3,0.0,1.5,324
铜陵,2026-10-10T22:00,20.0,80,1016.6,0.0,0.7,14
铜陵,2026-10-10T23:00,19.6,80,1016.5,0.0,0.7,14
铜陵,2026-10-11T00:00,19.2,81,1016.4,0.0,0.7,90
铜陵,2026-10-11T01:00,18.7,82,1016.2,0.0,0.6,124
铜陵,2026-10-11T02:00,18.5,84,1016.2,0.0,0.2,180
铜陵,2026-10-11T03:00,18.0,85,1016.0,0.0,0.7,180
铜陵,2026-10-11T04:00,17.5,87,1016.0,0.0,1.0,68
铜陵,2026-10-11T05:00,17.1,89,1016.1,0.0,0.6,34
铜陵,2026-10-11T06:00,16.5,94,1016.5,0.0,1.5,346
铜陵,2026-10-11T07:00,17.3,97,1017.3,0.0,3.6,354
铜陵,2026-10-11T08:00,18.7,93,1018.2,0.0,3.1,353
安庆,2026-10-10T09:00,22.0,70,1017.7,0.0,5.1,45
安庆,2026-10-10T10:00,23.7,63,1017.8,0.0,6.6,41
安庆,2026-10-10T11:00,24.9,57,1017.5,0.0,7.6,43
安庆,2026-10-10T12:00,25.6,52,1017.0,0.0,8.3,34
安庆,2026-10-10T13:00,26.1,50,1016.1,0.0,8.7,30
安庆,2026-10-10T14:00,26.6,47,1015.5,0.0,9.0,35
安庆,2026-10-10T15:00,26.4,49,1015.0,0.0,9.4,43
安庆,2026-10-10T16:00,25.8,53,1014.9,0.0,8.9,50
安庆,2026-10-10T17:00,24.5,65,1014.9,0.0,4.8,48
安庆,2026-10-10T18:00,22.3,73,1015.2,0.0,3.2,360
安庆,2026-10-10T19:00,21.1,77,1015.7,0.0,4.9,352
安庆,2026-10-10T20:00,21.0,77,1016.2,0.0,5.2,356
安庆,2026-10-10T21:00,20.2,82,1016.7,0.0,5.9,12
安庆,2026-10-10T22:00,19.6,85,1017.1,0.0,5.6,22
安庆,2026-10-10T23:00,19.1,86,1017.0,0.0,5.1,17
安庆,2026-10-11T00:00,18.7,87,1016.9,0.0,4.4,9
安庆,2026-10-11T01:00,18.3,88,1016.7,0.0,3.8,8
安庆,2026-10-11T02:00,18.3,89,1016.7,0.0,5.2,6
安庆,2026-10-11T03:00,17.9,89,1016.4,0.0,5.5,11
安庆,2026-10-11T04:00,17.8,88,1016.4,0.0,5.1,18
安庆,2026-10-11T05:00,17.7,88,1016.6,0.0,4.8,20
安庆,2026-10-11T06:00,17.4,90,1017.0,0.0,4.7,16
安庆,2026-10-11T07:00,18.4,89,1017.7,0.0,5.0,21
安庆,2026-10-11T08:00,20.6,82,1018.5,0.0,4.5,37
黄山,2026-10-10T09:00,20.9,71,1006.1,0.0,1.8,336
黄山,2026-10-10T10:00,23.1,62,1005.9,0.0,1.9,343
黄山,2026-10-10T11:00,25.1,55,1005.3,0.0,2.2,351
黄山,2026-10-10T12:00,26.5,48,1004.5,0.0,4.2,350
黄山,2026-10-10T13:00,27.4,40,1003.6,0.0,4.1,15
黄山,2026-10-10T14:00,27.9,40,1003.1,0.0,5.0,30
黄山,2026-10-10T15:00,27.6,45,1002.8,0.0,5.5,54
黄山,2026-10-10T16:00,26.8,47,1002.6,0.0,4.4,97
黄山,2026-10-10T17:00,25.0,65,1002.5,0.0,1.1,171
黄山,2026-10-10T18:00,23.5,61,1002.7,0.0,2.7,48
黄山,2026-10-10T19:00,22.3,60,1003.5,0.0,6.5,67
黄山,2026-10-10T20:00,21.7,61,1004.3,0.0,6.5,92
黄山,2026-10-10T21:00,20.2,68,1004.7,0.0,5.4,94
黄山,2026-10-10T22:00,19.6,71,1005.0,0.0,2.4,107
黄山,2026-10-10T23:00,19.0,73,1005.1,0.0,1.1,108
黄山,2026-10-11T00:00,18.4,76,1005.1,0.0,0.6,34
黄山,2026-10-11T01:00,17.4,82,1005.0,0.0,0.8,27
黄山,2026-10-11T02:00,17.1,84,1005.1,0.0,0.5,45
黄山,2026-10-11T03:00,16.3,87,1004.8,0.0,0.0,270
黄山,2026-10-11T04:00,15.8,89,1004.7,0.0,0.4,243
黄山,2026-10-11T05:00,15.3,92,1004.9,0.0,0.5,270
黄山,2026-10-11T06:00,15.0,93,1005.3,0.0,0.4,243
黄山,2026-10-11T07:00,16.2,89,1006.1,0.0,2.0,225
黄山,2026-10-11T08:00,18.6,80,1007.0,0.0,1.0,292
滁州,2026-10-10T09:00,20.8,84,1016.4,0.0,1.6,96
滁州,2026-10-10T10:00,22.9,72,1016.4,0.0,2.2,145
滁州,2026-10-10T11:00,24.3,63,1015.9,0.0,1.6,207
滁州,2026-10-10T12:00,25.1,57,1015.3,0.0,2.0,297
滁州,2026-10-10T13:00,25.6,53,1014.5,0.0,3.0,335
滁州,2026-10-10T14:00,25.8,50,1013.8,0.0,1.8,336
滁州,2026-10-10T15:00,25.9,50,1013.4,0.0,2.1,329
滁州,2026-10-10T16:00,25.7,51,1013.5,0.0,4.5,360
滁州,2026-10-10T17:00,24.0,63,1013.4,0.0,5.5,27
滁州,2026-10-10T18:00,21.5,70,1013.7,0.0,6.3,24
滁州,2026-10-10T19:00,20.3,75,1014.3,0.0,5.7,46
滁州,2026-10-10T20:00,20.1,80,1014.7,0.0,2.3,58
滁州,2026-10-10T21:00,18.9,85,1015.2,0.0,6.7,358
滁州,2026-10-10T22:00,18.2,85,1015.7,0.0,5.8,34
滁州,2026-10-10T23:00,17.6,87,1015.7,0.0,5.3,33
滁州,2026-10-11T00:00,17.3,87,1015.4,0.0,3.2,47
滁州,2026-10-11T01:00,16.7,89,1015.3,0.0,4.2,31
滁州,2026-10-11T02:00,16.5,92,1015.4,0.0,5.6,40
滁州,2026-10-11T03:00,15.7,94,1015.2,0.0,4.8,20
滁州,2026-10-11T04:00,15.4,97,1015.2,0.0,5.1,32
滁州,2026-10-11T05:00,15.2,99,1015.3,0.0,5.2,41
滁州,2026-10-11T06:00,15.1,100,1015.8,0.0,4.8,34
滁州,2026-10-11T07:00,16.3,99,1016.5,0.0,5.6,48
滁州,2026-10-11T08:00,18.5,96,1017.3,0.0,3.1,45
阜阳,2026-10-10T09:00,20.8,74,1016.3,0.0,2.0,175
阜阳,2026-10-10T10:00,23.4,61,1016.3,0.0,2.5,150
阜阳,2026-10-10T11:00,25.1,53,1016.0,0.0,2.3,151
阜阳,2026-10-10T12:00,26.3,48,1015.3,0.0,1.6,153
阜阳,2026-10-10T13:00,26.9,46,1014.4,0.0,1.2,141
阜阳,2026-10-10T14:00,27.3,43,1013.5,0.0,0.5,135
阜阳,2026-10-10T15:00,27.5,45,1013.1,0.0,0.2,90
阜阳,2026-10-10T16:00,27.2,45,1013.2,0.0,0.8,27
阜阳,2026-10-10T17:00,26.3,53,1013.2,0.0,2.1,52
阜阳,2026-10-10T18:00,23.6,64,1013.5,0.0,3.9,68
阜阳,2026-10-10T19:00,22.3,70,1014.0,0.0,6.5,90
阜阳,2026-10-10T20:00,21.4,74,1014.5,0.0,7.7,131
阜阳,2026-10-10T21:00,20.4,77,1014.9,0.0,7.2,127
阜阳,2026-10-10T22:00,19.8,79,1015.1,0.0,9.3,109
阜阳,2026-10-10T23:00,19.4,79,1015.1,0.0,8.6,116
阜阳,2026-10-11T00:00,18.7,81,1015.2,0.0,7.9,133
阜阳,2026-10-11T01:00,18.3,82,1015.1,0.0,7.8,127
阜阳,2026-10-11T02:00,17.8,85,1015.2,0.0,7.5,105
阜阳,2026-10-11T03:00,17.1,88,1015.0,0.0,5.7,103
阜阳,2026-10-11T04:00,16.9,89,1015.1,0.0,5.5,113
阜阳,2026-10-11T05:00,16.7,89,1015.3,0.0,5.5,122
阜阳,2026-10-11T06:00,16.5,90,1015.6,0.0,6.0,123
阜阳,2026-10-11T07:00,16.9,89,1016.3,0.0,8.0,117
阜阳,2026-10-11T08:00,19.4,80,1017.1,0.0,7.3,101
宿州,2026-10-10T09:00,20.8,73,1017.0,0.0,2.4,99
宿州,2026-10-10T10:00,23.3,61,1016.8,0.0,2.0,100
宿州,2026-10-10T11:00,24.9,50,1016.6,0.0,2.9,83
宿州,2026-10-10T12:00,25.7,47,1016.0,0.0,2.9,47
宿州,2026-10-10T13:00,26.1,46,1015.0,0.0,3.5,24
宿州,2026-10-10T14:00,26.4,44,1014.3,0.0,2.9,22
宿州,2026-10-10T15:00,26.7,44,1014.0,0.0,4.3,2
宿州,2026-10-10T16:00,26.3,44,1014.0,0.0,6.1,5
宿州,2026-10-10T17:00,24.5,60,1014.0,0.0,4.1,23
宿州,2026-10-10T18:00,21.6,67,1014.3,0.0,5.6,33
宿州,2026-10-10T19:00,20.4,69,1015.1,0.0,7.6,56
宿州,2026-10-10T20:00,20.2,68,1015.4,0.0,7.0,77
宿州,2026-10-10T21:00,19.3,70,1016.0,0.0,7.5,80
宿州,2026-10-10T22:00,18.7,72,1016.5,0.0,7.4,89
宿州,2026-10-10T23:00,17.9,76,1016.3,0.0,6.9,99
宿州,2026-10-11T00:00,17.3,78,1016.0,0.0,6.1,109
宿州,2026-10-11T01:00,16.8,79,1016.0,0.0,5.0,116
宿州,2026-10-11T02:00,16.4,81,1016.2,0.0,5.4,98
宿州,2026-10-11T03:00,16.1,83,1015.8,0.0,5.9,92
宿州,2026-10-11T04:00,15.9,84,1015.9,0.0,4.9,92
宿州,2026-10-11T05:00,14.9,88,1016.1,0.0,4.6,99
宿州,2026-10-11T06:00,14.5,90,1016.4,0.0,4.4,109
宿州,2026-10-11T07:00,15.6,88,1017.1,0.0,3.5,111
宿州,2026-10-11T08:00,18.6,78,1018.0,0.0,3.1,121
六安,2026-10-10T09:00,21.0,69,1013.0,0.0,2.4,287
六安,2026-10-10T10:00,23.2,60,1013.2,0.0,3.1,306
六安,2026-10-10T11:00,24.6,53,1012.8,0.0,4.1,337
六安,2026-10-10T12:00,25.4,50,1012.4,0.0,4.9,352
六安,2026-10-10T13:00,26.1,48,1011.5,0.0,4.2,5
六安,2026-10-10T14:00,26.6,45,1010.6,0.0,2.5,21
六安,2026-10-10T15:00,26.7,45,1010.1,0.0,0.8,45
六安,2026-10-10T16:00,26.4,46,1010.1,0.0,0.4,270
六安,2026-10-10T17:00,25.5,56,1010.1,0.0,1.5,284
六安,2026-10-10T18:00,22.9,64,1010.3,0.0,1.4,310
六安,2026-10-10T19:00,22.0,66,1010.8,0.0,1.0,329
六安,2026-10-10T20:00,21.1,71,1011.3,0.0,2.3,51
六安,2026-10-10T21:00,19.4,79,1011.7,0.0,6.5,56
六安,2026-10-10T22:00,19.4,79,1012.2,0.0,8.6,79
六安,2026-10-10T23:00,19.2,78,1012.1,0.0,9.0,90
六安,2026-10-11T00:00,18.3,82,1012.0,0.0,6.4,119
六安,2026-10-11T01:00,17.3,89,1012.0,0.0,5.5,161
六安,2026-10-11T02:00,17.1,91,1012.0,0.0,6.1,148
六安,2026-10-11T03:00,16.4,92,1011.4,0.0,5.7,152
六安,2026-10-11T04:00,16.1,92,1011.6,0.0,4.6,167
六安,2026-10-11T05:00,15.7,93,1011.8,0.0,4.0,170
六安,2026-10-11T06:00,15.5,93,1012.1,0.0,2.7,180
六安,2026-10-11T07:00,16.3,91,1012.9,0.0,4.2,187
六安,2026-10-11T08:00,18.8,82,1013.7,0.0,2.7,152
亳州,2026-10-10T09:00,20.5,74,1015.2,0.0,4.4,148
亳州,2026-10-10T10:00,23.0,62,1015.1,0.0,5.4,172
亳州,2026-10-10T11:00,24.6,55,1015.1,0.0,5.2,184
亳州,2026-10-10T12:00,25.6,52,1014.4,0.0,5.2,180
亳州,2026-10-10T13:00,26.3,49,1013.4,0.0,5.4,172
亳州,2026-10-10T14:00,26.8,47,1012.7,0.0,4.4,153
亳州,2026-10-10T15:00,26.8,47,1012.3,0.0,4.5,140
亳州,2026-10-10T16:00,26.3,49,1012.4,0.0,5.1,138
亳州,2026-10-10T17:00,24.9,60,1012.3,0.0,5.6,111
亳州,2026-10-10T18:00,22.5,66,1012.6,0.0,5.8,81
亳州,2026-10-10T19:00,22.0,66,1013.1,0.0,7.4,84
亳州,2026-10-10T20:00,21.3,71,1013.6,0.0,9.4,110
亳州,2026-10-10T21:00,20.3,75,1014.1,0.0,7.9,106
亳州,2026-10-10T22:00,19.7,77,1014.4,0.0,9.6,103
亳州,2026-10-10T23:00,19.4,74,1014.6,0.0,10.8,100
亳州,2026-10-11T00:00,18.9,73,1014.6,0.0,10.5,112
亳州,2026-10-11T01:00,18.5,73,1014.6,0.0,9.4,121
亳州,2026-10-11T02:00,18.6,72,1014.6,0.0,9.1,120
亳州,2026-10-11T03:00,18.0,75,1014.2,0.0,7.7,127
亳州,2026-10-11T04:00,17.5,77,1014.2,0.0,7.4,137
亳州,2026-10-11T05:00,17.1,79,1014.4,0.0,7.2,141
亳州,2026-10-11T06:00,16.5,82,1014.8,0.0,7.2,122
亳州,2026-10-11T07:00,16.4,84,1015.5,0.0,8.0,113
亳州,2026-10-11T08:00,18.9,77,1016.3,0.0,6.9,110
池州,2026-10-10T09:00,20.8,78,1019.0,0.0,3.4,6
池州,2026-10-10T10:00,22.5,72,1019.1,0.0,4.5,7
池州,2026-10-10T11:00,24.0,65,1018.8,0.0,5.4,4
池州,2026-10-10T12:00,25.1,58,1018.0,0.0,6.1,14
池州,2026-10-10T13:00,25.6,56,1017.2,0.0,5.9,20
池州,2026-10-10T14:00,26.2,55,1016.6,0.0,6.1,34
池州,2026-10-10T15:00,26.0,56,1016.2,0.0,6.6,47
池州,2026-10-10T16:00,25.6,56,1016.1,0.0,7.6,63
池州,2026-10-10T17:00,24.2,64,1016.1,0.0,6.1,87
池州,2026-10-10T18:00,22.1,70,1016.4,0.0,6.0,99
池州,2026-10-10T19:00,21.3,75,1016.9,0.0,6.1,78
池州,2026-10-10T20:00,20.6,80,1017.5,0.0,5.0,64
池州,2026-10-10T21:00,20.0,82,1018.0,0.0,3.1,80
池州,2026-10-10T22:00,19.4,83,1018.3,0.0,3.8,107
池州,2026-10-10T23:00,19.0,84,1018.3,0.0,5.0,109
池州,2026-10-11T00:00,18.8,85,1018.1,0.0,5.2,110
池州,2026-10-11T01:00,18.4,85,1017.9,0.0,4.5,113
池州,2026-10-11T02:00,18.2,88,1018.0,0.0,2.7,98
池州,2026-10-11T03:00,17.7,90,1017.7,0.0,2.1,75
池州,2026-10-11T04:00,17.3,91,1017.6,0.0,2.3,90
池州,2026-10-11T05:00,17.1,93,1017.8,0.0,1.1,108
池州,2026-10-11T06:00,16.9,93,1018.2,0.0,0.9,90
池州,2026-10-11T07:00,17.8,92,1019.0,0.0,2.4,107
池州,2026-10-11T08:00,19.5,87,1019.8,0.0,1.7,41
宣城,2026-10-10T09:00,21.0,76,1015.7,0.0,1.2,231
宣城,2026-10-10T10:00,23.0,70,1015.6,0.0,1.2,333
宣城,2026-10-10T11:00,24.4,63,1015.4,0.0,3.6,3
宣城,2026-10-10T12:00,25.3,57,1014.7,0.0,5.5,19
宣城,2026-10-10T13:00,25.8,53,1014.0,0.0,6.2,26
宣城,2026-10-10T14:00,26.1,52,1013.5,0.0,5.6,42
宣城,2026-10-10T15:00,26.1,53,1013.2,0.0,4.8,45
宣城,2026-10-10T16:00,25.6,57,1013.1,0.0,5.5,67
宣城,2026-10-10T17:00,24.0,68,1013.0,0.0,5.2,94
宣城,2026-10-10T18:00,21.4,75,1013.1,0.0,4.6,101
宣城,2026-10-10T19:00,21.0,74,1013.8,0.0,2.4,73
宣城,2026-10-10T20:00,20.4,77,1014.2,0.0,3.1,111
宣城,2026-10-10T21:00,20.0,76,1014.6,0.0,0.9,180
宣城,2026-10-10T22:00,19.3,78,1015.0,0.0,1.5,173
宣城,2026-10-10T23:00,18.3,82,1014.9,0.0,2.0,175
宣城,2026-10-11T00:00,17.5,86,1014.8,0.0,0.9,217
宣城,2026-10-11T01:00,16.9,90,1014.8,0.0,1.9,229
宣城,2026-10-11T02:00,16.8,91,1014.6,0.0,2.0,117
宣城,2026-10-11T03:00,15.7,96,1014.4,0.0,3.3,135
宣城,2026-10-11T04:00,15.1,98,1014.5,0.0,2.0,170
宣城,2026-10-11T05:00,14.8,98,1014.5,0.0,2.7,172
宣城,2026-10-11T06:00,14.6,98,1014.8,0.0,2.0,170
宣城,2026-10-11T07:00,15.8,94,1015.7,0.0,2.2,189
宣城,2026-10-11T08:00,18.9,84,1016.5,0.0,1.5,194
福州,2026-10-10T09:00,25.0,63,1017.1,0.0,5.7,328
福州,2026-10-10T10:00,26.6,58,1016.9,0.0,4.4,7
福州,2026-10-10T11:00,28.3,52,1016.2,0.0,4.0,51
福州,2026-10-10T12:00,29.5,47,1015.0,0.0,6.1,67
福州,2026-10-10T13:00,29.7,47,1014.2,0.0,7.7,87
福州,2026-10-10T14:00,28.8,52,1013.7,0.0,11.4,96
福州,2026-10-10T15:00,27.5,57,1013.9,0.0,12.8,101
福州,2026-10-10T16:00,26.5,58,1014.3,0.0,11.1,97
福州,2026-10-10T17:00,25.7,61,1014.6,0.0,9.7,93
福州,2026-10-10T18:00,24.3,71,1015.2,0.0,4.2,100
福州,2026-10-10T19:00,23.7,77,1015.9,0.0,1.3,56
福州,2026-10-10T20:00,23.8,79,1016.6,0.0,2.0,10
福州,2026-10-10T21:00,23.0,84,1017.0,0.0,2.2,351
福州,2026-10-10T22:00,22.3,87,1017.3,0.0,2.5,352
福州,2026-10-10T23:00,21.8,89,1017.3,0.0,3.6,354
福州,2026-10-11T00:00,21.5,89,1017.0,0.0,4.1,345
福州,2026-10-11T01:00,21.3,88,1016.7,0.0,4.4,341
福州,2026-10-11T02:00,21.2,85,1016.7,0.0,5.0,334
福州,2026-10-11T03:00,20.8,87,1016.6,0.0,4.4,333
福州,2026-10-11T04:00,20.5,87,1016.7,0.0,3.1,332
福州,2026-10-11T05:00,20.2,90,1016.8,0.0,2.7,332
福州,2026-10-11T06:00,19.8,92,1017.1,0.0,3.5,321
福州,2026-10-11T07:00,20.9,85,1017.6,0.0,4.0,309
福州,2026-10-11T08:00,23.0,75,1018.1,0.0,3.4,295
厦门,2026-10-10T09:00,26.8,55,1016.5,0.0,13.3,16
厦门,2026-10-10T10:00,28.5,53,1016.3,0.0,16.6,36
厦门,2026-10-10T11:00,29.6,51,1015.7,0.0,17.4,45
厦门,2026-10-10T12:00,30.6,47,1014.7,0.0,15.1,41
厦门,2026-10-10T13:00,31.7,43,1013.8,0.0,11.9,42
厦门,2026-10-10T14:00,31.8,43,1013.4,0.0,7.9,93
厦门,2026-10-10T15:00,30.6,52,1012.9,0.0,12.3,121
厦门,2026-10-10T16:00,29.3,61,1012.9,0.0,15.5,118
厦门,2026-10-10T17:00,28.1,63,1013.1,0.0,18.5,108
厦门,2026-10-10T18:00,27.1,62,1013.6,0.0,19.3,94
厦门,2026-10-10T19:00,26.8,59,1014.6,0.0,16.2,71
厦门,2026-10-10T20:00,26.4,62,1015.7,0.0,11.0,55
厦门,2026-10-10T21:00,25.9,62,1016.4,0.0,11.2,44
厦门,2026-10-10T22:00,25.3,63,1016.6,0.0,12.5,47
厦门,2026-10-10T23:00,24.8,66,1016.8,0.0,11.8,44
厦门,2026-10-11T00:00,24.5,66,1016.7,0.0,10.3,40
厦门,2026-10-11T01:00,24.1,68,1016.5,0.0,9.7,35
厦门,2026-10-11T02:00,23.9,67,1016.5,0.0,8.9,32
厦门,2026-10-11T03:00,23.3,71,1016.3,0.0,7.9,30
厦门,2026-10-11T04:00,22.6,77,1016.5,0.0,7.0,29
厦门,2026-10-11T05:00,22.2,81,1016.6,0.0,6.2,26
厦门,2026-10-11T06:00,22.0,82,1016.8,0.0,6.5,13
厦门,2026-10-11T07:00,23.1,76,1017.4,0.0,8.8,5
厦门,2026-10-11T08:00,25.5,60,1017.9,0.0,10.2,23
莆田,2026-10-10T09:00,25.4,65,1015.0,0.0,11.4,16
莆田,2026-10-10T10:00,26.6,60,1014.9,0.0,13.1,33
莆田,2026-10-10T11:00,27.5,57,1014.4,0.0,13.2,44
莆田,2026-10-10T12:00,28.1,56,1013.4,0.0,13.8,54
莆田,2026-10-10T13:00,28.6,55,1012.5,0.0,14.5,70
莆田,2026-10-10T14:00,28.2,56,1012.0,0.0,15.3,82
莆田,2026-10-10T15:00,27.3,58,1011.8,0.0,17.2,84
莆田,2026-10-10T16:00,26.3,63,1012.0,0.0,17.4,80
莆田,2026-10-10T17:00,25.2,68,1012.4,0.0,15.7,68
莆田,2026-10-10T18:00,23.9,73,1012.9,0.0,12.2,54
莆田,2026-10-10T19:00,23.4,74,1013.7,0.0,10.0,34
莆田,2026-10-10T20:00,23.2,76,1014.6,0.0,7.9,16
莆田,2026-10-10T21:00,22.7,76,1015.0,0.0,7.4,7
莆田,2026-10-10T22:00,22.3,78,1015.3,0.0,7.1,350
莆田,2026-10-10T23:00,21.9,79,1015.2,0.0,7.0,342
莆田,2026-10-11T00:00,21.8,79,1015.0,0.0,7.7,351
莆田,2026-10-11T01:00,21.7,79,1014.8,0.0,8.1,354
莆田,2026-10-11T02:00,21.6,79,1014.8,0.0,7.4,346
莆田,2026-10-11T03:00,21.2,80,1014.7,0.0,6.7,333
莆田,2026-10-11T04:00,21.0,80,1014.8,0.0,6.9,327
莆田,2026-10-11T05:00,20.7,82,1014.9,0.0,6.9,327
莆田,2026-10-11T06:00,20.5,83,1015.0,0.0,6.4,328
莆田,2026-10-11T07:00,21.7,80,1015.6,0.0,7.1,333
莆田,2026-10-11T08:00,24.1,73,1016.2,0.0,5.3,348
三明,2026-10-10T09:00,24.0,66,995.8,0.0,3.1,360
三明,2026-10-10T10:00,25.8,59,995.6,0.0,5.1,17
三明,2026-10-10T11:00,27.2,53,995.0,0.0,7.7,33
三明,2026-10-10T12:00,28.1,49,994.1,0.0,9.1,41
三明,2026-10-10T13:00,28.7,46,993.3,0.0,9.3,50
三明,2026-10-10T14:00,29.2,43,992.4,0.0,7.8,56
三明,2026-10-10T15:00,29.1,43,992.0,0.0,8.5,69
三明,2026-10-10T16:00,28.3,45,992.2,0.0,9.1,76
三明,2026-10-10T17:00,26.4,56,992.3,0.0,6.5,85
三明,2026-10-10T18:00,23.2,70,992.5,0.0,5.6,92
三明,2026-10-10T19:00,21.8,77,992.8,0.0,6.7,90
三明,2026-10-10T20:00,21.5,79,993.5,0.0,6.1,85
三明,2026-10-10T21:00,20.7,81,993.9,0.0,4.9,92
三明,2026-10-10T22:00,20.3,81,994.2,0.0,3.6,87
三明,2026-10-10T23:00,20.1,81,994.4,0.0,3.4,87
三明,2026-10-11T00:00,20.0,79,994.3,0.0,3.4,93
三明,2026-10-11T01:00,19.9,79,994.2,0.0,2.2,90
三明,2026-10-11T02:00,19.6,80,994.2,0.0,1.5,83
三明,2026-10-11T03:00,19.0,81,994.1,0.0,1.1,99
三明,2026-10-11T04:00,18.6,83,994.4,0.0,2.2,90
三明,2026-10-11T05:00,18.3,85,994.5,0.0,2.2,85
三明,2026-10-11T06:00,17.8,88,994.8,0.0,2.6,74
三明,2026-10-11T07:00,19.4,84,995.5,0.0,3.4,84
三明,2026-10-11T08:00,22.4,73,996.3,0.0,1.8,11
泉州,2026-10-10T09:00,26.6,59,1015.5,0.0,13.0,26
泉州,2026-10-10T10:00,28.1,55,1015.3,0.0,13.6,35
泉州,2026-10-10T11:00,29.5,51,1014.7,0.0,15.5,48
泉州,2026-10-10T12:00,30.4,48,1013.6,0.0,17.2,55
泉州,2026-10-10T13:00,30.4,49,1012.9,0.0,16.3,64
泉州,2026-10-10T14:00,31.0,46,1012.3,0.0,14.2,64
泉州,2026-10-10T15:00,29.6,52,1012.2,0.0,15.8,71
泉州,2026-10-10T16:00,28.6,54,1012.3,0.0,15.7,68
泉州,2026-10-10T17:00,27.4,56,1012.6,0.0,15.6,69
泉州,2026-10-10T18:00,25.8,63,1013.1,0.0,14.7,63
泉州,2026-10-10T19:00,25.1,67,1013.7,0.0,16.0,59
泉州,2026-10-10T20:00,24.6,71,1014.7,0.0,13.4,53
泉州,2026-10-10T21:00,24.1,73,1015.3,0.0,13.0,44
泉州,2026-10-10T22:00,23.9,70,1015.5,0.0,12.8,38
泉州,2026-10-10T23:00,23.8,67,1015.6,0.0,12.6,36
泉州,2026-10-11T00:00,23.8,64,1015.5,0.0,11.1,30
泉州,2026-10-11T01:00,23.5,64,1015.3,0.0,9.3,19
泉州,2026-10-11T02:00,23.2,63,1015.5,0.0,8.6,12
泉州,2026-10-11T03:00,22.4,67,1015.4,0.0,7.8,7
泉州,2026-10-11T04:00,22.1,69,1015.5,0.0,8.1,6
泉州,2026-10-11T05:00,22.0,70,1015.6,0.0,8.8,2
泉州,2026-10-11T06:00,21.8,72,1015.7,0.0,9.0,358
泉州,2026-10-11T07:00,22.8,70,1016.3,0.0,8.4,351
泉州,2026-10-11T08:00,25.3,62,1016.8,0.0,8.1,12
漳州,2026-10-10T09:00,24.2,75,1014.8,0.0,5.6,297
漳州,2026-10-10T10:00,26.3,61,1014.5,0.0,6.4,310
漳州,2026-10-10T11:00,28.2,57,1013.9,0.0,4.3,5
漳州,2026-10-10T12:00,29.6,53,1012.8,0.0,3.1,28
漳州,2026-10-10T13:00,30.3,52,1011.9,0.0,2.7,37
漳州,2026-10-10T14:00,30.3,51,1011.4,0.0,1.1,99
漳州,2026-10-10T15:00,30.7,51,1010.8,0.0,0.4,297
漳州,2026-10-10T16:00,30.4,51,1010.8,0.0,2.8,145
漳州,2026-10-10T17:00,27.7,66,1011.2,0.0,13.5,138
漳州,2026-10-10T18:00,25.0,79,1011.8,0.0,12.6,138
漳州,2026-10-10T19:00,24.8,80,1012.5,0.0,10.7,147
漳州,2026-10-10T20:00,25.0,80,1013.5,0.0,9.4,149
漳州,2026-10-10T21:00,24.7,79,1014.2,0.0,7.2,161
漳州,2026-10-10T22:00,24.3,79,1014.5,0.0,4.9,174
漳州,2026-10-10T23:00,23.9,80,1014.7,0.0,3.6,183
漳州,2026-10-11T00:00,23.3,81,1014.7,0.0,2.7,188
漳州,2026-10-11T01:00,22.8,84,1014.6,0.0,1.6,207
漳州,2026-10-11T02:00,22.7,84,1014.6,0.0,1.4,220
漳州,2026-10-11T03:00,22.2,83,1014.3,0.0,1.7,257
漳州,2026-10-11T04:00,21.9,83,1014.4,0.0,1.7,283
漳州,2026-10-11T05:00,21.5,85,1014.6,0.0,1.9,287
漳州,2026-10-11T06:00,21.2,87,1014.8,0.0,2.3,293
漳州,2026-10-11T07:00,21.8,85,1015.4,0.0,3.7,293
漳州,2026-10-11T08:00,23.1,83,1016.1,0.0,3.3,292
南平,2026-10-10T09:00,23.8,72,1008.7,0.0,0.3,135
南平,2026-10-10T10:00,25.8,63,1008.4,0.0,0.9,360
南平,2026-10-10T11:00,27.4,56,1007.6,0.0,2.2,5
南平,2026-10-10T12:00,28.6,52,1006.6,0.0,3.1,36
南平,2026-10-10T13:00,29.3,49,1005.6,0.0,4.2,31
南平,2026-10-10T14:00,30.0,46,1004.8,0.0,3.7,14
南平,2026-10-10T15:00,30.0,46,1004.4,0.0,3.9,16
南平,2026-10-10T16:00,29.6,47,1004.3,0.0,3.9,16
南平,2026-10-10T17:00,28.3,62,1004.6,0.0,2.0,45
南平,2026-10-10T18:00,25.6,65,1004.8,0.0,1.4,40
南平,2026-10-10T19:00,24.0,73,1005.3,0.0,1.3,8
南平,2026-10-10T20:00,23.2,77,1006.1,0.0,0.7,360
南平,2026-10-10T21:00,22.2,82,1006.7,0.0,0.6,326
南平,2026-10-10T22:00,21.6,85,1007.0,0.0,0.8,333
南平,2026-10-10T23:00,21.2,88,1007.2,0.0,0.8,45
南平,2026-10-11T00:00,20.7,91,1007.1,0.0,1.8,96
南平,2026-10-11T01:00,20.3,93,1007.1,0.0,1.5,120
南平,2026-10-11T02:00,20.3,91,1007.3,0.0,1.0,121
南平,2026-10-11T03:00,19.8,93,1007.2,0.0,0.7,104
南平,2026-10-11T04:00,19.5,94,1007.5,0.0,0.7,104
南平,2026-10-11T05:00,19.2,96,1007.7,0.0,0.9,101
南平,2026-10-11T06:00,19.0,97,1008.0,0.0,0.7,90
南平,2026-10-11T07:00,20.0,95,1008.7,0.0,2.2,90
南平,2026-10-11T08:00,22.2,85,1009.2,0.0,1.5,120
龙岩,2026-10-10T09:00,23.3,65,980.6,0.0,9.7,24
龙岩,2026-10-10T10:00,25.0,60,980.5,0.0,9.8,23
龙岩,2026-10-10T11:00,26.6,52,980.0,0.0,9.7,19
龙岩,2026-10-10T12:00,27.8,47,979.2,0.0,10.2,13
龙岩,2026-10-10T13:00,28.8,43,978.4,0.0,10.4,9
龙岩,2026-10-10T14:00,29.3,41,977.7,0.0,8.1,359
龙岩,2026-10-10T15:00,29.2,40,977.3,0.0,9.1,7
龙岩,2026-10-10T16:00,28.7,43,977.2,0.0,8.7,14
龙岩,2026-10-10T17:00,26.8,55,977.2,0.0,6.4,8
龙岩,2026-10-10T18:00,23.5,69,977.2,0.0,4.6,13
龙岩,2026-10-10T19:00,22.3,75,977.6,0.0,2.7,53
龙岩,2026-10-10T20:00,21.8,79,978.4,0.0,2.3,67
龙岩,2026-10-10T21:00,20.8,82,978.9,0.0,1.8,101
龙岩,2026-10-10T22:00,19.8,87,979.2,0.0,2.0,100
龙岩,2026-10-10T23:00,19.0,91,979.4,0.0,2.0,95
龙岩,2026-10-11T00:00,18.3,94,979.3,0.0,1.6,96
龙岩,2026-10-11T01:00,17.9,95,979.2,0.0,1.1,108
龙岩,2026-10-11T02:00,17.9,94,979.2,0.0,1.3,98
龙岩,2026-10-11T03:00,17.4,94,979.0,0.0,1.0,112
龙岩,2026-10-11T04:00,17.2,94,979.1,0.0,1.3,98
龙岩,2026-10-11T05:00,17.1,93,979.3,0.0,1.8,79
龙岩,2026-10-11T06:00,17.0,92,979.5,0.0,2.3,67
龙岩,2026-10-11T07:00,18.6,87,980.3,0.0,4.3,57
龙岩,2026-10-11T08:00,22.1,74,981.3,0.0,3.9,13
宁德,2026-10-10T09:00,24.2,66,1017.0,0.0,4.3,360
宁德,2026-10-10T10:00,25.6,61,1016.7,0.0,5.1,17
宁德,2026-10-10T11:00,26.9,56,1016.0,0.0,4.6,42
宁德,2026-10-10T12:00,27.8,52,1015.1,0.0,4.8,68
宁德,2026-10-10T13:00,28.1,52,1014.2,0.0,6.1,90
宁德,2026-10-10T14:00,27.9,52,1013.6,0.0,7.8,105
宁德,2026-10-10T15:00,26.9,56,1013.7,0.0,9.1,99
宁德,2026-10-10T16:00,25.8,63,1014.0,0.0,9.9,95
宁德,2026-10-10T17:00,24.3,71,1014.6,0.0,7.3,100
宁德,2026-10-10T18:00,22.9,79,1015.1,0.0,1.2,27
宁德,2026-10-10T19:00,22.6,78,1015.8,0.0,0.6,288
宁德,2026-10-10T20:00,22.7,80,1016.5,0.0,1.0,301
宁德,2026-10-10T21:00,22.2,80,1016.9,0.0,2.1,301
宁德,2026-10-10T22:00,21.4,83,1017.3,0.0,4.1,285
宁德,2026-10-10T23:00,20.9,83,1017.3,0.0,5.2,274
宁德,2026-10-11T00:00,20.7,83,1016.9,0.0,5.6,270
宁德,2026-10-11T01:00,20.5,84,1016.5,0.0,4.5,275
宁德,2026-10-11T02:00,20.3,84,1016.5,0.0,4.0,273
宁德,2026-10-11T03:00,19.9,85,1016.3,0.0,3.4,270
宁德,2026-10-11T04:00,19.8,85,1016.4,0.0,3.2,273
宁德,2026-10-11T05:00,19.5,85,1016.6,0.0,3.1,280
宁德,2026-10-11T06:00,19.4,85,1016.9,0.0,3.3,283
宁德,2026-10-11T07:00,20.9,80,1017.3,0.0,3.9,286
宁德,2026-10-11T08:00,22.8,76,1017.8,0.0,2.4,333
南昌,2026-10-10T09:00,22.9,68,1018.2,0.0,5.0,30
南昌,2026-10-10T10:00,24.5,60,1018.2,0.0,7.0,29
南昌,2026-10-10T11:00,25.6,55,1017.8,0.0,8.0,34
南昌,2026-10-10T12:00,26.5,53,1017.1,0.0,9.5,32
南昌,2026-10-10T13:00,27.1,50,1016.2,0.0,10.4,30
南昌,2026-10-10T14:00,27.6,48,1015.5,0.0,9.6,33
南昌,2026-10-10T15:00,27.2,47,1015.2,0.0,10.5,35
南昌,2026-10-10T16:00,26.8,49,1015.2,0.0,9.9,38
南昌,2026-10-10T17:00,25.6,57,1015.2,0.0,7.1,45
南昌,2026-10-10T18:00,23.9,67,1015.3,0.0,6.5,34
南昌,2026-10-10T19:00,23.0,72,1015.7,0.0,8.8,23
南昌,2026-10-10T20:00,22.6,74,1016.4,0.0,8.8,17
南昌,2026-10-10T21:00,21.9,72,1016.8,0.0,9.4,11
南昌,2026-10-10T22:00,21.5,70,1017.1,0.0,9.3,9
南昌,2026-10-10T23:00,21.2,71,1017.1,0.0,8.8,11
南昌,2026-10-11T00:00,21.0,74,1017.0,0.0,8.9,14
南昌,2026-10-11T01:00,20.7,76,1016.9,0.0,8.7,14
南昌,2026-10-11T02:00,20.5,78,1017.1,0.0,8.7,13
南昌,2026-10-11T03:00,20.0,78,1016.7,0.0,8.3,13
南昌,2026-10-11T04:00,19.7,79,1016.8,0.0,9.3,8
南昌,2026-10-11T05:00,19.6,80,1016.9,0.0,10.0,7
南昌,2026-10-11T06:00,19.5,82,1017.3,0.0,10.0,8
南昌,2026-10-11T07:00,19.8,82,1018.0,0.0,10.2,13
南昌,2026-10-11T08:00,21.4,78,1018.7,0.0,8.9,24
景德镇,2026-10-10T09:00,23.0,62,1015.8,0.0,4.5,56
景德镇,2026-10-10T10:00,25.3,54,1015.6,0.0,3.1,59
景德镇,2026-10-10T11:00,26.8,47,1015.3,0.0,3.6,354
景德镇,2026-10-10T12:00,27.7,42,1014.4,0.0,6.2,339
景德镇,2026-10-10T13:00,28.3,43,1013.5,0.0,6.9,330
景德镇,2026-10-10T14:00,28.8,43,1012.8,0.0,5.1,315
景德镇,2026-10-10T15:00,28.9,44,1012.3,0.0,4.7,288
景德镇,2026-10-10T16:00,28.9,43,1012.1,0.0,5.3,298
景德镇,2026-10-10T17:00,27.5,49,1012.2,0.0,4.7,298
景德镇,2026-10-10T18:00,24.3,57,1012.5,0.0,6.8,307
景德镇,2026-10-10T19:00,22.9,58,1013.1,0.0,8.4,340
景德镇,2026-10-10T20:00,22.6,58,1013.9,0.0,9.1,10
景德镇,2026-10-10T21:00,22.0,60,1014.3,0.0,10.4,28
景德镇,2026-10-10T22:00,21.1,64,1014.6,0.0,10.0,33
景德镇,2026-10-10T23:00,20.2,68,1014.7,0.0,9.4,36
景德镇,2026-10-11T00:00,19.5,72,1014.6,0.0,9.3,41
景德镇,2026-10-11T01:00,18.9,76,1014.6,0.0,9.3,43
景德镇,2026-10-11T02:00,18.7,77,1014.7,0.0,8.4,43
景德镇,2026-10-11T03:00,17.8,81,1014.3,0.0,7.7,51
景德镇,2026-10-11T04:00,17.1,85,1014.4,0.0,7.0,55
景德镇,2026-10-11T05:00,16.6,88,1014.6,0.0,7.6,56
景德镇,2026-10-11T06:00,16.3,89,1015.0,0.0,8.1,58
景德镇,2026-10-11T07:00,17.3,84,1015.7,0.0,8.3,57
景德镇,2026-10-11T08:00,20.2,71,1016.5,0.0,6.2,46
萍乡,2026-10-10T09:00,22.7,69,1008.9,0.0,4.6,64
萍乡,2026-10-10T10:00,25.0,58,1008.8,0.0,6.3,72
萍乡,2026-10-10T11:00,26.6,48,1008.2,0.0,8.3,72
萍乡,2026-10-10T12:00,27.7,43,1007.7,0.0,7.8,67
萍乡,2026-10-10T13:00,28.5,40,1006.8,0.0,6.7,66
萍乡,2026-10-10T14:00,29.1,38,1006.0,0.0,7.1,56
萍乡,2026-10-10T15:00,29.2,39,1005.3,0.0,7.6,52
萍乡,2026-10-10T16:00,28.6,42,1005.2,0.0,8.2,58
萍乡,2026-10-10T17:00,27.1,54,1005.4,0.0,4.4,78
萍乡,2026-10-10T18:00,24.5,64,1005.7,0.0,1.9,73
萍乡,2026-10-10T19:00,22.9,70,1005.9,0.0,3.3,68
萍乡,2026-10-10T20:00,22.6,71,1006.9,0.0,4.0,51
萍乡,2026-10-10T21:00,21.9,75,1007.2,0.0,5.1,54
萍乡,2026-10-10T22:00,21.3,76,1007.3,0.0,5.2,61
萍乡,2026-10-10T23:00,20.6,78,1007.5,0.0,4.1,52
萍乡,2026-10-11T00:00,20.1,80,1007.6,0.0,3.2,34
萍乡,2026-10-11T01:00,19.5,83,1007.5,0.0,3.8,25
萍乡,2026-10-11T02:00,19.5,83,1007.8,0.0,3.9,43
萍乡,2026-10-11T03:00,18.9,85,1007.2,0.0,4.9,57
萍乡,2026-10-11T04:00,18.5,87,1007.1,0.0,4.6,54
萍乡,2026-10-11T05:00,18.2,89,1007.2,0.0,5.4,48
萍乡,2026-10-11T06:00,18.0,90,1007.6,0.0,5.9,55
萍乡,2026-10-11T07:00,18.5,88,1008.2,0.0,6.6,61
萍乡,2026-10-11T08:00,20.9,79,1008.9,0.0,5.8,68
九江,2026-10-10T09:00,21.9,74,1015.6,0.0,2.6,25
九江,2026-10-10T10:00,23.2,67,1015.8,0.0,4.5,7
九江,2026-10-10T11:00,24.2,62,1015.7,0.0,5.2,12
九江,2026-10-10T12:00,25.1,58,1015.0,0.0,6.0,21
九江,2026-10-10T13:00,25.4,56,1014.0,0.0,6.6,29
九江,2026-10-10T14:00,25.8,54,1013.4,0.0,5.4,26
九江,2026-10-10T15:00,25.6,54,1013.1,0.0,4.7,47
九江,2026-10-10T16:00,25.2,55,1013.1,0.0,4.7,67
九江,2026-10-10T17:00,24.1,65,1013.0,0.0,4.2,80
九江,2026-10-10T18:00,22.5,72,1013.2,0.0,3.7,79
九江,2026-10-10T19:00,22.3,69,1013.6,0.0,3.4,74
九江,2026-10-10T20:00,22.6,66,1014.3,0.0,2.7,82
九江,2026-10-10T21:00,22.4,65,1014.6,0.0,1.5,120
九江,2026-10-10T22:00,22.0,67,1014.8,0.0,1.8,127
九江,2026-10-10T23:00,21.7,69,1014.7,0.0,2.5,111
九江,2026-10-11T00:00,21.3,73,1014.7,0.0,3.8,93
九江,2026-10-11T01:00,20.9,78,1014.5,0.0,4.9,92
九江,2026-10-11T02:00,20.7,84,1014.6,0.0,5.6,92
九江,2026-10-11T03:00,19.7,87,1014.3,0.0,4.2,102
九江,2026-10-11T04:00,19.4,87,1014.5,0.0,3.1,121
九江,2026-10-11T05:00,19.3,87,1014.7,0.0,1.8,135
九江,2026-10-11T06:00,19.0,87,1015.1,0.0,1.0,149
九江,2026-10-11T07:00,19.6,87,1015.8,0.0,1.3,146
九江,2026-10-11T08:00,21.3,76,1016.4,0.0,2.4,107
新余,2026-10-10T09:00,22.2,74,1012.4,0.0,1.3,16
新余,2026-10-10T10:00,24.3,63,1012.3,0.0,3.4,43
新余,2026-10-10T11:00,25.7,56,1011.9,0.0,5.3,57
新余,2026-10-10T12:00,26.7,51,1011.1,0.0,6.3,51
新余,2026-10-10T13:00,27.5,48,1010.2,0.0,6.9,39
新余,2026-10-10T14:00,27.9,47,1009.5,0.0,7.3,36
新余,2026-10-10T15:00,27.8,47,1009.0,0.0,7.7,37
新余,2026-10-10T16:00,27.4,49,1008.9,0.0,7.5,44
新余,2026-10-10T17:00,26.3,59,1009.0,0.0,5.7,66
新余,2026-10-10T18:00,24.4,68,1009.1,0.0,5.7,81
新余,2026-10-10T19:00,23.4,72,1009.4,0.0,5.1,80
新余,2026-10-10T20:00,23.1,75,1010.3,0.0,4.6,79
新余,2026-10-10T21:00,22.4,75,1010.8,0.0,5.4,48
新余,2026-10-10T22:00,21.8,76,1011.0,0.0,6.0,49
新余,2026-10-10T23:00,21.1,78,1011.1,0.0,4.8,56
新余,2026-10-11T00:00,20.5,81,1011.1,0.0,3.5,35
新余,2026-10-11T01:00,20.1,82,1010.9,0.0,3.4,16
新余,2026-10-11T02:00,19.9,84,1011.2,0.0,2.8,11
新余,2026-10-11T03:00,19.3,85,1010.7,0.0,1.3,360
新余,2026-10-11T04:00,18.7,87,1010.6,0.0,1.1,351
新余,2026-10-11T05:00,18.2,90,1010.8,0.0,0.7,346
新余,2026-10-11T06:00,18.0,91,1011.3,0.0,0.4,297
新余,2026-10-11T07:00,18.5,90,1011.9,0.0,1.0,301
新余,2026-10-11T08:00,20.9,81,1012.5,0.0,1.5,36
鹰潭,2026-10-10T09:00,23.4,66,1014.2,0.0,5.0,75
鹰潭,2026-10-10T10:00,25.4,57,1014.1,0.0,5.7,77
鹰潭,2026-10-10T11:00,26.9,51,1013.7,0.0,5.5,58
鹰潭,2026-10-10T12:00,27.8,47,1012.9,0.0,6.3,31
鹰潭,2026-10-10T13:00,28.4,45,1011.9,0.0,7.1,21
鹰潭,2026-10-10T14:00,28.8,44,1011.3,0.0,6.9,5
鹰潭,2026-10-10T15:00,28.8,46,1010.9,0.0,7.8,338
鹰潭,2026-10-10T16:00,28.6,47,1010.8,0.0,10.1,333
鹰潭,2026-10-10T17:00,27.4,50,1010.9,0.0,11.8,336
鹰潭,2026-10-10T18:00,25.3,57,1011.2,0.0,10.9,343
鹰潭,2026-10-10T19:00,24.1,62,1011.6,0.0,10.8,342
鹰潭,2026-10-10T20:00,23.8,64,1012.4,0.0,10.2,336
鹰潭,2026-10-10T21:00,22.9,68,1012.7,0.0,9.9,344
鹰潭,2026-10-10T22:00,22.4,71,1012.9,0.0,8.0,354
鹰潭,2026-10-10T23:00,21.6,73,1013.0,0.0,2.6,12
鹰潭,2026-10-11T00:00,21.2,74,1013.0,0.0,0.5,180
鹰潭,2026-10-11T01:00,20.6,77,1012.8,0.0,1.5,263
鹰潭,2026-10-11T02:00,20.3,80,1012.8,0.0,1.5,284
鹰潭,2026-10-11T03:00,19.7,82,1012.5,0.0,1.8,24
鹰潭,2026-10-11T04:00,19.0,88,1012.8,0.0,4.2,59
鹰潭,2026-10-11T05:00,18.5,92,1012.9,0.0,3.9,68
鹰潭,2026-10-11T06:00,18.1,93,1013.3,0.0,4.2,50
鹰潭,2026-10-11T07:00,19.3,87,1014.0,0.0,7.2,58
鹰潭,2026-10-11T08:00,21.8,73,1014.8,0.0,6.3,66
赣州,2026-10-10T09:00,23.4,63,1006.5,0.0,7.8,15
赣州,2026-10-10T10:00,25.3,53,1006.3,0.0,8.6,11
赣州,2026-10-10T11:00,27.0,46,1005.8,0.0,8.5,13
赣州,2026-10-10T12:00,28.2,44,1005.0,0.0,8.4,10
赣州,2026-10-10T13:00,29.0,43,1004.0,0.0,8.5,359
赣州,2026-10-10T14:00,29.7,42,1003.1,0.0,8.4,353
赣州,2026-10-10T15:00,29.7,41,1002.5,0.0,9.5,350
赣州,2026-10-10T16:00,29.4,42,1002.5,0.0,10.7,353
赣州,2026-10-10T17:00,28.5,45,1002.7,0.0,12.8,351
赣州,2026-10-10T18:00,26.5,52,1003.1,0.0,13.7,339
赣州,2026-10-10T19:00,25.4,57,1003.5,0.0,13.6,349
赣州,2026-10-10T20:00,25.0,60,1004.4,0.0,13.0,358
赣州,2026-10-10T21:00,24.2,62,1005.0,0.0,10.7,7
赣州,2026-10-10T22:00,23.6,63,1005.4,0.0,8.6,15
赣州,2026-10-10T23:00,23.0,65,1005.7,0.0,5.9,20
赣州,2026-10-11T00:00,22.3,68,1005.7,0.0,3.8,17
赣州,2026-10-11T01:00,21.6,72,1005.3,0.0,2.8,27
赣州,2026-10-11T02:00,21.6,71,1005.4,0.0,3.2,38
赣州,2026-10-11T03:00,20.5,77,1005.1,0.0,2.6,34
赣州,2026-10-11T04:00,20.0,81,1005.1,0.0,2.3,29
赣州,2026-10-11T05:00,19.6,83,1005.2,0.0,2.2,35
赣州,2026-10-11T06:00,19.3,86,1005.5,0.0,2.5,45
赣州,2026-10-11T07:00,19.8,83,1006.0,0.0,4.0,54
赣州,2026-10-11T08:00,22.0,71,1006.9,0.0,3.6,20
吉安,2026-10-10T09:00,22.4,74,1013.6,0.0,3.1,332
吉安,2026-10-10T10:00,24.2,64,1013.4,0.0,4.8,345
吉安,2026-10-10T11:00,25.6,59,1012.9,0.0,6.5,352
吉安,2026-10-10T12:00,26.7,55,1012.1,0.0,7.8,353
吉安,2026-10-10T13:00,27.4,53,1011.1,0.0,9.7,349
吉安,2026-10-10T14:00,27.8,53,1010.4,0.0,10.6,345
吉安,2026-10-10T15:00,27.7,52,1009.9,0.0,12.7,349
吉安,2026-10-10T16:00,27.3,52,1009.8,0.0,13.5,357
吉安,2026-10-10T17:00,26.3,58,1010.0,0.0,11.4,355
吉安,2026-10-10T18:00,24.3,65,1010.2,0.0,9.4,355
吉安,2026-10-10T19:00,23.1,70,1010.6,0.0,9.7,1
吉安,2026-10-10T20:00,22.6,72,1011.4,0.0,8.9,14
吉安,2026-10-10T21:00,21.8,76,1011.8,0.0,7.6,25
吉安,2026-10-10T22:00,21.0,78,1012.1,0.0,5.6,31
吉安,2026-10-10T23:00,20.3,82,1012.2,0.0,4.9,28
吉安,2026-10-11T00:00,19.7,84,1012.2,0.0,3.2,19
吉安,2026-10-11T01:00,19.2,87,1012.1,0.0,1.8,349
吉安,2026-10-11T02:00,18.9,90,1012.3,0.0,3.0,335
吉安,2026-10-11T03:00,18.2,92,1011.9,0.0,3.5,339
吉安,2026-10-11T04:00,18.0,93,1011.8,0.0,3.8,357
吉安,2026-10-11T05:00,17.8,94,1012.0,0.0,3.4,357
吉安,2026-10-11T06:00,17.6,94,1012.4,0.0,3.4,344
吉安,2026-10-11T07:00,18.4,90,1013.0,0.0,5.7,349
吉安,2026-10-11T08:00,20.5,80,1013.7,0.0,4.1,347
宜春,2026-10-10T09:00,23.0,68,1009.3,0.0,2.8,50
宜春,2026-10-10T10:00,24.7,58,1009.3,0.0,4.2,59
宜春,2026-10-10T11:00,26.0,52,1008.8,0.0,5.4,60
宜春,2026-10-10T12:00,26.9,49,1008.1,0.0,5.6,48
宜春,2026-10-10T13:00,27.5,49,1007.3,0.0,5.3,33
宜春,2026-10-10T14:00,27.9,48,1006.5,0.0,5.2,20
宜春,2026-10-10T15:00,27.9,48,1006.0,0.0,5.8,16
宜春,2026-10-10T16:00,27.7,49,1005.8,0.0,4.9,24
宜春,2026-10-10T17:00,26.8,57,1005.8,0.0,3.0,33
宜春,2026-10-10T18:00,24.7,65,1006.0,0.0,3.5,28
宜春,2026-10-10T19:00,23.3,69,1006.3,0.0,4.7,58
宜春,2026-10-10T20:00,23.1,70,1007.2,0.0,2.6,106
宜春,2026-10-10T21:00,21.7,76,1007.6,0.0,1.9,139
宜春,2026-10-10T22:00,20.8,80,1007.8,0.0,2.4,126
宜春,2026-10-10T23:00,20.2,84,1008.0,0.0,3.3,103
宜春,2026-10-11T00:00,19.8,85,1008.0,0.0,2.0,90
宜春,2026-10-11T01:00,19.5,86,1007.9,0.0,1.3,98
宜春,2026-10-11T02:00,19.4,87,1008.1,0.0,3.1,97
宜春,2026-10-11T03:00,18.8,88,1007.5,0.0,2.4,103
宜春,2026-10-11T04:00,18.4,87,1007.4,0.0,2.0,117
宜春,2026-10-11T05:00,18.2,86,1007.6,0.0,1.8,114
宜春,2026-10-11T06:00,17.9,86,1008.1,0.0,1.7,122
宜春,2026-10-11T07:00,18.6,83,1008.7,0.0,1.9,131
宜春,2026-10-11T08:00,21.2,75,1009.4,0.0,1.5,97
抚州,2026-10-10T09:00,22.6,72,1014.5,0.0,3.4,335
抚州,2026-10-10T10:00,24.3,66,1014.5,0.0,3.7,337
抚州,2026-10-10T11:00,25.7,59,1014.1,0.0,4.8,340
抚州,2026-10-10T12:00,26.8,54,1013.2,0.0,6.2,352
抚州,2026-10-10T13:00,27.6,51,1012.2,0.0,8.1,357
抚州,2026-10-10T14:00,28.1,50,1011.6,0.0,9.0,360
抚州,2026-10-10T15:00,28.1,50,1011.2,0.0,10.8,357
抚州,2026-10-10T16:00,27.5,51,1011.1,0.0,12.4,350
抚州,2026-10-10T17:00,26.2,57,1011.3,0.0,12.8,346
抚州,2026-10-10T18:00,24.4,62,1011.5,0.0,12.5,348
抚州,2026-10-10T19:00,23.2,64,1012.0,0.0,10.3,356
抚州,2026-10-10T20:00,22.8,66,1012.8,0.0,7.9,1
抚州,2026-10-10T21:00,22.0,71,1013.0,0.0,7.0,4
抚州,2026-10-10T22:00,21.5,75,1013.3,0.0,6.5,3
抚州,2026-10-10T23:00,21.2,77,1013.4,0.0,6.7,8
抚州,2026-10-11T00:00,20.7,81,1013.3,0.0,5.4,14
抚州,2026-10-11T01:00,20.3,82,1013.1,0.0,2.7,8
抚州,2026-10-11T02:00,20.1,83,1013.3,0.0,1.7,347
抚州,2026-10-11T03:00,19.4,85,1012.9,0.0,2.3,302
抚州,2026-10-11T04:00,19.1,87,1013.0,0.0,3.4,302
抚州,2026-10-11T05:00,18.7,89,1013.1,0.0,3.1,301
抚州,2026-10-11T06:00,18.3,90,1013.5,0.0,3.6,311
抚州,2026-10-11T07:00,19.1,88,1014.2,0.0,5.4,326
抚州,2026-10-11T08:00,20.8,77,1014.9,0.0,4.0,350
上饶,2026-10-10T09:00,22.2,67,1010.5,0.0,9.5,51
上饶,2026-10-10T10:00,23.9,62,1010.4,0.0,7.4,56
上饶,2026-10-10T11:00,25.4,58,1009.7,0.0,5.7,62
上饶,2026-10-10T12:00,26.7,51,1008.9,0.0,5.2,59
上饶,2026-10-10T13:00,27.7,47,1007.8,0.0,5.4,70
上饶,2026-10-10T14:00,28.3,44,1007.2,0.0,3.4,90
上饶,2026-10-10T15:00,28.4,46,1006.8,0.0,0.0,270
上饶,2026-10-10T16:00,28.1,48,1006.7,0.0,2.8,230
上饶,2026-10-10T17:00,26.6,59,1006.8,0.0,4.2,230
上饶,2026-10-10T18:00,24.1,70,1007.1,0.0,4.9,231
上饶,2026-10-10T19:00,23.3,71,1007.6,0.0,4.2,230
上饶,2026-10-10T20:00,22.9,75,1008.1,0.0,3.1,270
上饶,2026-10-10T21:00,21.7,79,1008.6,0.0,4.0,60
上饶,2026-10-10T22:00,21.2,81,1009.1,0.0,6.3,75
上饶,2026-10-10T23:00,20.5,84,1009.0,0.0,3.9,47
上饶,2026-10-11T00:00,19.9,85,1009.0,0.0,6.5,42
上饶,2026-10-11T01:00,19.3,85,1008.9,0.0,7.7,53
上饶,2026-10-11T02:00,19.2,85,1009.0,0.0,8.9,61
上饶,2026-10-11T03:00,18.5,88,1008.8,0.0,8.5,72
上饶,2026-10-11T04:00,18.1,89,1009.0,0.0,8.8,78
上饶,2026-10-11T05:00,17.8,89,1009.1,0.0,9.1,75
上饶,2026-10-11T06:00,17.5,90,1009.5,0.0,8.7,68
上饶,2026-10-11T07:00,18.3,86,1010.2,0.0,9.4,66
上饶,2026-10-11T08:00,20.8,75,1011.0,0.0,7.2,71
济南,2026-10-10T09:00,23.4,46,1014.7,0.0,7.3,196
济南,2026-10-10T10:00,25.2,37,1014.5,0.0,4.1,221
济南,2026-10-10T11:00,26.3,33,1014.5,0.0,3.4,276
济南,2026-10-10T12:00,27.1,30,1013.8,0.0,1.7,283
济南,2026-10-10T13:00,27.7,28,1013.0,0.0,1.7,288
济南,2026-10-10T14:00,27.9,26,1012.4,0.0,2.4,333
济南,2026-10-10T15:00,28.1,25,1012.0,0.0,3.9,338
济南,2026-10-10T16:00,27.9,25,1012.0,0.0,4.3,358
济南,2026-10-10T17:00,27.4,25,1012.2,0.0,5.0,15
济南,2026-10-10T18:00,26.0,28,1012.4,0.0,3.7,23
济南,2026-10-10T19:00,25.2,30,1013.2,0.0,3.2,16
济南,2026-10-10T20:00,24.7,33,1013.7,0.0,1.8,90
济南,2026-10-10T21:00,23.6,31,1014.1,0.0,2.8,140
济南,2026-10-10T22:00,21.8,34,1014.3,0.0,3.6,143
济南,2026-10-10T23:00,20.2,39,1014.3,0.0,3.1,152
济南,2026-10-11T00:00,19.2,42,1014.3,0.0,3.1,149
济南,2026-10-11T01:00,18.6,44,1014.3,0.0,3.5,129
济南,2026-10-11T02:00,18.3,47,1014.7,0.0,4.6,132
济南,2026-10-11T03:00,17.6,50,1014.3,0.0,3.5,152
济南,2026-10-11T04:00,17.3,52,1014.2,0.0,3.2,164
济南,2026-10-11T05:00,17.0,54,1014.6,0.0,3.4,164
济南,2026-10-11T06:00,16.7,56,1014.8,0.0,3.6,150
济南,2026-10-11T07:00,17.2,55,1015.4,0.0,3.8,161
济南,2026-10-11T08:00,20.5,46,1016.1,0.0,2.3,176
青岛,2026-10-10T09:00,21.0,69,1019.7,0.0,2.8,333
青岛,2026-10-10T10:00,22.6,60,1019.5,0.0,2.1,340
青岛,2026-10-10T11:00,23.6,51,1019.1,0.0,1.3,146
青岛,2026-10-10T12:00,23.9,49,1018.5,0.0,5.2,168
青岛,2026-10-10T13:00,23.8,51,1017.8,0.0,7.7,169
青岛,2026-10-10T14:00,24.0,48,1017.5,0.0,10.6,166
青岛,2026-10-10T15:00,23.6,51,1017.3,0.0,13.4,147
青岛,2026-10-10T16:00,23.1,59,1017.3,0.0,14.8,140
青岛,2026-10-10T17:00,22.5,61,1017.5,0.0,13.3,144
青岛,2026-10-10T18:00,22.0,64,1017.7,0.0,10.2,146
青岛,2026-10-10T19:00,21.9,66,1018.4,0.0,9.0,154
青岛,2026-10-10T20:00,21.8,69,1018.7,0.0,7.9,167
青岛,2026-10-10T21:00,21.5,72,1019.0,0.0,5.4,166
青岛,2026-10-10T22:00,20.9,75,1019.3,0.0,3.4,148
青岛,2026-10-10T23:00,20.4,80,1019.3,0.0,1.0,121
青岛,2026-10-11T00:00,19.5,83,1019.1,0.0,2.2,360
青岛,2026-10-11T01:00,18.6,87,1019.1,0.0,3.1,360
青岛,2026-10-11T02:00,18.1,90,1019.3,0.0,0.6,18
青岛,2026-10-11T03:00,17.6,89,1018.9,0.0,3.7,346
青岛,2026-10-11T04:00,17.2,91,1018.8,0.0,6.3,345
青岛,2026-10-11T05:00,16.8,92,1019.0,0.0,5.4,354
青岛,2026-10-11T06:00,16.1,94,1019.4,0.0,5.8,351
青岛,2026-10-11T07:00,16.4,92,1020.1,0.0,6.2,353
青岛,2026-10-11T08:00,18.5,82,1020.9,0.0,5.2,356
淄博,2026-10-10T09:00,22.8,46,1015.5,0.0,4.6,225
淄博,2026-10-10T10:00,24.8,38,1015.3,0.0,4.2,275
淄博,2026-10-10T11:00,26.6,31,1015.0,0.0,3.5,336
淄博,2026-10-10T12:00,27.7,27,1014.5,0.0,4.8,345
淄博,2026-10-10T13:00,28.3,25,1013.5,0.0,4.5,355
淄博,2026-10-10T14:00,28.6,24,1013.0,0.0,5.1,4
淄博,2026-10-10T15:00,28.6,24,1012.6,0.0,6.1,12
淄博,2026-10-10T16:00,28.2,24,1012.7,0.0,7.8,22
淄博,2026-10-10T17:00,27.4,25,1012.8,0.0,8.0,31
淄博,2026-10-10T18:00,25.8,28,1013.2,0.0,8.1,47
淄博,2026-10-10T19:00,24.1,31,1014.1,0.0,10.1,78
淄博,2026-10-10T20:00,23.1,32,1014.6,0.0,10.3,89
淄博,2026-10-10T21:00,21.8,38,1015.2,0.0,10.1,92
淄博,2026-10-10T22:00,20.8,46,1015.5,0.0,10.1,86
淄博,2026-10-10T23:00,19.9,53,1015.6,0.0,10.3,97
淄博,2026-10-11T00:00,19.3,56,1015.4,0.0,8.9,104
淄博,2026-10-11T01:00,18.5,60,1015.5,0.0,6.0,115
淄博,2026-10-11T02:00,17.8,61,1015.7,0.0,4.3,135
淄博,2026-10-11T03:00,16.5,62,1015.2,0.0,3.4,177
淄博,2026-10-11T04:00,15.8,60,1015.1,0.0,4.7,180
淄博,2026-10-11T05:00,15.4,61,1015.3,0.0,4.3,178
淄博,2026-10-11T06:00,15.2,63,1015.7,0.0,3.4,180
淄博,2026-10-11T07:00,15.8,62,1016.4,0.0,2.5,120
淄博,2026-10-11T08:00,18.8,52,1017.2,0.0,3.8,65
枣庄,2026-10-10T09:00,20.3,71,1010.1,0.0,5.0,125
枣庄,2026-10-10T10:00,22.2,60,1009.9,0.0,4.8,153
枣庄,2026-10-10T11:00,23.6,55,1009.7,0.0,3.4,186
枣庄,2026-10-10T12:00,24.5,49,1009.2,0.0,2.2,189
枣庄,2026-10-10T13:00,25.0,47,1008.2,0.0,1.7,162
枣庄,2026-10-10T14:00,25.1,45,1007.6,0.0,2.9,133
枣庄,2026-10-10T15:00,25.2,45,1007.4,0.0,1.4,130
枣庄,2026-10-10T16:00,24.8,46,1007.3,0.0,2.3,119
枣庄,2026-10-10T17:00,23.3,64,1007.3,0.0,3.1,167
枣庄,2026-10-10T18:00,20.5,68,1007.7,0.0,4.1,165
枣庄,2026-10-10T19:00,19.5,71,1008.2,0.0,2.9,158
枣庄,2026-10-10T20:00,19.5,71,1008.5,0.0,2.3,148
枣庄,2026-10-10T21:00,19.0,72,1008.9,0.0,1.5,144
枣庄,2026-10-10T22:00,18.3,74,1009.2,0.0,2.7,138
枣庄,2026-10-10T23:00,17.4,78,1009.2,0.0,4.4,142
枣庄,2026-10-11T00:00,16.7,80,1008.8,0.0,4.8,132
枣庄,2026-10-11T01:00,16.5,81,1008.9,0.0,3.7,141
枣庄,2026-10-11T02:00,16.3,82,1009.2,0.0,2.7,122
枣庄,2026-10-11T03:00,15.7,83,1008.8,0.0,2.4,103
枣庄,2026-10-11T04:00,15.0,85,1008.7,0.0,2.5,98
枣庄,2026-10-11T05:00,14.3,87,1009.0,0.0,4.3,95
枣庄,2026-10-11T06:00,13.7,90,1009.4,0.0,4.5,95
枣庄,2026-10-11T07:00,14.7,86,1010.1,0.0,4.1,103
枣庄,2026-10-11T08:00,18.2,76,1010.9,0.0,2.5,111
东营,2026-10-10T09:00,20.7,52,1019.3,0.0,2.9,210
东营,2026-10-10T10:00,22.8,44,1019.3,0.0,0.4,180
东营,2026-10-10T11:00,24.8,38,1019.0,0.0,2.9,90
东营,2026-10-10T12:00,26.0,36,1018.6,0.0,5.6,75
东营,2026-10-10T13:00,26.4,34,1017.8,0.0,9.7,80
东营,2026-10-10T14:00,26.3,35,1017.6,0.0,11.7,86
东营,2026-10-10T15:00,25.7,37,1017.3,0.0,11.9,90
东营,2026-10-10T16:00,25.0,41,1017.5,0.0,11.3,91
东营,2026-10-10T17:00,23.6,49,1017.4,0.0,11.5,93
东营,2026-10-10T18:00,21.4,63,1017.8,0.0,9.7,79
东营,2026-10-10T19:00,20.4,68,1018.5,0.0,10.4,70
东营,2026-10-10T20:00,20.0,76,1019.0,0.0,11.5,94
东营,2026-10-10T21:00,19.3,87,1019.5,0.0,9.7,92
东营,2026-10-10T22:00,19.0,92,1019.7,0.0,9.5,104
东营,2026-10-10T23:00,18.8,89,1019.6,0.0,9.3,105
东营,2026-10-11T00:00,18.5,88,1019.4,0.0,7.2,104
东营,2026-10-11T01:00,18.0,89,1019.5,0.0,5.4,110
东营,2026-10-11T02:00,17.7,90,1019.9,0.0,2.3,108
东营,2026-10-11T03:00,17.1,92,1019.2,0.0,1.9,17
东营,2026-10-11T04:00,16.4,94,1019.2,0.0,4.3,5
东营,2026-10-11T05:00,16.1,95,1019.5,0.0,5.4,15
东营,2026-10-11T06:00,15.8,95,1019.9,0.0,5.1,18
东营,2026-10-11T07:00,16.9,95,1020.5,0.0,6.0,29
东营,2026-10-11T08:00,19.5,87,1021.2,0.0,5.7,53
烟台,2026-10-10T09:00,21.9,65,1020.5,0.0,3.6,200
烟台,2026-10-10T10:00,23.6,53,1020.3,0.0,1.4,40
烟台,2026-10-10T11:00,24.3,50,1019.9,0.0,6.5,39
烟台,2026-10-10T12:00,24.3,52,1019.3,0.0,10.2,37
烟台,2026-10-10T13:00,23.9,52,1018.7,0.0,14.3,35
烟台,2026-10-10T14:00,23.6,46,1018.5,0.0,15.7,40
烟台,2026-10-10T15:00,23.0,54,1018.4,0.0,14.6,44
烟台,2026-10-10T16:00,22.1,64,1018.5,0.0,14.8,53
烟台,2026-10-10T17:00,20.9,69,1018.7,0.0,13.7,62
烟台,2026-10-10T18:00,19.9,74,1019.1,0.0,10.6,79
烟台,2026-10-10T19:00,19.3,72,1019.7,0.0,9.6,86
烟台,2026-10-10T20:00,18.5,67,1020.2,0.0,6.3,88
烟台,2026-10-10T21:00,17.4,71,1020.4,0.0,4.2,133
烟台,2026-10-10T22:00,16.8,76,1020.6,0.0,4.0,183
烟台,2026-10-10T23:00,16.1,84,1020.4,0.0,4.5,203
烟台,2026-10-11T00:00,15.4,88,1020.1,0.0,3.7,235
烟台,2026-10-11T01:00,14.8,89,1020.2,0.0,3.0,253
烟台,2026-10-11T02:00,14.0,92,1020.5,0.0,3.2,254
烟台,2026-10-11T03:00,13.5,93,1020.0,0.0,4.2,263
烟台,2026-10-11T04:00,13.1,95,1020.0,0.0,3.6,264
烟台,2026-10-11T05:00,13.3,93,1020.2,0.0,1.5,240
烟台,2026-10-11T06:00,13.1,92,1020.6,0.0,0.9,217
烟台,2026-10-11T07:00,15.0,88,1021.3,0.0,2.8,207
烟台,2026-10-11T08:00,18.4,76,1021.9,0.0,2.1,211
潍坊,2026-10-10T09:00,21.6,55,1017.3,0.0,1.5,187
潍坊,2026-10-10T10:00,23.9,44,1017.1,0.0,2.4,324
潍坊,2026-10-10T11:00,25.4,37,1016.7,0.0,3.6,354
潍坊,2026-10-10T12:00,26.5,33,1016.1,0.0,3.1,28
潍坊,2026-10-10T13:00,27.3,31,1015.4,0.0,4.0,8
潍坊,2026-10-10T14:00,27.6,28,1014.8,0.0,4.6,26
潍坊,2026-10-10T15:00,27.7,29,1014.5,0.0,6.0,25
潍坊,2026-10-10T16:00,27.1,32,1014.5,0.0,8.1,32
潍坊,2026-10-10T17:00,25.4,36,1014.8,0.0,12.8,20
潍坊,2026-10-10T18:00,23.0,41,1015.4,0.0,12.5,18
潍坊,2026-10-10T19:00,21.5,53,1016.1,0.0,10.1,41
潍坊,2026-10-10T20:00,21.0,64,1016.8,0.0,10.5,57
潍坊,2026-10-10T21:00,20.1,71,1017.0,0.0,7.6,65
潍坊,2026-10-10T22:00,19.5,74,1017.4,0.0,6.1,93
潍坊,2026-10-10T23:00,18.8,76,1017.3,0.0,1.7,77
潍坊,2026-10-11T00:00,18.1,80,1017.1,0.0,0.0,270
潍坊,2026-10-11T01:00,17.0,86,1017.1,0.0,2.8,259
潍坊,2026-10-11T02:00,16.3,89,1017.4,0.0,2.7,262
潍坊,2026-10-11T03:00,15.3,93,1016.8,0.0,1.0,248
潍坊,2026-10-11T04:00,14.7,95,1016.7,0.0,1.2,219
潍坊,2026-10-11T05:00,14.2,96,1017.0,0.0,0.8,243
潍坊,2026-10-11T06:00,13.9,96,1017.5,0.0,1.4,293
潍坊,2026-10-11T07:00,15.0,92,1018.2,0.0,3.6,276
潍坊,2026-10-11T08:00,18.1,78,1018.9,0.0,1.8,315
济宁,2026-10-10T09:00,20.9,65,1015.7,0.0,6.9,149
济宁,2026-10-10T10:00,23.3,54,1015.6,0.0,7.4,167
济宁,2026-10-10T11:00,25.0,48,1015.4,0.0,7.0,177
济宁,2026-10-10T12:00,26.1,42,1014.8,0.0,4.9,174
济宁,2026-10-10T13:00,26.7,40,1013.8,0.0,3.8,172
济宁,2026-10-10T14:00,27.0,36,1013.2,0.0,3.4,162
济宁,2026-10-10T15:00,27.1,36,1012.8,0.0,4.4,153
济宁,2026-10-10T16:00,26.7,36,1012.7,0.0,4.9,163
济宁,2026-10-10T17:00,25.8,39,1012.9,0.0,6.3,187
济宁,2026-10-10T18:00,23.4,48,1013.2,0.0,6.2,197
济宁,2026-10-10T19:00,21.8,57,1014.1,0.0,4.3,165
济宁,2026-10-10T20:00,21.2,64,1014.4,0.0,1.8,174
济宁,2026-10-10T21:00,20.3,65,1014.7,0.0,2.4,216
济宁,2026-10-10T22:00,19.5,67,1015.0,0.0,4.5,214
济宁,2026-10-10T23:00,18.7,73,1015.0,0.0,4.5,203
济宁,2026-10-11T00:00,17.8,78,1014.8,0.0,3.9,196
济宁,2026-10-11T01:00,17.2,81,1014.9,0.0,2.4,193
济宁,2026-10-11T02:00,16.7,85,1015.2,0.0,1.5,126
济宁,2026-10-11T03:00,15.9,86,1014.9,0.0,4.0,72
济宁,2026-10-11T04:00,15.2,87,1014.8,0.0,3.6,84
济宁,2026-10-11T05:00,14.8,89,1015.1,0.0,2.7,110
济宁,2026-10-11T06:00,14.5,90,1015.5,0.0,1.7,108
济宁,2026-10-11T07:00,15.1,90,1016.2,0.0,1.8,90
济宁,2026-10-11T08:00,18.0,77,1017.0,0.0,2.3,67
泰安,2026-10-10T09:00,20.1,56,1002.7,0.0,3.4,93
泰安,2026-10-10T10:00,22.2,50,1002.7,0.0,3.1,149
泰安,2026-10-10T11:00,24.1,42,1002.5,0.0,3.9,196
泰安,2026-10-10T12:00,25.3,35,1001.9,0.0,3.2,196
泰安,2026-10-10T13:00,26.0,31,1001.0,0.0,4.0,170
泰安,2026-10-10T14:00,26.2,28,1000.5,0.0,4.5,143
泰安,2026-10-10T15:00,26.2,27,1000.2,0.0,5.1,135
泰安,2026-10-10T16:00,25.9,26,1000.0,0.0,5.2,117
泰安,2026-10-10T17:00,25.0,27,1000.1,0.0,2.8,130
泰安,2026-10-10T18:00,23.3,31,1000.4,0.0,3.1,283
泰安,2026-10-10T19:00,22.1,34,1001.0,0.0,5.4,291
泰安,2026-10-10T20:00,21.8,35,1001.3,0.0,4.5,326
泰安,2026-10-10T21:00,21.3,37,1001.5,0.0,5.2,348
泰安,2026-10-10T22:00,20.2,41,1001.9,0.0,4.9,4
泰安,2026-10-10T23:00,18.5,48,1002.0,0.0,6.4,45
泰安,2026-10-11T00:00,17.9,48,1001.8,0.0,7.5,27
泰安,2026-10-11T01:00,17.9,46,1001.9,0.0,7.4,26
泰安,2026-10-11T02:00,17.7,47,1002.3,0.0,7.2,37
泰安,2026-10-11T03:00,17.4,48,1001.7,0.0,7.6,34
泰安,2026-10-11T04:00,17.1,50,1001.7,0.0,7.1,34
泰安,2026-10-11T05:00,16.6,53,1002.0,0.0,6.4,36
泰安,2026-10-11T06:00,16.2,56,1002.3,0.0,5.7,32
泰安,2026-10-11T07:00,17.1,54,1002.8,0.0,6.1,34
泰安,2026-10-11T08:00,19.8,47,1003.8,0.0,5.6,61
威海,2026-10-10T09:00,21.2,68,1020.4,0.0,1.8,114
威海,2026-10-10T10:00,22.2,62,1020.2,0.0,3.7,39
威海,2026-10-10T11:00,22.6,61,1019.9,0.0,7.8,34
威海,2026-10-10T12:00,22.4,64,1019.4,0.0,9.9,42
威海,2026-10-10T13:00,22.2,63,1018.9,0.0,11.3,43
威海,2026-10-10T14:00,22.4,55,1018.6,0.0,11.8,50
威海,2026-10-10T15:00,21.5,60,1018.4,0.0,11.3,54
威海,2026-10-10T16:00,20.8,65,1018.6,0.0,11.7,75
威海,2026-10-10T17:00,19.9,68,1018.7,0.0,10.8,87
威海,2026-10-10T18:00,19.3,70,1018.9,0.0,10.0,105
威海,2026-10-10T19:00,18.8,72,1019.6,0.0,7.7,115
威海,2026-10-10T20:00,18.2,76,1020.0,0.0,6.0,129
威海,2026-10-10T21:00,17.2,80,1020.1,0.0,4.2,137
威海,2026-10-10T22:00,16.6,82,1020.3,0.0,3.8,149
威海,2026-10-10T23:00,16.1,83,1020.1,0.0,2.3,180
威海,2026-10-11T00:00,15.5,85,1019.6,0.0,3.0,194
威海,2026-10-11T01:00,15.2,86,1019.8,0.0,1.7,238
威海,2026-10-11T02:00,14.7,89,1020.0,0.0,1.9,236
威海,2026-10-11T03:00,14.5,88,1019.6,0.0,1.3,236
威海,2026-10-11T04:00,13.9,90,1019.5,0.0,1.4,247
威海,2026-10-11T05:00,14.1,89,1019.8,0.0,1.5,277
威海,2026-10-11T06:00,14.3,89,1020.0,0.0,1.3,270
威海,2026-10-11T07:00,16.4,85,1020.7,0.0,1.0,301
威海,2026-10-11T08:00,18.9,80,1021.4,0.0,4.9,33
日照,2026-10-10T09:00,20.8,68,1016.4,0.0,3.6,252
日照,2026-10-10T10:00,22.6,59,1016.1,0.0,3.9,236
日照,2026-10-10T11:00,23.8,53,1015.7,0.0,3.8,197
日照,2026-10-10T12:00,24.5,49,1015.0,0.0,3.8,172
日照,2026-10-10T13:00,24.3,51,1014.2,0.0,7.4,167
日照,2026-10-10T14:00,24.0,54,1014.1,0.0,12.9,159
日照,2026-10-10T15:00,23.1,54,1013.7,0.0,16.6,150
日照,2026-10-10T16:00,22.8,54,1013.7,0.0,12.6,149
日照,2026-10-10T17:00,22.1,60,1013.9,0.0,13.0,160
日照,2026-10-10T18:00,20.9,66,1014.3,0.0,8.5,159
日照,2026-10-10T19:00,20.6,68,1015.0,0.0,7.2,141
日照,2026-10-10T20:00,20.8,71,1015.5,0.0,6.0,139
日照,2026-10-10T21:00,20.1,75,1015.7,0.0,5.0,142
日照,2026-10-10T22:00,19.5,79,1015.9,0.0,4.4,150
日照,2026-10-10T23:00,18.9,81,1015.8,0.0,1.7,229
日照,2026-10-11T00:00,18.0,85,1015.5,0.0,4.3,287
日照,2026-10-11T01:00,16.8,88,1015.6,0.0,4.8,318
日照,2026-10-11T02:00,16.2,90,1015.8,0.0,3.3,354
日照,2026-10-11T03:00,15.7,90,1015.5,0.0,4.0,350
日照,2026-10-11T04:00,15.4,90,1015.4,0.0,4.6,347
日照,2026-10-11T05:00,15.1,90,1015.6,0.0,4.0,339
日照,2026-10-11T06:00,15.0,90,1015.9,0.0,3.9,336
日照,2026-10-11T07:00,15.8,87,1016.7,0.0,5.6,335
日照,2026-10-11T08:00,19.1,77,1017.4,0.0,4.5,2
临沂,2026-10-10T09:00,19.0,82,1012.9,0.0,1.1,261
临沂,2026-10-10T10:00,21.5,66,1012.7,0.0,2.0,243
临沂,2026-10-10T11:00,23.3,55,1012.4,0.0,3.0,237
临沂,2026-10-10T12:00,24.4,49,1011.7,0.0,3.2,254
临沂,2026-10-10T13:00,25.3,44,1011.0,0.0,2.1,308
临沂,2026-10-10T14:00,25.2,43,1010.4,0.0,0.3,315
临沂,2026-10-10T15:00,25.4,43,1010.0,0.0,2.1,149
临沂,2026-10-10T16:00,25.0,44,1010.1,0.0,3.3,167
临沂,2026-10-10T17:00,23.9,49,1009.9,0.0,6.7,161
临沂,2026-10-10T18:00,21.6,59,1010.3,0.0,5.2,174
临沂,2026-10-10T19:00,20.8,62,1010.7,0.0,5.1,219
临沂,2026-10-10T20:00,20.4,65,1011.0,0.0,6.3,219
临沂,2026-10-10T21:00,19.1,70,1011.6,0.0,6.0,196
临沂,2026-10-10T22:00,18.3,75,1012.0,0.0,3.4,164
临沂,2026-10-10T23:00,17.7,76,1012.2,0.0,1.0,338
临沂,2026-10-11T00:00,17.0,79,1011.9,0.0,1.8,101
临沂,2026-10-11T01:00,16.2,84,1011.8,0.0,2.3,119
临沂,2026-10-11T02:00,16.1,85,1012.2,0.0,0.8,117
临沂,2026-10-11T03:00,15.7,86,1011.8,0.0,0.6,162
临沂,2026-10-11T04:00,15.1,89,1011.7,0.0,0.6,342
临沂,2026-10-11T05:00,14.4,93,1012.0,0.0,2.9,349
临沂,2026-10-11T06:00,13.7,95,1012.3,0.0,4.5,7
临沂,2026-10-11T07:00,14.2,92,1012.9,0.0,6.0,21
临沂,2026-10-11T08:00,16.6,83,1013.8,0.0,3.1,36
德州,2026-10-10T09:00,21.1,56,1017.9,0.0,7.2,192
德州,2026-10-10T10:00,23.8,47,1017.9,0.0,7.0,209
德州,2026-10-10T11:00,25.8,41,1017.6,0.0,5.2,209
德州,2026-10-10T12:00,27.2,34,1017.0,0.0,3.4,198
德州,2026-10-10T13:00,27.9,30,1016.1,0.0,1.6,174
德州,2026-10-10T14:00,27.9,27,1015.7,0.0,0.9,127
德州,2026-10-10T15:00,28.2,26,1015.2,0.0,2.5,94
德州,2026-10-10T16:00,27.9,26,1015.2,0.0,2.7,110
德州,2026-10-10T17:00,27.2,27,1015.4,0.0,4.6,129
德州,2026-10-10T18:00,25.5,28,1015.7,0.0,5.0,134
德州,2026-10-10T19:00,24.5,31,1016.4,0.0,4.5,74
德州,2026-10-10T20:00,23.6,34,1016.9,0.0,8.3,56
德州,2026-10-10T21:00,22.2,39,1017.3,0.0,8.5,58
德州,2026-10-10T22:00,21.0,43,1017.7,0.0,10.8,75
德州,2026-10-10T23:00,20.3,45,1017.8,0.0,11.5,91
德州,2026-10-11T00:00,19.5,48,1017.7,0.0,10.9,103
德州,2026-10-11T01:00,18.8,50,1017.9,0.0,9.8,126
德州,2026-10-11T02:00,18.5,49,1018.2,0.0,9.3,119
德州,2026-10-11T03:00,17.8,50,1017.7,0.0,10.1,114
德州,2026-10-11T04:00,17.3,51,1017.6,0.0,9.4,116
德州,2026-10-11T05:00,16.8,55,1017.9,0.0,8.4,118
德州,2026-10-11T06:00,16.3,59,1018.3,0.0,7.4,113
德州,2026-10-11T07:00,16.2,62,1018.7,0.0,8.4,105
德州,2026-10-11T08:00,18.5,56,1019.3,0.0,7.0,108
聊城,2026-10-10T09:00,21.4,59,1015.6,0.0,9.2,168
聊城,2026-10-10T10:00,24.0,49,1015.6,0.0,9.0,186
聊城,2026-10-10T11:00,25.9,42,1015.3,0.0,9.2,183
聊城,2026-10-10T12:00,27.2,36,1014.7,0.0,7.2,184
聊城,2026-10-10T13:00,27.9,33,1013.8,0.0,5.2,178
聊城,2026-10-10T14:00,28.4,31,1013.2,0.0,5.1,163
聊城,2026-10-10T15:00,28.3,31,1012.8,0.0,5.1,157
聊城,2026-10-10T16:00,28.0,31,1012.8,0.0,5.4,150
聊城,2026-10-10T17:00,27.2,33,1013.0,0.0,6.2,154
聊城,2026-10-10T18:00,25.4,38,1013.4,0.0,7.5,159
聊城,2026-10-10T19:00,23.8,42,1013.9,0.0,9.8,160
聊城,2026-10-10T20:00,23.2,44,1014.5,0.0,9.7,158
聊城,2026-10-10T21:00,22.6,45,1015.0,0.0,8.3,166
聊城,2026-10-10T22:00,22.0,46,1015.3,0.0,7.5,188
聊城,2026-10-10T23:00,21.3,49,1015.3,0.0,7.0,168
聊城,2026-10-11T00:00,20.4,53,1015.0,0.0,3.8,161
聊城,2026-10-11T01:00,19.7,56,1015.1,0.0,3.1,208
聊城,2026-10-11T02:00,18.9,59,1015.5,0.0,6.1,242
聊城,2026-10-11T03:00,18.1,65,1015.0,0.0,0.7,14
聊城,2026-10-11T04:00,17.2,65,1015.2,0.0,7.5,63
聊城,2026-10-11T05:00,16.4,69,1015.4,0.0,3.2,133
聊城,2026-10-11T06:00,15.9,74,1016.0,0.0,1.1,189
聊城,2026-10-11T07:00,16.4,72,1016.5,0.0,4.0,212
聊城,2026-10-11T08:00,19.4,60,1017.3,0.0,4.4,199
滨州,2026-10-10T09:00,21.7,48,1018.6,0.0,5.0,268
滨州,2026-10-10T10:00,24.6,41,1018.4,0.0,7.0,282
滨州,2026-10-10T11:00,26.5,33,1018.3,0.0,6.5,309
滨州,2026-10-10T12:00,27.5,29,1017.7,0.0,4.2,342
滨州,2026-10-10T13:00,28.1,27,1016.7,0.0,3.0,25
滨州,2026-10-10T14:00,28.3,25,1016.2,0.0,3.2,52
滨州,2026-10-10T15:00,28.4,25,1015.9,0.0,3.9,77
滨州,2026-10-10T16:00,28.0,25,1015.9,0.0,6.4,80
滨州,2026-10-10T17:00,27.0,27,1016.0,0.0,7.8,77
滨州,2026-10-10T18:00,25.0,31,1016.5,0.0,10.3,63
滨州,2026-10-10T19:00,23.2,40,1017.5,0.0,10.2,67
滨州,2026-10-10T20:00,22.0,45,1018.1,0.0,8.4,79
滨州,2026-10-10T21:00,20.6,51,1018.5,0.0,9.0,95
滨州,2026-10-10T22:00,19.8,55,1018.8,0.0,11.2,105
滨州,2026-10-10T23:00,18.8,66,1018.8,0.0,11.1,115
滨州,2026-10-11T00:00,17.9,77,1018.8,0.0,9.5,127
滨州,2026-10-11T01:00,17.2,86,1018.9,0.0,7.5,132
滨州,2026-10-11T02:00,16.8,90,1019.2,0.0,6.1,122
滨州,2026-10-11T03:00,16.0,94,1018.6,0.0,4.9,100
滨州,2026-10-11T04:00,15.5,96,1018.5,0.0,3.5,81
滨州,2026-10-11T05:00,15.2,97,1018.8,0.0,4.4,52
滨州,2026-10-11T06:00,15.0,97,1019.2,0.0,4.9,51
滨州,2026-10-11T07:00,15.7,96,1019.8,0.0,7.2,55
滨州,2026-10-11T08:00,18.8,82,1020.4,0.0,5.5,73
菏泽,2026-10-10T09:00,20.7,65,1013.7,0.0,5.8,166
菏泽,2026-10-10T10:00,23.4,54,1013.6,0.0,6.7,177
菏泽,2026-10-10T11:00,25.4,46,1013.4,0.0,6.8,180
菏泽,2026-10-10T12:00,26.6,43,1012.8,0.0,6.4,169
菏泽,2026-10-10T13:00,27.4,41,1011.9,0.0,5.8,164
菏泽,2026-10-10T14:00,28.0,39,1011.3,0.0,6.0,143
菏泽,2026-10-10T15:00,28.0,39,1010.9,0.0,5.6,135
菏泽,2026-10-10T16:00,27.7,40,1010.9,0.0,6.4,128
菏泽,2026-10-10T17:00,26.4,45,1011.0,0.0,8.4,106
菏泽,2026-10-10T18:00,23.9,54,1011.4,0.0,11.0,93
菏泽,2026-10-10T19:00,22.8,55,1012.2,0.0,11.4,101
菏泽,2026-10-10T20:00,22.4,56,1012.8,0.0,11.1,107
菏泽,2026-10-10T21:00,21.6,57,1013.1,0.0,10.8,108
菏泽,2026-10-10T22:00,20.8,58,1013.6,0.0,10.4,120
菏泽,2026-10-10T23:00,20.1,61,1013.5,0.0,9.5,134
菏泽,2026-10-11T00:00,19.6,66,1013.4,0.0,8.6,154
菏泽,2026-10-11T01:00,19.1,70,1013.4,0.0,7.6,165
菏泽,2026-10-11T02:00,18.8,72,1013.6,0.0,7.4,173
菏泽,2026-10-11T03:00,18.0,76,1013.0,0.0,5.8,173
菏泽,2026-10-11T04:00,17.5,78,1013.2,0.0,5.7,171
菏泽,2026-10-11T05:00,17.0,80,1013.5,0.0,4.7,198
菏泽,2026-10-11T06:00,16.6,81,1013.8,0.0,2.8,153
菏泽,2026-10-11T07:00,17.0,80,1014.5,0.0,3.2,164
菏泽,2026-10-11T08:00,19.3,70,1015.4,0.0,4.6,116
郑州,2026-10-10T09:00,23.1,55,1006.5,0.0,11.3,283
郑州,2026-10-10T10:00,25.2,48,1006.4,0.0,12.8,289
郑州,2026-10-10T11:00,26.8,41,1006.2,0.0,10.7,295
郑州,2026-10-10T12:00,27.9,38,1006.0,0.0,9.1,311
郑州,2026-10-10T13:00,28.8,36,1005.1,0.0,7.0,316
郑州,2026-10-10T14:00,29.6,33,1004.4,0.0,5.4,334
郑州,2026-10-10T15:00,30.0,31,1004.0,0.0,4.8,347
郑州,2026-10-10T16:00,29.7,31,1003.8,0.0,4.0,21
郑州,2026-10-10T17:00,29.1,32,1003.8,0.0,3.5,75
郑州,2026-10-10T18:00,27.5,38,1004.2,0.0,5.6,97
郑州,2026-10-10T19:00,26.0,46,1004.8,0.0,8.6,112
郑州,2026-10-10T20:00,25.9,49,1005.4,0.0,8.5,125
郑州,2026-10-10T21:00,24.4,56,1005.8,0.0,6.8,143
郑州,2026-10-10T22:00,23.5,61,1006.2,0.0,5.9,157
郑州,2026-10-10T23:00,22.9,64,1006.4,0.0,5.7,134
郑州,2026-10-11T00:00,22.2,67,1006.3,0.0,5.0,131
郑州,2026-10-11T01:00,21.5,70,1006.3,0.0,3.9,133
郑州,2026-10-11T02:00,21.3,73,1006.5,0.0,2.3,151
郑州,2026-10-11T03:00,20.4,77,1006.4,0.0,0.7,14
郑州,2026-10-11T04:00,20.1,79,1006.4,0.0,3.0,14
郑州,2026-10-11T05:00,19.7,81,1006.5,0.0,3.0,52
郑州,2026-10-11T06:00,19.5,83,1006.8,0.0,2.5,90
郑州,2026-10-11T07:00,19.3,83,1007.4,0.0,1.6,27
郑州,2026-10-11T08:00,20.1,79,1008.1,0.0,1.8,53
北京,2026-10-10T09:00,19.0,63,1015.2,0.0,4.7,9
北京,2026-10-10T10:00,21.2,55,1015.2,0.0,5.0,21
北京,2026-10-10T11:00,23.2,45,1015.0,0.0,5.9,23
北京,2026-10-10T12:00,24.8,38,1014.2,0.0,5.9,20
北京,2026-10-10T13:00,25.9,36,1013.2,0.0,5.4,53
北京,2026-10-10T14:00,26.8,33,1012.6,0.0,6.2,105
北京,2026-10-10T15:00,26.9,32,1012.2,0.0,5.9,137
北京,2026-10-10T16:00,26.4,34,1012.2,0.0,7.1,164
北京,2026-10-10T17:00,25.3,42,1012.4,0.0,8.7,174
北京,2026-10-10T18:00,23.8,48,1012.7,0.0,6.6,164
北京,2026-10-10T19:00,22.8,51,1013.4,0.0,5.6,147
北京,2026-10-10T20:00,22.3,55,1014.0,0.0,2.8,165
北京,2026-10-10T21:00,21.4,55,1014.4,0.0,4.3,163
北京,2026-10-10T22:00,20.9,57,1014.6,0.0,3.9,152
北京,2026-10-10T23:00,20.2,60,1014.8,0.0,3.6,135
北京,2026-10-11T00:00,19.3,67,1014.7,0.0,1.4,67
北京,2026-10-11T01:00,18.6,69,1014.9,0.0,3.7,23
北京,2026-10-11T02:00,17.9,73,1015.6,0.0,4.4,19
北京,2026-10-11T03:00,16.7,79,1015.2,0.0,4.9,24
北京,2026-10-11T04:00,16.1,82,1015.2,0.0,5.1,18
北京,2026-10-11T05:00,15.7,83,1015.3,0.0,5.3,12
北京,2026-10-11T06:00,15.3,83,1015.7,0.0,5.2,20
北京,2026-10-11T07:00,15.4,81,1016.2,0.0,4.9,28
北京,2026-10-11T08:00,16.4,75,1016.9,0.0,4.3,24
天津,2026-10-10T09:00,19.5,67,1020.0,0.0,1.5,30
天津,2026-10-10T10:00,21.5,61,1020.0,0.0,0.2,360
天津,2026-10-10T11:00,23.0,56,1019.9,0.0,1.3,270
天津,2026-10-10T12:00,24.2,51,1019.3,0.0,1.8,281
天津,2026-10-10T13:00,24.9,47,1018.4,0.0,2.7,266
天津,2026-10-10T14:00,25.8,41,1018.1,0.0,5.6,255
天津,2026-10-10T15:00,25.6,41,1017.7,0.0,5.5,261
天津,2026-10-10T16:00,25.1,43,1017.7,0.0,4.5,277
天津,2026-10-10T17:00,23.1,61,1017.7,0.0,3.9,313
天津,2026-10-10T18:00,21.0,63,1018.0,0.0,1.5,346
天津,2026-10-10T19:00,19.1,71,1018.8,0.0,3.2,74
天津,2026-10-10T20:00,18.1,80,1019.3,0.0,6.1,114
天津,2026-10-10T21:00,17.4,82,1019.7,0.0,7.1,144
天津,2026-10-10T22:00,17.4,79,1020.2,0.0,6.9,152
天津,2026-10-10T23:00,16.9,81,1020.3,0.0,6.2,163
天津,2026-10-11T00:00,16.5,82,1020.2,0.0,4.4,171
天津,2026-10-11T01:00,16.2,83,1020.3,0.0,3.9,158
天津,2026-10-11T02:00,15.3,88,1020.8,0.0,6.0,139
天津,2026-10-11T03:00,15.1,88,1020.3,0.0,6.6,159
天津,2026-10-11T04:00,14.9,88,1020.3,0.0,4.9,190
天津,2026-10-11T05:00,15.1,86,1020.5,0.0,0.9,217
天津,2026-10-11T06:00,14.0,93,1020.8,0.0,0.9,53
天津,2026-10-11T07:00,14.3,98,1021.3,0.0,3.1,69
天津,2026-10-11T08:00,16.0,95,1022.0,0.0,3.4,84
石家庄,2026-10-10T09:00,19.2,62,1011.3,0.0,2.3,356
石家庄,2026-10-10T10:00,22.0,47,1011.2,0.0,3.8,355
石家庄,2026-10-10T11:00,23.9,43,1011.2,0.0,5.6,354
石家庄,2026-10-10T12:00,25.0,42,1010.7,0.0,6.3,3
石家庄,2026-10-10T13:00,26.0,40,1009.9,0.0,5.8,7
石家庄,2026-10-10T14:00,26.8,37,1009.3,0.0,4.7,40
石家庄,2026-10-10T15:00,27.0,36,1009.1,0.0,4.5,53
石家庄,2026-10-10T16:00,26.8,35,1008.8,0.0,3.6,18
石家庄,2026-10-10T17:00,26.3,37,1008.8,0.0,3.6,3
石家庄,2026-10-10T18:00,24.6,46,1009.3,0.0,2.7,360
石家庄,2026-10-10T19:00,23.3,52,1010.0,0.0,1.2,333
石家庄,2026-10-10T20:00,22.6,58,1010.5,0.0,0.3,315
石家庄,2026-10-10T21:00,20.9,59,1011.0,0.0,5.7,336
石家庄,2026-10-10T22:00,19.7,64,1011.4,0.0,6.5,318
石家庄,2026-10-10T23:00,18.6,69,1011.7,0.0,6.2,303
石家庄,2026-10-11T00:00,17.8,72,1011.5,0.0,6.6,307
石家庄,2026-10-11T01:00,17.2,74,1011.5,0.0,6.1,317
石家庄,2026-10-11T02:00,16.5,77,1011.9,0.0,6.2,322
石家庄,2026-10-11T03:00,15.7,80,1011.4,0.0,5.4,320
石家庄,2026-10-11T04:00,15.3,81,1011.3,0.0,5.2,319
石家庄,2026-10-11T05:00,15.0,82,1011.4,0.0,5.4,330
石家庄,2026-10-11T06:00,14.5,82,1011.8,0.0,4.6,315
石家庄,2026-10-11T07:00,14.2,82,1012.1,0.0,5.5,314
石家庄,2026-10-11T08:00,15.7,74,1012.8,0.0,3.7,313
唐山,2026-10-10T09:00,19.8,77,1016.4,0.0,4.9,88
唐山,2026-10-10T10:00,21.8,70,1016.4,0.0,2.9,97
唐山,2026-10-10T11:00,23.4,63,1016.2,0.0,1.4,130
唐山,2026-10-10T12:00,24.7,55,1015.6,0.0,1.6,180
唐山,2026-10-10T13:00,25.6,45,1014.7,0.0,2.7,217
唐山,2026-10-10T14:00,26.0,37,1014.4,0.0,4.2,223
唐山,2026-10-10T15:00,25.8,37,1014.1,0.0,5.1,219
唐山,2026-10-10T16:00,25.3,39,1014.0,0.0,4.6,222
唐山,2026-10-10T17:00,23.9,49,1014.3,0.0,4.2,220
唐山,2026-10-10T18:00,21.5,62,1014.7,0.0,8.2,199
唐山,2026-10-10T19:00,19.8,74,1015.3,0.0,8.1,177
唐山,2026-10-10T20:00,19.1,85,1015.8,0.0,8.4,164
唐山,2026-10-10T21:00,18.2,92,1016.2,0.0,7.3,155
唐山,2026-10-10T22:00,17.7,94,1016.6,0.0,7.1,156
唐山,2026-10-10T23:00,17.4,94,1016.8,0.0,6.3,162
唐山,2026-10-11T00:00,16.9,94,1016.8,0.0,3.0,123
唐山,2026-10-11T01:00,16.4,97,1017.0,0.0,6.5,56
唐山,2026-10-11T02:00,15.8,98,1017.5,0.0,7.2,76
唐山,2026-10-11T03:00,15.5,97,1016.9,0.0,7.5,73
唐山,2026-10-11T04:00,15.0,100,1016.8,0.0,8.0,72
唐山,2026-10-11T05:00,15.0,100,1017.1,0.0,6.6,77
唐山,2026-10-11T06:00,15.0,100,1017.4,0.0,5.5,67
唐山,2026-10-11T07:00,15.3,99,1017.8,0.0,4.9,80
唐山,2026-10-11T08:00,16.0,99,1018.6,0.0,4.0,93
秦皇岛,2026-10-10T09:00,19.6,56,1020.0,0.0,2.8,27
秦皇岛,2026-10-10T10:00,22.0,48,1019.9,0.0,4.1,92
秦皇岛,2026-10-10T11:00,23.2,46,1019.7,0.0,6.8,119
秦皇岛,2026-10-10T12:00,23.2,48,1019.1,0.0,10.3,128
秦皇岛,2026-10-10T13:00,23.1,49,1018.4,0.0,12.4,129
秦皇岛,2026-10-10T14:00,23.2,48,1018.1,0.0,11.9,138
秦皇岛,2026-10-10T15:00,22.7,55,1017.9,0.0,10.8,143
秦皇岛,2026-10-10T16:00,22.0,63,1018.1,0.0,8.6,123
秦皇岛,2026-10-10T17:00,21.0,69,1018.5,0.0,8.0,106
秦皇岛,2026-10-10T18:00,19.9,78,1018.9,0.0,6.2,116
秦皇岛,2026-10-10T19:00,19.1,85,1019.6,0.0,2.5,69
秦皇岛,2026-10-10T20:00,18.7,85,1020.0,0.0,1.9,17
秦皇岛,2026-10-10T21:00,17.6,82,1020.2,0.0,2.7,352
秦皇岛,2026-10-10T22:00,16.5,80,1020.6,0.0,6.5,5
秦皇岛,2026-10-10T23:00,15.8,80,1020.7,0.0,8.9,9
秦皇岛,2026-10-11T00:00,15.6,81,1020.7,0.0,7.9,4
秦皇岛,2026-10-11T01:00,15.3,83,1020.9,0.0,7.6,357
秦皇岛,2026-10-11T02:00,14.9,83,1021.3,0.0,6.7,351
秦皇岛,2026-10-11T03:00,14.2,86,1020.7,0.0,6.7,354
秦皇岛,2026-10-11T04:00,13.6,89,1020.4,0.0,6.1,360
秦皇岛,2026-10-11T05:00,13.1,90,1020.6,0.0,5.9,360
秦皇岛,2026-10-11T06:00,12.7,92,1020.8,0.0,5.5,351
秦皇岛,2026-10-11T07:00,13.5,89,1021.1,0.0,5.9,358
秦皇岛,2026-10-11T08:00,17.4,74,1021.8,0.0,4.8,34
邯郸,2026-10-10T09:00,20.6,56,1013.3,0.0,3.3,347
邯郸,2026-10-10T10:00,23.1,48,1013.0,0.0,3.2,16
邯郸,2026-10-10T11:00,25.4,42,1012.9,0.0,3.6,27
邯郸,2026-10-10T12:00,27.2,37,1012.3,0.0,4.4,32
邯郸,2026-10-10T13:00,28.4,33,1011.4,0.0,6.1,34
邯郸,2026-10-10T14:00,29.2,32,1010.9,0.0,6.6,43
邯郸,2026-10-10T15:00,29.2,31,1010.4,0.0,6.7,44
邯郸,2026-10-10T16:00,29.0,31,1010.3,0.0,6.5,39
邯郸,2026-10-10T17:00,28.3,32,1010.4,0.0,7.8,42
邯郸,2026-10-10T18:00,26.6,36,1010.8,0.0,8.7,18
邯郸,2026-10-10T19:00,25.4,40,1011.7,0.0,9.8,23
邯郸,2026-10-10T20:00,24.6,42,1012.4,0.0,6.1,23
邯郸,2026-10-10T21:00,23.0,48,1012.8,0.0,4.6,18
邯郸,2026-10-10T22:00,21.8,52,1013.2,0.0,4.3,28
邯郸,2026-10-10T23:00,21.0,54,1013.4,0.0,3.6,360
邯郸,2026-10-11T00:00,20.5,56,1013.2,0.0,4.3,360
邯郸,2026-10-11T01:00,19.7,59,1013.2,0.0,3.8,360
邯郸,2026-10-11T02:00,19.5,60,1013.6,0.0,3.6,340
邯郸,2026-10-11T03:00,19.1,60,1013.1,0.0,5.5,341
邯郸,2026-10-11T04:00,18.5,62,1013.1,0.0,5.3,350
邯郸,2026-10-11T05:00,18.2,63,1013.4,0.0,5.5,347
邯郸,2026-10-11T06:00,17.8,65,1013.9,0.0,5.8,351
邯郸,2026-10-11T07:00,17.8,65,1014.4,0.0,6.9,355
邯郸,2026-10-11T08:00,19.4,59,1014.9,0.0,4.9,356
邢台,2026-10-10T09:00,20.9,52,1011.4,0.0,2.5,339
邢台,2026-10-10T10:00,23.2,47,1011.1,0.0,4.0,36
邢台,2026-10-10T11:00,25.0,42,1011.2,0.0,6.0,37
邢台,2026-10-10T12:00,26.4,39,1010.7,0.0,7.8,40
邢台,2026-10-10T13:00,27.5,34,1009.9,0.0,9.2,43
邢台,2026-10-10T14:00,28.0,31,1009.3,0.0,10.6,40
邢台,2026-10-10T15:00,28.0,31,1008.9,0.0,9.1,41
邢台,2026-10-10T16:00,27.6,32,1008.9,0.0,7.3,28
邢台,2026-10-10T17:00,26.8,35,1009.0,0.0,5.8,22
邢台,2026-10-10T18:00,25.2,39,1009.3,0.0,4.5,326
邢台,2026-10-10T19:00,24.2,42,1009.9,0.0,5.1,343
邢台,2026-10-10T20:00,23.4,44,1010.6,0.0,7.5,325
邢台,2026-10-10T21:00,22.0,49,1011.0,0.0,7.9,317
邢台,2026-10-10T22:00,21.1,52,1011.3,0.0,6.8,307
邢台,2026-10-10T23:00,19.9,57,1011.5,0.0,4.4,305
邢台,2026-10-11T00:00,19.0,62,1011.3,0.0,5.2,301
邢台,2026-10-11T01:00,18.2,67,1011.2,0.0,7.3,318
邢台,2026-10-11T02:00,18.0,67,1011.6,0.0,8.0,333
邢台,2026-10-11T03:00,17.4,69,1011.5,0.0,7.0,328
邢台,2026-10-11T04:00,17.2,68,1011.4,0.0,7.2,328
邢台,2026-10-11T05:00,17.2,67,1011.6,0.0,6.7,333
邢台,2026-10-11T06:00,16.9,68,1012.0,0.0,5.7,332
邢台,2026-10-11T07:00,16.7,69,1012.5,0.0,4.8,323
邢台,2026-10-11T08:00,18.7,61,1013.1,0.0,4.2,329
保定,2026-10-10T09:00,18.0,62,1017.6,0.0,7.1,16
保定,2026-10-10T10:00,20.6,51,1017.7,0.0,6.9,31
保定,2026-10-10T11:00,22.9,44,1017.5,0.0,6.6,45
保定,2026-10-10T12:00,24.7,39,1017.0,0.0,6.0,46
保定,2026-10-10T13:00,25.8,37,1016.1,0.0,6.4,50
保定,2026-10-10T14:00,26.7,36,1015.5,0.0,6.1,87
保定,2026-10-10T15:00,26.7,37,1015.1,0.0,4.8,124
保定,2026-10-10T16:00,26.4,39,1014.9,0.0,6.7,142
保定,2026-10-10T17:00,25.5,42,1015.1,0.0,8.1,143
保定,2026-10-10T18:00,24.0,51,1015.5,0.0,0.8,63
保定,2026-10-10T19:00,23.2,52,1016.2,0.0,2.4,27
保定,2026-10-10T20:00,22.4,59,1016.7,0.0,1.8,11
保定,2026-10-10T21:00,21.1,62,1017.2,0.0,1.5,21
保定,2026-10-10T22:00,20.0,69,1017.5,0.0,0.8,63
保定,2026-10-10T23:00,19.3,72,1017.5,0.0,0.4,360
保定,2026-10-11T00:00,18.3,73,1017.3,0.0,1.5,330
保定,2026-10-11T01:00,17.5,77,1017.4,0.0,1.0,22
保定,2026-10-11T02:00,17.1,78,1017.9,0.0,4.5,61
保定,2026-10-11T03:00,16.2,83,1017.5,0.0,3.1,62
保定,2026-10-11T04:00,15.7,85,1017.3,0.0,1.5,45
保定,2026-10-11T05:00,15.2,86,1017.6,0.0,1.0,45
保定,2026-10-11T06:00,14.6,89,1018.0,0.0,1.3,16
保定,2026-10-11T07:00,14.4,89,1018.4,0.0,5.4,15
保定,2026-10-11T08:00,16.0,78,1019.1,0.0,5.2,31
张家口,2026-10-10T09:00,15.9,45,935.1,0.0,2.9,317
张家口,2026-10-10T10:00,17.8,39,935.3,0.0,5.8,263
张家口,2026-10-10T11:00,19.3,35,935.3,0.0,7.7,254
张家口,2026-10-10T12:00,20.8,30,934.8,0.0,8.5,252
张家口,2026-10-10T13:00,21.7,26,934.1,0.0,9.1,245
张家口,2026-10-10T14:00,22.4,22,933.4,0.0,10.5,235
张家口,2026-10-10T15:00,22.3,21,933.0,0.0,10.9,231
张家口,2026-10-10T16:00,22.1,20,932.6,0.0,11.0,229
张家口,2026-10-10T17:00,21.1,20,932.5,0.0,9.6,218
张家口,2026-10-10T18:00,18.2,28,931.8,0.0,4.7,198
张家口,2026-10-10T19:00,18.1,30,932.2,0.0,1.8,264
张家口,2026-10-10T20:00,16.9,31,932.5,0.0,2.7,360
张家口,2026-10-10T21:00,15.7,32,932.8,0.0,3.8,19
张家口,2026-10-10T22:00,14.8,35,932.8,0.0,1.9,34
张家口,2026-10-10T23:00,14.5,36,933.0,0.0,1.5,60
张家口,2026-10-11T00:00,13.7,38,933.1,0.0,1.9,68
张家口,2026-10-11T01:00,13.0,40,933.0,0.0,1.8,45
张家口,2026-10-11T02:00,12.0,42,933.3,0.0,1.5,21
张家口,2026-10-11T03:00,11.7,41,932.9,0.0,3.1,28
张家口,2026-10-11T04:00,10.6,46,932.3,0.0,3.1,31
张家口,2026-10-11T05:00,9.5,50,932.2,0.0,3.4,32
张家口,2026-10-11T06:00,8.8,54,932.3,0.0,3.6,33
张家口,2026-10-11T07:00,9.1,53,932.7,0.0,3.2,34
张家口,2026-10-11T08:00,12.5,45,934.4,0.0,2.9,30
承德,2026-10-10T09:00,17.6,59,983.9,0.0,0.8,207
承德,2026-10-10T10:00,19.6,53,983.9,0.0,2.2,189
承德,2026-10-10T11:00,21.2,48,983.8,0.0,3.6,186
承德,2026-10-10T12:00,22.4,45,983.2,0.0,3.5,192
承德,2026-10-10T13:00,23.4,41,982.2,0.0,3.7,191
承德,2026-10-10T14:00,24.4,35,981.7,0.0,3.6,198
承德,2026-10-10T15:00,24.3,33,981.4,0.0,3.1,208
承德,2026-10-10T16:00,23.9,34,981.2,0.0,3.8,191
承德,2026-10-10T17:00,22.2,45,981.2,0.0,3.3,158
承德,2026-10-10T18:00,19.7,49,981.3,0.0,7.2,141
承德,2026-10-10T19:00,18.6,58,982.0,0.0,7.8,158
承德,2026-10-10T20:00,16.7,70,982.2,0.0,5.0,161
承德,2026-10-10T21:00,15.4,76,982.6,0.0,3.8,115
承德,2026-10-10T22:00,14.8,77,983.2,0.0,3.1,87
承德,2026-10-10T23:00,14.6,77,983.6,0.0,0.4,360
承德,2026-10-11T00:00,14.2,79,983.5,0.0,0.3,45
承德,2026-10-11T01:00,13.3,81,983.6,0.0,1.3,90
承德,2026-10-11T02:00,11.9,85,984.0,0.0,2.6,65
承德,2026-10-11T03:00,10.9,87,983.3,0.0,1.9,49
承德,2026-10-11T04:00,10.3,88,983.1,0.0,2.0,45
承德,2026-10-11T05:00,9.8,89,983.3,0.0,1.5,54
承德,2026-10-11T06:00,9.6,88,983.5,0.0,1.4,50
承德,2026-10-11T07:00,10.4,85,984.0,0.0,2.7,42
承德,2026-10-11T08:00,13.7,73,985.0,0.0,1.4,130
沧州,2026-10-10T09:00,20.9,47,1019.1,0.0,4.9,216
沧州,2026-10-10T10:00,23.6,42,1019.1,0.0,5.0,232
沧州,2026-10-10T11:00,25.6,38,1019.0,0.0,4.5,254
沧州,2026-10-10T12:00,26.7,32,1018.3,0.0,2.3,247
沧州,2026-10-10T13:00,27.3,30,1017.6,0.0,2.4,207
沧州,2026-10-10T14:00,27.3,28,1017.2,0.0,2.2,185
沧州,2026-10-10T15:00,27.5,28,1016.8,0.0,2.6,168
沧州,2026-10-10T16:00,27.0,29,1016.7,0.0,4.1,135
沧州,2026-10-10T17:00,25.6,33,1017.0,0.0,6.6,133
沧州,2026-10-10T18:00,22.7,43,1017.3,0.0,4.2,108
沧州,2026-10-10T19:00,21.4,46,1018.1,0.0,9.0,102
沧州,2026-10-10T20:00,20.3,54,1018.5,0.0,10.6,111
沧州,2026-10-10T21:00,19.1,60,1018.9,0.0,9.3,122
沧州,2026-10-10T22:00,18.3,62,1019.1,0.0,8.8,123
沧州,2026-10-10T23:00,17.6,66,1019.3,0.0,10.2,135
沧州,2026-10-11T00:00,17.0,70,1019.2,0.0,8.7,138
沧州,2026-10-11T01:00,16.7,71,1019.4,0.0,8.3,141
沧州,2026-10-11T02:00,16.3,71,1019.9,0.0,7.6,135
沧州,2026-10-11T03:00,15.7,71,1019.4,0.0,8.0,132
沧州,2026-10-11T04:00,15.3,71,1019.3,0.0,8.0,134
沧州,2026-10-11T05:00,14.8,72,1019.6,0.0,7.3,134
沧州,2026-10-11T06:00,14.4,75,1019.9,0.0,7.1,146
沧州,2026-10-11T07:00,14.7,75,1020.3,0.0,8.5,145
沧州,2026-10-11T08:00,17.3,68,1020.9,0.0,6.8,145
廊坊,2026-10-10T09:00,18.2,75,1018.3,0.0,3.5,35
廊坊,2026-10-10T10:00,20.1,68,1018.3,0.0,4.0,18
廊坊,2026-10-10T11:00,21.7,64,1018.3,0.0,5.1,6
廊坊,2026-10-10T12:00,22.8,60,1017.7,0.0,5.1,10
廊坊,2026-10-10T13:00,23.5,57,1016.8,0.0,4.1,15
廊坊,2026-10-10T14:00,24.3,53,1016.3,0.0,2.2,90
廊坊,2026-10-10T15:00,24.4,53,1015.8,0.0,4.9,144
廊坊,2026-10-10T16:00,23.9,56,1015.7,0.0,6.6,164
廊坊,2026-10-10T17:00,22.4,67,1015.9,0.0,4.4,161
廊坊,2026-10-10T18:00,20.3,71,1016.1,0.0,4.7,173
廊坊,2026-10-10T19:00,19.4,73,1016.7,0.0,3.5,208
廊坊,2026-10-10T20:00,18.4,74,1017.2,0.0,3.0,197
廊坊,2026-10-10T21:00,17.5,77,1017.7,0.0,2.3,184
廊坊,2026-10-10T22:00,17.0,78,1018.1,0.0,3.2,146
廊坊,2026-10-10T23:00,16.5,79,1018.2,0.0,2.6,141
廊坊,2026-10-11T00:00,15.6,84,1018.1,0.0,4.8,158
廊坊,2026-10-11T01:00,15.1,86,1018.3,0.0,5.5,167
廊坊,2026-10-11T02:00,14.7,88,1018.7,0.0,7.0,157
廊坊,2026-10-11T03:00,14.3,87,1018.3,0.0,7.3,169
廊坊,2026-10-11T04:00,13.6,87,1018.4,0.0,3.6,180
廊坊,2026-10-11T05:00,13.4,87,1018.6,0.0,0.9,101
廊坊,2026-10-11T06:00,13.1,87,1018.9,0.0,0.7,76
廊坊,2026-10-11T07:00,13.3,89,1019.4,0.0,1.0,31
廊坊,2026-10-11T08:00,15.2,85,1020.2,0.0,3.6,41
衡水,2026-10-10T09:00,20.4,57,1017.3,0.0,6.7,186
衡水,2026-10-10T10:00,22.6,51,1017.2,0.0,6.2,202
衡水,2026-10-10T11:00,24.4,48,1017.0,0.0,5.0,193
衡水,2026-10-10T12:00,25.8,46,1016.6,0.0,5.0,193
衡水,2026-10-10T13:00,26.9,42,1015.6,0.0,5.8,185
衡水,2026-10-10T14:00,27.4,38,1015.2,0.0,5.3,192
衡水,2026-10-10T15:00,27.5,36,1014.8,0.0,4.1,193
衡水,2026-10-10T16:00,27.2,35,1014.8,0.0,3.2,180
衡水,2026-10-10T17:00,26.5,40,1014.9,0.0,2.8,140
衡水,2026-10-10T18:00,24.8,46,1015.1,0.0,0.6,162
衡水,2026-10-10T19:00,24.0,46,1015.8,0.0,0.8,117
衡水,2026-10-10T20:00,22.5,50,1016.3,0.0,5.8,99
衡水,2026-10-10T21:00,21.6,45,1016.8,0.0,7.9,101
衡水,2026-10-10T22:00,20.8,44,1017.0,0.0,8.1,114
衡水,2026-10-10T23:00,19.9,44,1017.2,0.0,8.7,97
衡水,2026-10-11T00:00,19.1,47,1017.1,0.0,8.9,99
衡水,2026-10-11T01:00,18.4,51,1017.2,0.0,8.0,117
衡水,2026-10-11T02:00,17.9,53,1017.5,0.0,8.1,107
衡水,2026-10-11T03:00,17.1,56,1017.0,0.0,8.3,110
衡水,2026-10-11T04:00,16.2,60,1017.0,0.0,6.3,121
衡水,2026-10-11T05:00,15.7,62,1017.3,0.0,5.5,126
衡水,2026-10-11T06:00,15.1,64,1017.7,0.0,4.8,127
衡水,2026-10-11T07:00,15.5,62,1018.1,0.0,5.9,121
衡水,2026-10-11T08:00,17.6,55,1018.7,0.0,5.0,131
太原,2026-10-10T09:00,16.0,43,933.0,0.0,7.5,349
太原,2026-10-10T10:00,18.4,36,933.1,0.0,7.9,340
太原,2026-10-10T11:00,20.1,32,933.2,0.0,7.8,356
太原,2026-10-10T12:00,21.3,29,932.8,0.0,7.6,7
太原,2026-10-10T13:00,22.2,27,932.0,0.0,8.7,13
太原,2026-10-10T14:00,22.8,25,931.4,0.0,8.9,19
太原,2026-10-10T15:00,23.1,24,930.9,0.0,8.7,22
太原,2026-10-10T16:00,23.3,23,930.3,0.0,6.8,25
太原,2026-10-10T17:00,22.7,23,930.1,0.0,4.1,2
太原,2026-10-10T18:00,20.8,28,930.0,0.0,7.9,286
太原,2026-10-10T19:00,19.2,32,930.3,0.0,7.2,305
太原,2026-10-10T20:00,18.9,38,930.8,0.0,4.6,306
太原,2026-10-10T21:00,18.1,37,931.0,0.0,7.0,350
太原,2026-10-10T22:00,15.9,46,930.9,0.0,3.1,357
太原,2026-10-10T23:00,13.9,51,930.7,0.0,5.5,324
太原,2026-10-11T00:00,13.0,54,930.5,0.0,7.3,351
太原,2026-10-11T01:00,12.7,57,930.5,0.0,5.9,337
太原,2026-10-11T02:00,12.7,56,931.1,0.0,6.5,336
太原,2026-10-11T03:00,12.1,59,930.6,0.0,5.9,337
太原,2026-10-11T04:00,11.7,61,930.3,0.0,6.3,325
太原,2026-10-11T05:00,11.0,63,930.2,0.0,6.9,313
太原,2026-10-11T06:00,10.3,66,930.4,0.0,6.0,307
太原,2026-10-11T07:00,10.1,67,930.8,0.0,6.7,301
太原,2026-10-11T08:00,12.5,56,932.0,0.0,6.9,315
大同,2026-10-10T09:00,12.5,57,905.1,0.0,4.8,297
大同,2026-10-10T10:00,14.8,48,905.5,0.0,4.3,285
大同,2026-10-10T11:00,16.5,41,905.6,0.0,3.4,270
大同,2026-10-10T12:00,17.7,35,905.3,0.0,2.4,261
大同,2026-10-10T13:00,18.5,31,904.5,0.0,1.6,243
大同,2026-10-10T14:00,18.9,29,903.8,0.0,1.5,216
大同,2026-10-10T15:00,19.4,29,903.6,0.0,3.2,199
大同,2026-10-10T16:00,19.2,30,903.0,0.0,6.9,186
大同,2026-10-10T17:00,17.4,36,902.8,0.0,14.4,176
大同,2026-10-10T18:00,14.5,45,902.1,0.0,7.6,172
大同,2026-10-10T19:00,13.6,52,902.1,0.0,3.8,270
大同,2026-10-10T20:00,13.7,54,902.7,0.0,5.1,262
大同,2026-10-10T21:00,13.2,54,902.6,0.0,3.2,297
大同,2026-10-10T22:00,12.0,58,902.4,0.0,2.1,308
大同,2026-10-10T23:00,10.4,62,901.9,0.0,1.2,321
大同,2026-10-11T00:00,8.9,67,901.4,0.0,3.1,339
大同,2026-10-11T01:00,8.1,71,901.3,0.0,5.5,347
大同,2026-10-11T02:00,7.2,75,901.6,0.0,3.5,345
大同,2026-10-11T03:00,6.5,75,901.0,0.0,7.0,342
大同,2026-10-11T04:00,6.1,74,900.6,0.0,6.0,344
大同,2026-10-11T05:00,5.7,76,900.6,0.0,5.8,346
大同,2026-10-11T06:00,5.3,77,900.6,0.0,5.2,348
大同,2026-10-11T07:00,5.4,76,900.7,0.0,6.1,346
大同,2026-10-11T08:00,8.5,65,902.7,0.0,7.4,338
阳泉,2026-10-10T09:00,17.7,48,945.3,0.0,2.4,216
阳泉,2026-10-10T10:00,21.0,39,945.4,0.0,4.8,250
阳泉,2026-10-10T11:00,23.3,31,945.6,0.0,5.0,272
阳泉,2026-10-10T12:00,24.5,27,945.1,0.0,1.5,306
阳泉,2026-10-10T13:00,25.0,27,944.3,0.0,1.8,90
阳泉,2026-10-10T14:00,25.2,26,943.7,0.0,6.2,97
阳泉,2026-10-10T15:00,24.6,28,943.2,0.0,11.9,87
阳泉,2026-10-10T16:00,22.7,34,943.1,0.0,17.7,70
阳泉,2026-10-10T17:00,21.5,40,943.2,0.0,12.4,68
阳泉,2026-10-10T18:00,18.8,53,943.2,0.0,5.0,69
阳泉,2026-10-10T19:00,17.3,63,943.9,0.0,2.4,99
阳泉,2026-10-10T20:00,16.4,66,944.1,0.0,1.7,212
阳泉,2026-10-10T21:00,15.5,69,944.2,0.0,0.4,243
阳泉,2026-10-10T22:00,14.7,73,944.5,0.0,0.5,180
阳泉,2026-10-10T23:00,13.8,78,944.4,0.0,2.3,209
阳泉,2026-10-11T00:00,13.5,79,944.3,0.0,1.0,211
阳泉,2026-10-11T01:00,13.3,79,944.3,0.0,0.4,180
阳泉,2026-10-11T02:00,13.1,77,944.5,0.0,0.9,217
阳泉,2026-10-11T03:00,12.0,82,944.0,0.0,2.5,201
阳泉,2026-10-11T04:00,11.2,84,943.9,0.0,1.9,197
阳泉,2026-10-11T05:00,10.7,86,943.8,0.0,1.5,201
阳泉,2026-10-11T06:00,10.1,87,944.0,0.0,1.7,193
阳泉,2026-10-11T07:00,10.2,87,944.3,0.0,2.0,190
阳泉,2026-10-11T08:00,13.0,74,945.5,0.0,3.3,158
长治,2026-10-10T09:00,15.0,69,916.8,0.0,1.6,297
长治,2026-10-10T10:00,17.5,55,916.9,0.0,3.3,331
长治,2026-10-10T11:00,19.7,45,917.3,0.0,5.4,326
长治,2026-10-10T12:00,21.6,38,917.0,0.0,4.8,331
长治,2026-10-10T13:00,22.7,33,916.3,0.0,4.6,318
长治,2026-10-10T14:00,23.3,30,915.7,0.0,4.6,301
长治,2026-10-10T15:00,23.4,30,915.2,0.0,4.7,293
长治,2026-10-10T16:00,22.8,30,914.9,0.0,4.0,300
长治,2026-10-10T17:00,21.6,40,914.5,0.0,1.3,146
长治,2026-10-10T18:00,18.6,50,913.8,0.0,3.4,106
长治,2026-10-10T19:00,17.8,55,914.2,0.0,1.1,180
长治,2026-10-10T20:00,16.8,57,915.3,0.0,3.5,145
长治,2026-10-10T21:00,15.8,60,915.5,0.0,9.3,143
长治,2026-10-10T22:00,15.1,65,915.3,0.0,7.7,129
长治,2026-10-10T23:00,14.0,69,915.3,0.0,7.6,104
长治,2026-10-11T00:00,13.2,72,914.9,0.0,7.5,120
长治,2026-10-11T01:00,12.8,73,914.5,0.0,7.7,141
长治,2026-10-11T02:00,12.1,77,914.6,0.0,4.9,147
长治,2026-10-11T03:00,10.9,83,914.3,0.0,2.8,135
长治,2026-10-11T04:00,10.7,83,914.2,0.0,2.8,130
长治,2026-10-11T05:00,10.4,85,914.0,0.0,3.0,115
长治,2026-10-11T06:00,10.2,84,914.4,0.0,2.4,126
长治,2026-10-11T07:00,10.5,84,914.9,0.0,1.8,127
长治,2026-10-11T08:00,13.1,78,916.3,0.0,2.7,172
晋城,2026-10-10T09:00,17.7,67,941.7,0.0,6.9,315
晋城,2026-10-10T10:00,20.3,57,941.7,0.0,7.5,336
晋城,2026-10-10T11:00,22.5,46,941.8,0.0,8.4,340
晋城,2026-10-10T12:00,24.0,39,941.4,0.0,6.9,346
晋城,2026-10-10T13:00,24.8,35,940.8,0.0,4.6,321
晋城,2026-10-10T14:00,25.5,32,940.0,0.0,5.4,274
晋城,2026-10-10T15:00,25.6,29,939.5,0.0,6.8,258
晋城,2026-10-10T16:00,25.1,29,939.1,0.0,6.9,253
晋城,2026-10-10T17:00,23.2,47,938.8,0.0,2.2,185
晋城,2026-10-10T18:00,20.5,54,939.0,0.0,6.6,137
晋城,2026-10-10T19:00,18.6,62,939.4,0.0,2.0,153
晋城,2026-10-10T20:00,18.8,56,940.2,0.0,1.3,225
晋城,2026-10-10T21:00,18.0,58,940.4,0.0,0.5,45
晋城,2026-10-10T22:00,17.1,62,940.3,0.0,1.0,45
晋城,2026-10-10T23:00,16.1,68,940.4,0.0,1.0,31
晋城,2026-10-11T00:00,15.9,69,940.3,0.0,0.6,304
晋城,2026-10-11T01:00,15.4,70,940.1,0.0,0.8,297
晋城,2026-10-11T02:00,15.4,71,940.5,0.0,0.6,326
晋城,2026-10-11T03:00,14.0,76,940.0,0.0,2.2,5
晋城,2026-10-11T04:00,13.5,79,939.8,0.0,4.2,20
晋城,2026-10-11T05:00,13.6,79,939.8,0.0,3.7,11
晋城,2026-10-11T06:00,13.9,77,940.2,0.0,3.3,354
晋城,2026-10-11T07:00,14.1,76,940.7,0.0,4.6,351
晋城,2026-10-11T08:00,14.6,75,941.3,0.0,4.9,354
朔州,2026-10-10T09:00,13.5,52,902.2,0.0,1.2,141
朔州,2026-10-10T10:00,15.8,44,902.4,0.0,4.0,153
朔州,2026-10-10T11:00,17.8,38,902.6,0.0,5.0,167
朔州,2026-10-10T12:00,19.3,33,902.2,0.0,4.6,171
朔州,2026-10-10T13:00,20.5,26,901.4,0.0,2.3,176
朔州,2026-10-10T14:00,21.2,23,900.7,0.0,2.2,189
朔州,2026-10-10T15:00,21.7,21,900.4,0.0,1.0,211
朔州,2026-10-10T16:00,21.7,22,899.9,0.0,1.9,331
朔州,2026-10-10T17:00,21.1,22,899.5,0.0,3.2,357
朔州,2026-10-10T18:00,17.3,36,898.5,0.0,4.3,343
朔州,2026-10-10T19:00,15.4,41,898.7,0.0,4.3,338
朔州,2026-10-10T20:00,14.1,46,898.9,0.0,4.3,336
朔州,2026-10-10T21:00,12.3,52,898.9,0.0,2.7,302
朔州,2026-10-10T22:00,11.4,56,898.9,0.0,4.4,302
朔州,2026-10-10T23:00,10.8,57,898.9,0.0,5.1,309
朔州,2026-10-11T00:00,10.4,58,898.8,0.0,4.2,310
朔州,2026-10-11T01:00,10.2,58,898.7,0.0,3.7,313
朔州,2026-10-11T02:00,10.1,59,899.3,0.0,1.7,347
朔州,2026-10-11T03:00,9.2,60,898.6,0.0,3.2,304
朔州,2026-10-11T04:00,8.5,61,897.9,0.0,4.1,304
朔州,2026-10-11T05:00,8.1,61,897.9,0.0,4.1,308
朔州,2026-10-11T06:00,7.9,61,898.0,0.0,4.0,309
朔州,2026-10-11T07:00,8.1,59,898.4,0.0,3.6,303
朔州,2026-10-11T08:00,10.9,51,900.2,0.0,4.3,315
晋中,2026-10-10T09:00,16.3,45,930.2,0.0,5.6,274
晋中,2026-10-10T10:00,19.0,36,930.6,0.0,9.4,275
晋中,2026-10-10T11:00,20.8,31,930.6,0.0,9.3,279
晋中,2026-10-10T12:00,22.1,29,930.3,0.0,8.8,281
晋中,2026-10-10T13:00,23.0,26,929.4,0.0,7.5,291
晋中,2026-10-10T14:00,23.7,24,928.7,0.0,6.1,293
晋中,2026-10-10T15:00,24.1,23,928.3,0.0,6.5,300
晋中,2026-10-10T16:00,24.0,21,927.8,0.0,4.6,312
晋中,2026-10-10T17:00,23.1,22,927.4,0.0,1.8,186
晋中,2026-10-10T18:00,20.0,34,926.9,0.0,2.8,169
晋中,2026-10-10T19:00,18.3,38,927.3,0.0,2.7,53
晋中,2026-10-10T20:00,17.8,40,927.7,0.0,4.2,50
晋中,2026-10-10T21:00,16.0,48,927.9,0.0,13.8,59
晋中,2026-10-10T22:00,15.2,60,928.2,0.0,13.7,50
晋中,2026-10-10T23:00,14.6,64,928.3,0.0,12.8,48
晋中,2026-10-11T00:00,13.6,68,928.1,0.0,12.5,53
晋中,2026-10-11T01:00,13.2,71,928.0,0.0,12.0,47
晋中,2026-10-11T02:00,12.3,75,928.3,0.0,10.3,49
晋中,2026-10-11T03:00,11.6,77,927.8,0.0,9.7,56
晋中,2026-10-11T04:00,11.4,77,927.5,0.0,8.7,53
晋中,2026-10-11T05:00,11.4,75,927.5,0.0,8.6,54
晋中,2026-10-11T06:00,11.5,73,927.9,0.0,8.5,46
晋中,2026-10-11T07:00,11.6,71,928.2,0.0,7.5,37
晋中,2026-10-11T08:00,14.0,61,929.6,0.0,6.6,29
运城,2026-10-10T09:00,19.4,55,980.1,0.0,10.2,244
运城,2026-10-10T10:00,21.2,50,980.3,0.0,11.0,255
运城,2026-10-10T11:00,22.6,46,980.1,0.0,10.7,262
运城,2026-10-10T12:00,24.0,42,979.5,0.0,10.3,268
运城,2026-10-10T13:00,24.9,38,978.7,0.0,10.3,272
运城,2026-10-10T14:00,25.8,34,977.8,0.0,10.0,277
运城,2026-10-10T15:00,25.3,35,976.9,0.0,10.1,264
运城,2026-10-10T16:00,24.6,38,976.6,0.0,11.3,256
运城,2026-10-10T17:00,23.8,43,976.3,0.0,9.0,247
运城,2026-10-10T18:00,21.9,52,976.2,0.0,6.4,209
运城,2026-10-10T19:00,20.6,54,976.3,0.0,5.4,188
运城,2026-10-10T20:00,22.0,48,976.9,0.0,4.8,205
运城,2026-10-10T21:00,21.3,49,977.1,0.0,4.7,203
运城,2026-10-10T22:00,21.1,49,977.4,0.0,5.8,210
运城,2026-10-10T23:00,20.8,51,977.6,0.0,6.1,220
运城,2026-10-11T00:00,20.4,53,977.3,0.0,5.5,216
运城,2026-10-11T01:00,19.6,56,977.0,0.0,4.5,203
运城,2026-10-11T02:00,19.7,61,977.5,0.0,2.8,207
运城,2026-10-11T03:00,19.5,59,977.0,0.0,0.5,135
运城,2026-10-11T04:00,19.1,62,976.6,0.0,2.5,90
运城,2026-10-11T05:00,18.8,62,976.5,0.0,3.9,68
运城,2026-10-11T06:00,18.1,66,976.8,0.0,3.2,87
运城,2026-10-11T07:00,18.1,67,976.9,0.0,2.7,90
运城,2026-10-11T08:00,18.9,63,977.3,0.0,5.8,86
忻州,2026-10-10T09:00,15.7,48,932.7,0.0,3.3,131
忻州,2026-10-10T10:00,17.6,42,932.8,0.0,3.0,52
忻州,2026-10-10T11:00,19.4,38,932.9,0.0,3.9,22
忻州,2026-10-10T12:00,21.0,34,932.5,0.0,4.9,17
忻州,2026-10-10T13:00,22.2,31,931.6,0.0,5.9,14
忻州,2026-10-10T14:00,23.0,27,930.9,0.0,7.7,16
忻州,2026-10-10T15:00,23.5,24,930.4,0.0,9.4,29
忻州,2026-10-10T16:00,23.2,23,929.9,0.0,9.8,41
忻州,2026-10-10T17:00,21.9,29,929.5,0.0,5.3,66
忻州,2026-10-10T18:00,18.4,42,929.0,0.0,2.3,198
忻州,2026-10-10T19:00,16.3,47,929.2,0.0,4.5,241
忻州,2026-10-10T20:00,15.4,50,929.5,0.0,5.1,247
忻州,2026-10-10T21:00,14.4,54,929.7,0.0,4.8,236
忻州,2026-10-10T22:00,13.7,57,929.9,0.0,3.6,200
忻州,2026-10-10T23:00,13.1,58,930.1,0.0,2.6,192
忻州,2026-10-11T00:00,12.6,58,930.1,0.0,1.1,261
忻州,2026-10-11T01:00,12.3,59,930.3,0.0,0.5,315
忻州,2026-10-11T02:00,11.3,60,930.6,0.0,0.9,191
忻州,2026-10-11T03:00,10.6,62,930.0,0.0,3.3,202
忻州,2026-10-11T04:00,10.4,62,929.7,0.0,2.4,222
忻州,2026-10-11T05:00,10.4,60,929.9,0.0,0.6,236
忻州,2026-10-11T06:00,10.2,59,930.3,0.0,0.6,214
忻州,2026-10-11T07:00,10.0,60,930.5,0.0,1.2,219
忻州,2026-10-11T08:00,12.2,50,931.9,0.0,2.7,238
临汾,2026-10-10T09:00,19.9,43,970.0,0.0,4.1,119
临汾,2026-10-10T10:00,22.0,39,970.0,0.0,3.5,156
临汾,2026-10-10T11:00,24.3,33,969.8,0.0,5.1,184
临汾,2026-10-10T12:00,25.8,29,969.2,0.0,7.3,200
临汾,2026-10-10T13:00,26.8,26,968.3,0.0,9.4,204
临汾,2026-10-10T14:00,26.8,26,967.5,0.0,11.2,202
临汾,2026-10-10T15:00,26.9,27,966.7,0.0,11.8,205
临汾,2026-10-10T16:00,26.3,28,966.4,0.0,13.0,197
临汾,2026-10-10T17:00,25.4,30,966.1,0.0,12.5,192
临汾,2026-10-10T18:00,23.3,35,966.1,0.0,5.0,224
临汾,2026-10-10T19:00,21.2,42,966.5,0.0,4.3,275
临汾,2026-10-10T20:00,20.0,44,966.8,0.0,3.0,287
临汾,2026-10-10T21:00,18.2,48,966.9,0.0,3.5,294
临汾,2026-10-10T22:00,17.3,50,967.1,0.0,1.8,315
临汾,2026-10-10T23:00,16.9,48,967.6,0.0,3.0,327
临汾,2026-10-11T00:00,16.5,47,967.5,0.0,2.3,331
临汾,2026-10-11T01:00,15.5,48,967.3,0.0,2.7,340
临汾,2026-10-11T02:00,15.1,48,968.0,0.0,2.1,329
临汾,2026-10-11T03:00,14.9,45,967.6,0.0,4.5,5
临汾,2026-10-11T04:00,14.1,46,967.4,0.0,4.5,7
临汾,2026-10-11T05:00,13.9,44,967.5,0.0,4.7,2
临汾,2026-10-11T06:00,14.0,44,967.9,0.0,5.5,19
临汾,2026-10-11T07:00,13.9,47,968.1,0.0,5.8,30
临汾,2026-10-11T08:00,15.9,43,968.9,0.0,9.2,43
吕梁,2026-10-10T09:00,14.2,53,918.8,0.0,1.7,193
吕梁,2026-10-10T10:00,16.4,47,918.8,0.0,4.0,291
吕梁,2026-10-10T11:00,18.1,42,919.1,0.0,8.2,306
吕梁,2026-10-10T12:00,19.5,37,918.7,0.0,9.6,311
吕梁,2026-10-10T13:00,20.5,34,918.0,0.0,11.1,314
吕梁,2026-10-10T14:00,21.2,32,917.3,0.0,11.9,312
吕梁,2026-10-10T15:00,20.9,34,916.9,0.0,11.1,316
吕梁,2026-10-10T16:00,20.5,35,916.2,0.0,9.7,318
吕梁,2026-10-10T17:00,19.7,36,915.7,0.0,8.9,312
吕梁,2026-10-10T18:00,16.7,49,915.2,0.0,5.1,287
吕梁,2026-10-10T19:00,15.1,56,915.2,0.0,3.5,294
吕梁,2026-10-10T20:00,14.7,57,915.5,0.0,1.6,360
吕梁,2026-10-10T21:00,13.4,61,915.5,0.0,3.0,52
吕梁,2026-10-10T22:00,12.7,63,915.3,0.0,2.9,68
吕梁,2026-10-10T23:00,12.1,63,915.2,0.0,3.1,66
吕梁,2026-10-11T00:00,11.2,64,914.6,0.0,4.2,59
吕梁,2026-10-11T01:00,10.3,65,914.2,0.0,4.6,51
吕梁,2026-10-11T02:00,9.2,71,914.4,0.0,2.8,40
吕梁,2026-10-11T03:00,8.1,75,913.8,0.0,3.8,49
吕梁,2026-10-11T04:00,7.2,79,913.0,0.0,5.2,59
吕梁,2026-10-11T05:00,6.7,80,912.8,0.0,6.0,57
吕梁,2026-10-11T06:00,6.4,81,913.0,0.0,6.0,51
吕梁,2026-10-11T07:00,6.5,80,913.3,0.0,6.5,48
吕梁,2026-10-11T08:00,10.0,67,915.0,0.0,8.4,45
呼和浩特,2026-10-10T09:00,10.1,64,903.4,0.0,1.5,135
呼和浩特,2026-10-10T10:00,12.1,55,903.4,0.0,1.5,144
呼和浩特,2026-10-10T11:00,14.3,47,903.5,0.0,1.7,198
呼和浩特,2026-10-10T12:00,16.5,39,903.2,0.0,4.1,221
呼和浩特,2026-10-10T13:00,18.5,32,902.5,0.0,8.4,223
呼和浩特,2026-10-10T14:00,19.8,26,901.8,0.0,13.2,230
呼和浩特,2026-10-10T15:00,20.1,27,901.5,0.0,14.1,231
呼和浩特,2026-10-10T16:00,20.0,27,900.8,0.0,14.3,223
呼和浩特,2026-10-10T17:00,19.3,28,900.6,0.0,14.3,217
呼和浩特,2026-10-10T18:00,17.5,32,900.2,0.0,9.6,203
呼和浩特,2026-10-10T19:00,15.5,38,900.1,0.0,3.8,188
呼和浩特,2026-10-10T20:00,14.6,42,900.5,0.0,0.7,90
呼和浩特,2026-10-10T21:00,13.0,46,900.2,0.0,4.1,75
呼和浩特,2026-10-10T22:00,11.6,51,900.0,0.0,5.1,54
呼和浩特,2026-10-10T23:00,10.6,55,899.9,0.0,2.4,54
呼和浩特,2026-10-11T00:00,10.3,55,899.9,0.0,3.9,24
呼和浩特,2026-10-11T01:00,10.0,55,899.8,0.0,5.0,44
呼和浩特,2026-10-11T02:00,8.9,57,899.6,0.0,3.9,53
呼和浩特,2026-10-11T03:00,8.2,59,899.0,0.0,3.0,38
呼和浩特,2026-10-11T04:00,7.7,61,898.4,0.0,4.0,39
呼和浩特,2026-10-11T05:00,7.5,61,898.4,0.0,4.4,30
呼和浩特,2026-10-11T06:00,7.1,63,898.7,0.0,4.1,34
呼和浩特,2026-10-11T07:00,6.8,64,899.1,0.0,3.8,45
呼和浩特,2026-10-11T08:00,9.0,56,900.7,0.0,5.9,55
包头,2026-10-10T09:00,11.3,52,903.5,0.0,1.3,164
包头,2026-10-10T10:00,13.2,47,903.8,0.0,3.3,202
包头,2026-10-10T11:00,15.2,43,904.0,0.0,5.3,213
包头,2026-10-10T12:00,17.2,38,903.8,0.0,6.0,217
包头,2026-10-10T13:00,18.7,31,903.1,0.0,9.3,224
包头,2026-10-10T14:00,19.7,25,902.3,0.0,13.4,220
包头,2026-10-10T15:00,19.9,22,902.0,0.0,14.1,223
包头,2026-10-10T16:00,19.9,21,901.2,0.0,14.2,230
包头,2026-10-10T17:00,19.4,21,901.0,0.0,13.5,228
包头,2026-10-10T18:00,18.1,23,900.7,0.0,8.7,225
包头,2026-10-10T19:00,17.2,24,900.8,0.0,6.4,259
包头,2026-10-10T20:00,16.4,26,900.9,0.0,3.6,273
包头,2026-10-10T21:00,15.7,27,900.8,0.0,1.5,346
包头,2026-10-10T22:00,14.3,30,900.7,0.0,4.2,140
包头,2026-10-10T23:00,13.2,36,900.6,0.0,5.5,99
包头,2026-10-11T00:00,12.7,40,900.6,0.0,7.2,96
包头,2026-10-11T01:00,12.2,44,900.4,0.0,6.5,113
包头,2026-10-11T02:00,11.3,48,900.6,0.0,5.4,104
包头,2026-10-11T03:00,10.7,50,900.1,0.0,6.3,83
包头,2026-10-11T04:00,10.3,51,899.6,0.0,5.8,81
包头,2026-10-11T05:00,9.5,54,899.5,0.0,4.5,95
包头,2026-10-11T06:00,9.2,55,899.9,0.0,4.7,97
包头,2026-10-11T07:00,8.9,56,900.1,0.0,4.8,101
包头,2026-10-11T08:00,10.8,50,901.3,0.0,5.8,112
乌海,2026-10-10T09:00,12.0,66,900.1,0.0,12.1,159
乌海,2026-10-10T10:00,14.6,53,900.8,0.0,14.7,156
乌海,2026-10-10T11:00,17.1,42,901.0,0.0,14.5,159
乌海,2026-10-10T12:00,18.7,36,900.7,0.0,12.3,170
乌海,2026-10-10T13:00,19.7,32,899.8,0.0,9.9,177
乌海,2026-10-10T14:00,20.8,26,899.1,0.0,7.6,179
乌海,2026-10-10T15:00,20.9,24,898.5,0.0,6.4,170
乌海,2026-10-10T16:00,21.1,22,897.7,0.0,5.2,158
乌海,2026-10-10T17:00,20.8,22,897.3,0.0,5.4,140
乌海,2026-10-10T18:00,18.6,30,896.7,0.0,8.5,122
乌海,2026-10-10T19:00,16.5,39,896.6,0.0,11.4,139
乌海,2026-10-10T20:00,15.2,45,896.6,0.0,6.4,151
乌海,2026-10-10T21:00,14.4,47,896.3,0.0,8.4,145
乌海,2026-10-10T22:00,13.5,50,895.9,0.0,8.7,138
乌海,2026-10-10T23:00,13.0,52,895.8,0.0,8.0,144
乌海,2026-10-11T00:00,12.5,53,895.6,0.0,8.1,151
乌海,2026-10-11T01:00,12.4,52,895.5,0.0,8.9,162
乌海,2026-10-11T02:00,12.3,52,895.6,0.0,10.3,169
乌海,2026-10-11T03:00,12.4,49,895.6,0.0,12.7,165
乌海,2026-10-11T04:00,12.0,51,894.9,0.0,12.1,162
乌海,2026-10-11T05:00,11.6,53,894.8,0.0,12.2,163
乌海,2026-10-11T06:00,11.4,54,895.1,0.0,13.4,163
乌海,2026-10-11T07:00,11.1,56,895.2,0.0,12.6,169
乌海,2026-10-11T08:00,12.4,52,896.2,0.0,13.3,170
赤峰,2026-10-10T09:00,11.9,72,956.2,0.2,0.9,217
赤峰,2026-10-10T10:00,14.3,51,956.2,0.0,1.4,90
赤峰,2026-10-10T11:00,15.9,44,955.9,0.0,3.4,106
赤峰,2026-10-10T12:00,17.4,39,955.4,0.0,3.8,107
赤峰,2026-10-10T13:00,18.5,37,954.5,0.0,3.7,113
赤峰,2026-10-10T14:00,19.3,35,954.1,0.0,7.7,106
赤峰,2026-10-10T15:00,19.3,35,953.7,0.0,9.7,108
赤峰,2026-10-10T16:00,19.1,36,953.4,0.0,10.7,110
赤峰,2026-10-10T17:00,18.4,39,953.4,0.0,9.7,115
赤峰,2026-10-10T18:00,16.7,44,953.2,0.0,10.5,102
赤峰,2026-10-10T19:00,15.4,49,953.5,0.0,7.5,98
赤峰,2026-10-10T20:00,14.6,52,953.8,0.0,5.5,77
赤峰,2026-10-10T21:00,13.9,54,953.7,0.0,6.5,98
赤峰,2026-10-10T22:00,13.7,54,953.9,0.0,6.6,112
赤峰,2026-10-10T23:00,13.2,56,954.2,0.0,4.5,187
赤峰,2026-10-11T00:00,12.0,60,953.8,0.0,4.6,198
赤峰,2026-10-11T01:00,10.7,66,954.0,0.0,4.1,257
赤峰,2026-10-11T02:00,9.7,70,954.2,0.0,3.3,264
赤峰,2026-10-11T03:00,8.5,75,953.1,0.0,3.5,258
赤峰,2026-10-11T04:00,7.8,80,952.6,0.0,3.7,259
赤峰,2026-10-11T05:00,7.3,82,952.5,0.0,4.4,279
赤峰,2026-10-11T06:00,7.1,82,952.7,0.0,5.5,297
赤峰,2026-10-11T07:00,8.3,75,953.2,0.0,6.3,301
赤峰,2026-10-11T08:00,12.0,60,954.5,0.0,4.4,300
通辽,2026-10-10T09:00,11.7,48,1002.7,0.0,7.5,55
通辽,2026-10-10T10:00,12.9,44,1002.7,0.0,5.4,53
通辽,2026-10-10T11:00,13.6,42,1002.7,0.0,4.3,33
通辽,2026-10-10T12:00,15.5,37,1002.1,0.0,4.1,13
通辽,2026-10-10T13:00,15.7,37,1001.5,0.0,6.7,354
通辽,2026-10-10T14:00,15.8,37,1001.8,0.0,8.3,13
通辽,2026-10-10T15:00,16.2,36,1001.4,0.0,7.8,29
通辽,2026-10-10T16:00,15.8,37,1001.6,0.0,8.1,39
通辽,2026-10-10T17:00,14.6,41,1001.5,0.0,6.9,59
通辽,2026-10-10T18:00,13.4,45,1002.0,0.0,7.4,77
通辽,2026-10-10T19:00,12.2,50,1002.2,0.0,9.4,92
通辽,2026-10-10T20:00,11.3,54,1002.0,0.0,8.8,94
通辽,2026-10-10T21:00,10.5,58,1002.2,0.0,8.5,97
通辽,2026-10-10T22:00,9.8,62,1002.2,0.0,8.4,110
通辽,2026-10-10T23:00,9.3,65,1002.1,0.0,6.9,123
通辽,2026-10-11T00:00,8.7,71,1002.2,0.0,0.4,333
通辽,2026-10-11T01:00,8.4,73,1002.5,0.0,0.5,135
通辽,2026-10-11T02:00,7.7,71,1002.5,0.0,4.2,130
通辽,2026-10-11T03:00,7.1,74,1001.9,0.0,6.7,156
通辽,2026-10-11T04:00,6.7,76,1001.6,0.0,8.7,163
通辽,2026-10-11T05:00,6.5,78,1001.4,0.0,10.2,162
通辽,2026-10-11T06:00,6.6,77,1001.4,0.0,11.1,157
通辽,2026-10-11T07:00,8.3,68,1001.2,0.0,14.2,142
通辽,2026-10-11T08:00,11.7,56,1001.4,0.0,15.1,135
鄂尔多斯,2026-10-10T09:00,11.9,54,878.5,0.0,6.9,256
鄂尔多斯,2026-10-10T10:00,14.8,44,878.9,0.0,9.0,268
鄂尔多斯,2026-10-10T11:00,16.5,36,879.1,0.0,8.9,276
鄂尔多斯,2026-10-10T12:00,17.7,31,878.8,0.0,7.9,266
鄂尔多斯,2026-10-10T13:00,18.6,28,878.2,0.0,7.6,256
鄂尔多斯,2026-10-10T14:00,20.0,24,877.7,0.0,9.9,243
鄂尔多斯,2026-10-10T15:00,19.7,24,877.2,0.0,11.3,231
鄂尔多斯,2026-10-10T16:00,19.0,25,876.4,0.0,11.8,223
鄂尔多斯,2026-10-10T17:00,18.1,27,875.9,0.0,14.2,207
鄂尔多斯,2026-10-10T18:00,15.9,33,875.5,0.0,15.5,193
鄂尔多斯,2026-10-10T19:00,14.0,38,875.1,0.0,9.8,211
鄂尔多斯,2026-10-10T20:00,13.5,41,875.2,0.0,10.7,230
鄂尔多斯,2026-10-10T21:00,12.7,44,875.3,0.0,10.9,236
鄂尔多斯,2026-10-10T22:00,11.8,46,874.9,0.0,9.8,242
鄂尔多斯,2026-10-10T23:00,10.9,49,874.7,0.0,9.2,242
鄂尔多斯,2026-10-11T00:00,10.0,56,874.5,0.0,8.8,251
鄂尔多斯,2026-10-11T01:00,9.3,62,874.3,0.0,8.8,255
鄂尔多斯,2026-10-11T02:00,8.4,66,874.2,0.0,7.4,256
鄂尔多斯,2026-10-11T03:00,7.4,71,873.4,0.0,6.5,256
鄂尔多斯,2026-10-11T04:00,7.0,73,872.9,0.0,3.3,248
鄂尔多斯,2026-10-11T05:00,6.5,76,873.0,0.0,1.9,229
鄂尔多斯,2026-10-11T06:00,6.3,77,873.2,0.0,1.0,248
鄂尔多斯,2026-10-11T07:00,5.9,78,873.4,0.0,2.5,274
鄂尔多斯,2026-10-11T08:00,8.5,66,875.1,0.0,5.8,266
呼伦贝尔,2026-10-10T09:00,2.8,90,949.7,0.0,6.0,111
呼伦贝尔,2026-10-10T10:00,5.0,80,949.6,0.0,6.2,105
呼伦贝尔,2026-10-10T11:00,7.6,71,948.9,0.0,7.7,106
呼伦贝尔,2026-10-10T12:00,9.5,65,948.4,0.0,7.3,121
呼伦贝尔,2026-10-10T13:00,10.5,59,947.6,0.0,6.0,134
呼伦贝尔,2026-10-10T14:00,11.3,50,947.0,0.0,5.3,147
呼伦贝尔,2026-10-10T15:00,11.4,47,946.5,0.0,5.5,136
呼伦贝尔,2026-10-10T16:00,11.0,48,946.0,0.0,5.7,114
呼伦贝尔,2026-10-10T17:00,8.8,58,945.3,0.0,6.7,95
呼伦贝尔,2026-10-10T18:00,7.0,62,945.0,0.0,11.8,98
呼伦贝尔,2026-10-10T19:00,6.1,66,944.9,0.0,12.9,106
呼伦贝尔,2026-10-10T20:00,5.1,72,944.4,0.0,12.9,103
呼伦贝尔,2026-10-10T21:00,4.6,74,944.2,0.0,13.2,102
呼伦贝尔,2026-10-10T22:00,4.2,76,943.7,0.0,12.1,102
呼伦贝尔,2026-10-10T23:00,3.8,78,943.5,0.0,10.1,102
呼伦贝尔,2026-10-11T00:00,3.9,78,943.5,0.0,10.7,96
呼伦贝尔,2026-10-11T01:00,5.2,74,943.8,0.0,11.2,112
呼伦贝尔,2026-10-11T02:00,4.7,78,943.6,0.0,11.4,115
呼伦贝尔,2026-10-11T03:00,4.2,85,942.7,0.0,11.4,129
呼伦贝尔,2026-10-11T04:00,4.2,86,942.3,0.0,10.6,141
呼伦贝尔,2026-10-11T05:00,3.8,85,941.9,0.0,8.5,142
呼伦贝尔,2026-10-11T06:00,3.4,83,942.0,0.0,7.4,148
呼伦贝尔,2026-10-11T07:00,3.8,80,942.2,0.0,7.5,143
呼伦贝尔,2026-10-11T08:00,6.1,71,942.9,0.0,9.6,143
巴彦淖尔,2026-10-10T09:00,12.8,56,905.3,0.0,18.2,235
巴彦淖尔,2026-10-10T10:00,15.5,46,905.8,0.0,19.5,236
巴彦淖尔,2026-10-10T11:00,18.0,39,906.0,0.0,20.6,237
巴彦淖尔,2026-10-10T12:00,20.0,30,905.8,0.0,21.9,238
巴彦淖尔,2026-10-10T13:00,21.3,24,905.0,0.0,21.6,240
巴彦淖尔,2026-10-10T14:00,22.2,20,904.2,0.0,20.5,239
巴彦淖尔,2026-10-10T15:00,22.4,18,903.7,0.0,19.5,234
巴彦淖尔,2026-10-10T16:00,22.3,18,902.9,0.0,18.5,234
巴彦淖尔,2026-10-10T17:00,21.6,19,902.6,0.0,17.5,234
巴彦淖尔,2026-10-10T18:00,19.8,22,902.1,0.0,11.5,219
巴彦淖尔,2026-10-10T19:00,17.4,25,901.6,0.0,11.2,199
巴彦淖尔,2026-10-10T20:00,16.3,28,901.9,0.0,11.6,199
巴彦淖尔,2026-10-10T21:00,15.1,29,901.6,0.0,10.3,203
巴彦淖尔,2026-10-10T22:00,13.8,33,901.0,0.0,7.6,202
巴彦淖尔,2026-10-10T23:00,12.7,36,900.9,0.0,7.7,198
巴彦淖尔,2026-10-11T00:00,12.1,38,901.0,0.0,7.9,201
巴彦淖尔,2026-10-11T01:00,10.8,42,900.8,0.0,6.7,199
巴彦淖尔,2026-10-11T02:00,9.9,47,900.7,0.0,3.1,208
巴彦淖尔,2026-10-11T03:00,9.2,51,900.4,0.0,2.1,232
巴彦淖尔,2026-10-11T04:00,8.6,55,899.7,0.0,1.5,173
巴彦淖尔,2026-10-11T05:00,7.7,65,899.4,0.0,3.4,137
巴彦淖尔,2026-10-11T06:00,7.1,69,899.6,0.0,2.8,140
巴彦淖尔,2026-10-11T07:00,6.6,71,899.4,0.0,4.7,140
巴彦淖尔,2026-10-11T08:00,8.8,58,900.7,0.0,8.0,146
乌兰察布,2026-10-10T09:00,10.7,56,870.3,0.0,3.2,177
乌兰察布,2026-10-10T10:00,14.3,41,871.1,0.0,5.5,207
乌兰察布,2026-10-10T11:00,16.6,28,871.3,0.0,6.7,243
乌兰察布,2026-10-10T12:00,17.7,23,871.1,0.0,9.7,254
乌兰察布,2026-10-10T13:00,18.2,21,870.4,0.0,13.4,253
乌兰察布,2026-10-10T14:00,18.5,20,869.9,0.0,15.4,252
乌兰察布,2026-10-10T15:00,18.2,20,869.6,0.0,14.5,249
乌兰察布,2026-10-10T16:00,17.7,22,869.1,0.0,14.0,238
乌兰察布,2026-10-10T17:00,16.9,26,868.8,0.0,13.2,235
乌兰察布,2026-10-10T18:00,14.8,32,868.2,0.0,16.1,239
乌兰察布,2026-10-10T19:00,13.3,36,868.3,0.0,17.2,263
乌兰察布,2026-10-10T20:00,12.3,39,868.3,0.0,15.6,263
乌兰察布,2026-10-10T21:00,11.6,41,868.4,0.0,15.6,264
乌兰察布,2026-10-10T22:00,11.0,44,868.2,0.0,13.9,266
乌兰察布,2026-10-10T23:00,10.3,47,868.2,0.0,8.7,266
乌兰察布,2026-10-11T00:00,8.9,56,867.6,0.0,1.9,221
乌兰察布,2026-10-11T01:00,8.0,59,867.4,0.0,1.8,204
乌兰察布,2026-10-11T02:00,6.8,64,867.3,0.0,3.6,240
乌兰察布,2026-10-11T03:00,6.2,66,866.6,0.0,2.8,243
乌兰察布,2026-10-11T04:00,5.8,68,866.1,0.0,1.0,211
乌兰察布,2026-10-11T05:00,5.1,71,865.9,0.0,1.3,164
乌兰察布,2026-10-11T06:00,4.6,73,866.0,0.0,1.3,254
乌兰察布,2026-10-11T07:00,4.4,73,866.1,0.0,2.9,292
乌兰察布,2026-10-11T08:00,7.3,62,868.2,0.0,4.4,263
兴安盟,2026-10-10T09:00,9.2,55,990.6,0.0,3.3,77
兴安盟,2026-10-10T10:00,11.0,43,990.5,0.0,3.2,124
兴安盟,2026-10-10T11:00,11.7,37,990.1,0.0,4.3,135
兴安盟,2026-10-10T12:00,12.3,34,989.6,0.0,5.9,153
兴安盟,2026-10-10T13:00,12.5,33,988.7,0.0,7.7,159
兴安盟,2026-10-10T14:00,11.1,45,988.6,0.0,11.4,169
兴安盟,2026-10-10T15:00,12.0,43,988.4,0.0,9.8,172
兴安盟,2026-10-10T16:00,11.7,45,988.2,0.0,9.2,168
兴安盟,2026-10-10T17:00,10.2,53,987.9,0.0,8.5,159
兴安盟,2026-10-10T18:00,8.7,60,988.3,0.0,8.6,158
兴安盟,2026-10-10T19:00,7.8,65,988.4,0.0,9.8,166
兴安盟,2026-10-10T20:00,7.9,62,988.0,0.0,10.9,174
兴安盟,2026-10-10T21:00,7.3,64,988.3,0.0,10.4,190
兴安盟,2026-10-10T22:00,6.8,67,988.5,0.0,8.8,191
兴安盟,2026-10-10T23:00,6.3,71,988.3,0.0,8.6,191
兴安盟,2026-10-11T00:00,5.9,75,988.1,0.0,8.2,188
兴安盟,2026-10-11T01:00,5.6,78,988.1,0.0,8.3,184
兴安盟,2026-10-11T02:00,4.9,81,988.0,0.0,7.8,175
兴安盟,2026-10-11T03:00,4.4,84,987.4,0.0,8.4,170
兴安盟,2026-10-11T04:00,4.1,86,987.0,0.0,8.8,169
兴安盟,2026-10-11T05:00,3.9,86,986.7,0.0,8.9,173
兴安盟,2026-10-11T06:00,3.8,87,986.9,0.0,8.8,171
兴安盟,2026-10-11T07:00,4.8,82,987.1,0.0,9.8,167
兴安盟,2026-10-11T08:00,7.3,71,987.3,0.0,8.1,156
锡林郭勒盟,2026-10-10T09:00,13.6,50,907.9,0.0,13.4,208
锡林郭勒盟,2026-10-10T10:00,15.5,41,908.0,0.0,22.7,231
锡林郭勒盟,2026-10-10T11:00,17.1,33,907.9,0.0,24.7,238
锡林郭勒盟,2026-10-10T12:00,18.5,24,907.8,0.0,24.8,243
锡林郭勒盟,2026-10-10T13:00,19.3,20,907.3,0.0,23.4,250
锡林郭勒盟,2026-10-10T14:00,19.9,16,907.0,0.0,22.4,256
锡林郭勒盟,2026-10-10T15:00,20.0,15,906.7,0.0,22.5,260
锡林郭勒盟,2026-10-10T16:00,19.5,16,906.3,0.0,20.5,257
锡林郭勒盟,2026-10-10T17:00,18.6,18,906.1,0.0,16.6,244
锡林郭勒盟,2026-10-10T18:00,16.7,21,905.7,0.0,13.1,227
锡林郭勒盟,2026-10-10T19:00,15.6,24,905.9,0.0,13.6,227
锡林郭勒盟,2026-10-10T20:00,14.4,27,906.0,0.0,12.4,223
锡林郭勒盟,2026-10-10T21:00,13.2,31,905.5,0.0,12.3,205
锡林郭勒盟,2026-10-10T22:00,11.9,35,905.0,0.0,14.2,189
锡林郭勒盟,2026-10-10T23:00,11.7,36,904.8,0.0,15.6,191
锡林郭勒盟,2026-10-11T00:00,11.9,35,904.7,0.0,17.0,196
锡林郭勒盟,2026-10-11T01:00,11.9,35,905.0,0.0,18.3,206
锡林郭勒盟,2026-10-11T02:00,11.5,35,905.4,0.0,20.0,214
锡林郭勒盟,2026-10-11T03:00,10.9,36,904.9,0.0,21.7,216
锡林郭勒盟,2026-10-11T04:00,10.3,38,904.4,0.0,22.2,218
锡林郭勒盟,2026-10-11T05:00,9.8,41,904.3,0.0,22.8,221
锡林郭勒盟,2026-10-11T06:00,9.7,43,904.5,0.0,23.6,222
锡林郭勒盟,2026-10-11T07:00,9.8,44,904.7,0.0,23.6,222
锡林郭勒盟,2026-10-11T08:00,11.9,39,905.9,0.0,20.5,222
阿拉善盟,2026-10-10T09:00,11.4,38,841.5,0.0,6.9,155
阿拉善盟,2026-10-10T10:00,12.6,36,841.9,0.0,6.1,212
阿拉善盟,2026-10-10T11:00,14.0,32,842.2,0.0,7.2,245
阿拉善盟,2026-10-10T12:00,15.1,27,842.0,0.0,9.1,252
阿拉善盟,2026-10-10T13:00,15.8,23,841.5,0.0,10.5,246
阿拉善盟,2026-10-10T14:00,16.0,22,840.9,0.0,10.6,231
阿拉善盟,2026-10-10T15:00,16.3,22,840.4,0.0,8.2,238
阿拉善盟,2026-10-10T16:00,16.2,22,839.5,0.0,7.7,239
阿拉善盟,2026-10-10T17:00,15.5,23,838.9,0.0,7.9,235
阿拉善盟,2026-10-10T18:00,13.2,37,837.8,0.0,2.2,189
阿拉善盟,2026-10-10T19:00,11.5,33,837.0,0.0,4.2,130
阿拉善盟,2026-10-10T20:00,11.6,34,837.5,0.0,4.3,114
阿拉善盟,2026-10-10T21:00,10.3,38,836.6,0.0,4.2,108
阿拉善盟,2026-10-10T22:00,10.0,43,836.5,0.0,9.0,106
阿拉善盟,2026-10-10T23:00,9.1,50,835.7,0.0,10.3,103
阿拉善盟,2026-10-11T00:00,8.8,48,835.4,0.0,11.9,104
阿拉善盟,2026-10-11T01:00,9.9,39,835.9,0.0,15.4,107
阿拉善盟,2026-10-11T02:00,10.1,40,836.0,0.0,14.8,108
阿拉善盟,2026-10-11T03:00,10.2,42,835.9,0.0,13.5,111
阿拉善盟,2026-10-11T04:00,10.0,41,835.0,0.0,10.5,110
阿拉善盟,2026-10-11T05:00,10.7,37,835.5,0.0,8.6,120
阿拉善盟,2026-10-11T06:00,10.5,38,835.7,0.0,8.3,131
阿拉善盟,2026-10-11T07:00,10.5,37,835.9,0.0,7.7,126
阿拉善盟,2026-10-11T08:00,12.4,36,837.3,0.0,6.9,123
沈阳,2026-10-10T09:00,15.5,81,1015.7,0.0,2.6,164
沈阳,2026-10-10T10:00,17.0,74,1015.5,0.0,2.2,189
沈阳,2026-10-10T11:00,18.0,72,1015.1,0.0,1.8,217
沈阳,2026-10-10T12:00,19.2,71,1014.8,0.0,2.9,277
沈阳,2026-10-10T13:00,20.2,68,1014.0,0.0,3.9,257
沈阳,2026-10-10T14:00,20.5,65,1013.9,0.0,3.8,289
沈阳,2026-10-10T15:00,20.7,65,1013.7,0.0,4.3,312
沈阳,2026-10-10T16:00,20.1,68,1014.0,0.0,5.8,340
沈阳,2026-10-10T17:00,18.7,76,1014.2,0.0,7.8,355
沈阳,2026-10-10T18:00,17.5,83,1014.6,0.0,8.6,15
沈阳,2026-10-10T19:00,16.6,85,1015.1,0.0,7.7,31
沈阳,2026-10-10T20:00,16.4,85,1015.3,0.0,5.7,32
沈阳,2026-10-10T21:00,15.5,88,1015.6,0.0,5.5,38
沈阳,2026-10-10T22:00,15.0,90,1015.7,0.0,5.9,47
沈阳,2026-10-10T23:00,14.4,91,1015.6,0.0,5.2,78
沈阳,2026-10-11T00:00,14.0,92,1015.4,0.0,4.5,97
沈阳,2026-10-11T01:00,13.5,94,1015.7,0.0,3.4,74
沈阳,2026-10-11T02:00,12.8,96,1016.0,0.0,3.3,36
沈阳,2026-10-11T03:00,11.9,98,1015.7,0.0,5.1,27
沈阳,2026-10-11T04:00,11.4,99,1015.7,0.0,4.7,32
沈阳,2026-10-11T05:00,11.0,99,1015.9,0.0,4.5,29
沈阳,2026-10-11T06:00,10.6,100,1016.1,0.0,4.2,40
沈阳,2026-10-11T07:00,11.1,99,1016.3,0.0,3.7,61
沈阳,2026-10-11T08:00,12.2,96,1016.9,0.0,2.3,90
大连,2026-10-10T09:00,21.1,75,1017.9,0.0,5.2,182
大连,2026-10-10T10:00,22.1,71,1017.8,0.0,6.2,168
大连,2026-10-10T11:00,22.3,70,1017.7,0.1,9.0,160
大连,2026-10-10T12:00,22.2,70,1017.2,0.2,10.9,161
大连,2026-10-10T13:00,21.6,73,1016.5,0.1,10.8,165
大连,2026-10-10T14:00,21.8,70,1016.4,0.0,10.4,170
大连,2026-10-10T15:00,21.3,73,1016.1,0.0,11.9,166
大连,2026-10-10T16:00,20.9,75,1016.4,0.0,10.5,176
大连,2026-10-10T17:00,20.2,79,1016.6,0.0,8.0,185
大连,2026-10-10T18:00,19.4,87,1017.0,0.0,7.2,193
大连,2026-10-10T19:00,18.9,90,1017.5,0.0,6.0,190
大连,2026-10-10T20:00,19.2,87,1018.0,0.0,5.9,166
大连,2026-10-10T21:00,18.9,89,1017.9,0.0,5.2,178
大连,2026-10-10T22:00,18.9,90,1018.1,0.0,4.3,197
大连,2026-10-10T23:00,17.8,94,1018.2,0.0,3.2,223
大连,2026-10-11T00:00,17.2,96,1018.0,0.0,2.9,266
大连,2026-10-11T01:00,17.0,96,1018.1,0.0,3.1,301
大连,2026-10-11T02:00,16.7,95,1018.4,0.0,5.9,315
大连,2026-10-11T03:00,16.2,97,1017.8,0.0,7.2,323
大连,2026-10-11T04:00,16.0,98,1017.7,0.0,7.8,320
大连,2026-10-11T05:00,16.3,98,1017.8,0.0,6.7,314
大连,2026-10-11T06:00,16.4,97,1017.9,0.0,6.6,327
大连,2026-10-11T07:00,17.0,95,1018.4,0.0,7.4,334
大连,2026-10-11T08:00,18.5,87,1019.2,0.0,5.8,346
鞍山,2026-10-10T09:00,17.6,65,1015.4,0.0,1.5,277
鞍山,2026-10-10T10:00,18.8,66,1015.2,0.0,3.1,273
鞍山,2026-10-10T11:00,19.6,69,1014.8,0.0,3.8,251
鞍山,2026-10-10T12:00,20.2,68,1014.3,0.0,4.3,265
鞍山,2026-10-10T13:00,20.7,66,1013.6,0.0,3.8,281
鞍山,2026-10-10T14:00,21.6,60,1013.4,0.0,3.8,295
鞍山,2026-10-10T15:00,21.4,60,1013.2,0.0,5.6,299
鞍山,2026-10-10T16:00,20.7,63,1013.6,0.0,4.9,324
鞍山,2026-10-10T17:00,19.3,75,1013.5,0.0,1.1,72
鞍山,2026-10-10T18:00,18.4,78,1014.0,0.0,3.1,50
鞍山,2026-10-10T19:00,17.4,81,1014.6,0.0,4.4,30
鞍山,2026-10-10T20:00,16.7,82,1015.0,0.0,3.6,30
鞍山,2026-10-10T21:00,16.0,87,1015.0,0.0,5.4,37
鞍山,2026-10-10T22:00,15.3,90,1015.3,0.0,4.7,72
鞍山,2026-10-10T23:00,14.5,91,1015.1,0.0,3.4,106
鞍山,2026-10-11T00:00,13.9,92,1015.0,0.0,1.9,124
鞍山,2026-10-11T01:00,13.5,92,1015.3,0.0,0.9,143
鞍山,2026-10-11T02:00,12.9,92,1015.5,0.0,1.1,162
鞍山,2026-10-11T03:00,12.5,91,1015.1,0.0,2.4,189
鞍山,2026-10-11T04:00,12.3,92,1015.2,0.0,2.6,236
鞍山,2026-10-11T05:00,11.9,97,1015.5,0.0,1.5,284
鞍山,2026-10-11T06:00,11.8,100,1015.7,0.0,0.9,360
鞍山,2026-10-11T07:00,12.6,99,1016.1,0.0,2.2,81
鞍山,2026-10-11T08:00,14.2,92,1016.6,0.0,2.1,70
抚顺,2026-10-10T09:00,15.1,88,1012.0,0.0,2.5,98
抚顺,2026-10-10T10:00,17.6,74,1011.8,0.0,1.7,148
抚顺,2026-10-10T11:00,18.8,67,1011.4,0.0,2.6,205
抚顺,2026-10-10T12:00,19.7,66,1010.8,0.0,3.8,251
抚顺,2026-10-10T13:00,20.2,65,1010.1,0.0,4.9,268
抚顺,2026-10-10T14:00,21.0,61,1009.9,0.0,5.5,283
抚顺,2026-10-10T15:00,20.6,62,1009.8,0.0,7.7,298
抚顺,2026-10-10T16:00,19.8,66,1010.2,0.0,7.1,304
抚顺,2026-10-10T17:00,18.2,74,1010.2,0.0,7.6,333
抚顺,2026-10-10T18:00,16.3,85,1010.9,0.0,10.1,1
抚顺,2026-10-10T19:00,15.2,90,1011.3,0.0,7.8,15
抚顺,2026-10-10T20:00,14.7,90,1011.5,0.0,5.1,39
抚顺,2026-10-10T21:00,13.7,94,1011.8,0.0,3.4,90
抚顺,2026-10-10T22:00,13.1,97,1012.0,0.0,4.4,78
抚顺,2026-10-10T23:00,12.9,96,1011.8,0.0,5.9,59
抚顺,2026-10-11T00:00,12.7,96,1011.6,0.0,5.7,62
抚顺,2026-10-11T01:00,12.4,95,1011.9,0.0,5.3,66
抚顺,2026-10-11T02:00,11.8,96,1012.2,0.0,5.6,50
抚顺,2026-10-11T03:00,11.4,95,1011.9,0.0,6.3,51
抚顺,2026-10-11T04:00,11.1,96,1011.9,0.0,6.1,58
抚顺,2026-10-11T05:00,10.6,97,1012.0,0.0,6.1,67
抚顺,2026-10-11T06:00,10.2,98,1012.2,0.0,6.2,64
抚顺,2026-10-11T07:00,10.8,98,1012.6,0.0,6.7,70
抚顺,2026-10-11T08:00,12.5,94,1013.0,0.0,4.9,84
本溪,2026-10-10T09:00,16.4,72,999.0,0.0,0.6,342
本溪,2026-10-10T10:00,18.4,57,999.0,0.0,2.3,299
本溪,2026-10-10T11:00,19.3,55,998.7,0.0,2.3,247
本溪,2026-10-10T12:00,20.1,54,998.1,0.0,2.9,248
本溪,2026-10-10T13:00,20.9,52,997.5,0.0,4.0,265
本溪,2026-10-10T14:00,21.3,49,997.3,0.0,3.3,276
本溪,2026-10-10T15:00,21.3,50,997.1,0.0,4.5,286
本溪,2026-10-10T16:00,20.3,59,997.3,0.0,5.1,312
本溪,2026-10-10T17:00,17.9,73,997.3,0.0,5.7,325
本溪,2026-10-10T18:00,16.1,81,997.8,0.0,3.6,360
本溪,2026-10-10T19:00,15.1,85,998.1,0.0,4.0,72
本溪,2026-10-10T20:00,14.1,88,998.3,0.0,3.8,82
本溪,2026-10-10T21:00,13.2,90,998.5,0.0,3.7,76
本溪,2026-10-10T22:00,12.6,91,998.6,0.0,3.6,84
本溪,2026-10-10T23:00,12.1,92,998.4,0.0,2.9,101
本溪,2026-10-11T00:00,11.7,92,998.3,0.0,2.6,106
本溪,2026-10-11T01:00,11.4,93,998.6,0.0,2.2,104
本溪,2026-10-11T02:00,11.2,93,998.7,0.0,2.5,111
本溪,2026-10-11T03:00,10.6,93,998.2,0.0,2.2,99
本溪,2026-10-11T04:00,10.3,94,998.2,0.0,2.2,95
本溪,2026-10-11T05:00,9.9,94,998.5,0.0,1.8,90
本溪,2026-10-11T06:00,9.5,95,998.6,0.0,2.0,90
本溪,2026-10-11T07:00,11.2,93,999.2,0.0,3.6,99
本溪,2026-10-11T08:00,14.6,83,999.9,0.0,2.2,90
丹东,2026-10-10T09:00,15.1,94,1021.1,0.0,5.4,42
丹东,2026-10-10T10:00,16.2,89,1020.9,0.1,5.2,6
丹东,2026-10-10T11:00,17.6,82,1020.5,0.0,5.8,344
丹东,2026-10-10T12:00,19.0,76,1019.9,0.0,5.5,319
丹东,2026-10-10T13:00,19.7,73,1019.1,0.0,5.8,296
丹东,2026-10-10T14:00,21.0,67,1018.5,0.0,4.5,272
丹东,2026-10-10T15:00,20.9,68,1018.1,0.0,5.7,257
丹东,2026-10-10T16:00,20.1,73,1018.3,0.0,6.7,265
丹东,2026-10-10T17:00,18.5,83,1018.5,0.0,5.4,270
丹东,2026-10-10T18:00,17.7,86,1018.9,0.0,6.1,282
丹东,2026-10-10T19:00,16.6,91,1019.2,0.0,5.4,296
丹东,2026-10-10T20:00,15.8,93,1019.6,0.0,6.5,293
丹东,2026-10-10T21:00,15.9,93,1019.7,0.0,5.6,301
丹东,2026-10-10T22:00,15.5,94,1019.8,0.0,5.0,314
丹东,2026-10-10T23:00,14.9,96,1019.6,0.0,4.4,339
丹东,2026-10-11T00:00,14.5,97,1019.5,0.0,4.3,358
丹东,2026-10-11T01:00,13.7,98,1019.7,0.0,4.9,6
丹东,2026-10-11T02:00,13.5,97,1019.8,0.0,7.7,3
丹东,2026-10-11T03:00,12.7,95,1019.4,0.0,7.6,5
丹东,2026-10-11T04:00,12.2,94,1019.3,0.0,9.3,9
丹东,2026-10-11T05:00,12.1,93,1019.3,0.0,10.4,11
丹东,2026-10-11T06:00,12.0,92,1019.6,0.0,10.4,11
丹东,2026-10-11T07:00,13.8,82,1020.1,0.0,12.2,13
丹东,2026-10-11T08:00,16.1,73,1020.6,0.0,11.1,12
锦州,2026-10-10T09:00,16.0,77,1018.1,0.0,8.3,346
锦州,2026-10-10T10:00,17.6,76,1018.0,0.0,7.6,18
锦州,2026-10-10T11:00,19.4,71,1017.7,0.0,5.8,20
锦州,2026-10-10T12:00,20.9,63,1017.2,0.0,4.0,3
锦州,2026-10-10T13:00,21.9,57,1016.4,0.0,2.5,4
锦州,2026-10-10T14:00,22.5,53,1016.4,0.0,3.1,360
锦州,2026-10-10T15:00,22.8,51,1016.0,0.0,2.0,10
锦州,2026-10-10T16:00,22.9,50,1016.1,0.0,3.4,43
锦州,2026-10-10T17:00,20.9,60,1016.5,0.0,9.4,61
锦州,2026-10-10T18:00,18.8,71,1017.2,0.0,7.5,69
锦州,2026-10-10T19:00,17.7,76,1017.8,0.0,4.3,45
锦州,2026-10-10T20:00,17.4,77,1018.3,0.0,5.4,48
锦州,2026-10-10T21:00,16.4,82,1018.4,0.0,7.4,47
锦州,2026-10-10T22:00,15.5,85,1018.7,0.0,7.0,42
锦州,2026-10-10T23:00,14.6,88,1018.8,0.0,4.5,37
锦州,2026-10-11T00:00,14.1,88,1018.8,0.0,3.2,360
锦州,2026-10-11T01:00,13.6,89,1019.1,0.0,2.3,315
锦州,2026-10-11T02:00,12.7,93,1019.5,0.0,2.4,297
锦州,2026-10-11T03:00,12.1,94,1018.9,0.0,3.0,322
锦州,2026-10-11T04:00,12.1,92,1018.6,0.0,3.5,351
锦州,2026-10-11T05:00,11.9,92,1018.8,0.0,3.6,360
锦州,2026-10-11T06:00,11.5,93,1018.9,0.0,3.1,10
锦州,2026-10-11T07:00,12.2,93,1019.3,0.0,4.7,28
锦州,2026-10-11T08:00,14.7,81,1020.1,0.0,3.2,56
营口,2026-10-10T09:00,18.5,81,1020.5,0.0,6.2,187
营口,2026-10-10T10:00,19.5,79,1020.6,0.0,6.3,211
营口,2026-10-10T11:00,20.1,79,1020.3,0.0,7.2,217
营口,2026-10-10T12:00,20.5,77,1019.8,0.0,7.4,229
营口,2026-10-10T13:00,20.8,76,1019.0,0.0,6.8,230
营口,2026-10-10T14:00,21.8,68,1018.8,0.0,5.3,246
营口,2026-10-10T15:00,21.7,65,1018.6,0.0,5.6,270
营口,2026-10-10T16:00,21.4,65,1018.8,0.0,5.6,266
营口,2026-10-10T17:00,20.1,76,1019.0,0.0,5.2,266
营口,2026-10-10T18:00,18.7,88,1019.3,0.0,3.3,306
营口,2026-10-10T19:00,18.0,92,1020.0,0.0,6.6,339
营口,2026-10-10T20:00,17.6,89,1020.4,0.0,9.2,7
营口,2026-10-10T21:00,16.8,90,1020.6,0.0,9.1,34
营口,2026-10-10T22:00,16.4,91,1020.9,0.0,7.6,47
营口,2026-10-10T23:00,16.1,92,1020.9,0.0,5.5,63
营口,2026-10-11T00:00,15.8,92,1020.8,0.0,4.3,45
营口,2026-10-11T01:00,15.4,93,1021.0,0.0,5.3,33
营口,2026-10-11T02:00,14.7,95,1021.3,0.0,3.5,39
营口,2026-10-11T03:00,14.0,97,1020.9,0.0,2.7,32
营口,2026-10-11T04:00,13.9,97,1020.8,0.0,5.6,22
营口,2026-10-11T05:00,13.4,99,1021.0,0.0,6.2,26
营口,2026-10-11T06:00,13.0,100,1021.3,0.0,7.3,30
营口,2026-10-11T07:00,13.2,99,1021.6,0.0,7.3,38
营口,2026-10-11T08:00,14.2,93,1022.3,0.0,7.1,45
阜新,2026-10-10T09:00,13.7,61,1004.8,0.0,9.7,42
阜新,2026-10-10T10:00,15.6,58,1004.7,0.0,8.8,43
阜新,2026-10-10T11:00,17.0,60,1004.5,0.0,6.6,45
阜新,2026-10-10T12:00,17.8,58,1003.9,0.0,4.2,50
阜新,2026-10-10T13:00,19.1,56,1003.2,0.0,1.1,99
阜新,2026-10-10T14:00,19.7,52,1003.3,0.0,1.3,344
阜新,2026-10-10T15:00,20.0,50,1003.1,0.0,2.7,8
阜新,2026-10-10T16:00,19.6,50,1003.1,0.0,5.3,35
阜新,2026-10-10T17:00,18.3,54,1003.3,0.0,5.6,45
阜新,2026-10-10T18:00,16.6,63,1003.8,0.0,6.0,63
阜新,2026-10-10T19:00,15.6,68,1004.3,0.0,6.0,74
阜新,2026-10-10T20:00,14.9,72,1004.5,0.0,6.0,65
阜新,2026-10-10T21:00,14.0,73,1004.7,0.0,6.4,68
阜新,2026-10-10T22:00,13.3,73,1004.7,0.0,7.0,80
阜新,2026-10-10T23:00,12.4,75,1004.6,0.0,6.1,87
阜新,2026-10-11T00:00,11.4,80,1004.4,0.0,3.8,98
阜新,2026-10-11T01:00,10.6,84,1004.8,0.0,2.9,94
阜新,2026-10-11T02:00,9.9,81,1005.3,0.0,3.1,54
阜新,2026-10-11T03:00,9.5,78,1004.8,0.0,3.5,75
阜新,2026-10-11T04:00,9.4,78,1004.6,0.0,3.6,93
阜新,2026-10-11T05:00,9.2,80,1004.5,0.0,3.7,104
阜新,2026-10-11T06:00,8.8,83,1004.7,0.0,1.8,101
阜新,2026-10-11T07:00,10.2,78,1004.9,0.0,3.2,106
阜新,2026-10-11T08:00,13.6,66,1005.6,0.0,3.2,128
辽阳,2026-10-10T09:00,16.5,71,1017.0,0.0,2.3,180
辽阳,2026-10-10T10:00,18.5,64,1016.8,0.0,1.9,209
辽阳,2026-10-10T11:00,19.6,66,1016.5,0.0,3.2,227
辽阳,2026-10-10T12:00,20.4,66,1015.9,0.0,3.6,261
辽阳,2026-10-10T13:00,20.8,66,1015.1,0.0,3.9,286
辽阳,2026-10-10T14:00,21.4,63,1014.9,0.0,4.0,324
辽阳,2026-10-10T15:00,21.3,62,1014.7,0.0,5.3,325
辽阳,2026-10-10T16:00,20.6,64,1015.1,0.0,6.1,341
辽阳,2026-10-10T17:00,18.6,77,1015.2,0.0,3.1,59
辽阳,2026-10-10T18:00,17.4,81,1015.5,0.0,2.3,108
辽阳,2026-10-10T19:00,17.0,81,1016.1,0.0,3.2,333
辽阳,2026-10-10T20:00,16.4,84,1016.5,0.0,5.8,358
辽阳,2026-10-10T21:00,15.4,90,1016.7,0.0,6.4,43
辽阳,2026-10-10T22:00,14.6,91,1016.9,0.0,4.6,72
辽阳,2026-10-10T23:00,13.8,92,1016.7,0.0,1.9,107
辽阳,2026-10-11T00:00,13.2,93,1016.7,0.0,1.3,164
辽阳,2026-10-11T01:00,12.9,93,1017.0,0.0,2.4,167
辽阳,2026-10-11T02:00,12.4,94,1017.0,0.0,3.1,156
辽阳,2026-10-11T03:00,11.7,95,1016.6,0.0,3.6,171
辽阳,2026-10-11T04:00,11.3,95,1016.7,0.0,2.4,193
辽阳,2026-10-11T05:00,11.2,96,1017.0,0.0,0.7,194
辽阳,2026-10-11T06:00,11.0,99,1017.2,0.0,0.4,207
辽阳,2026-10-11T07:00,11.8,99,1017.6,0.0,2.3,184
辽阳,2026-10-11T08:00,13.8,92,1018.2,0.0,1.3,196
盘锦,2026-10-10T09:00,18.7,89,1020.4,0.0,7.6,177
盘锦,2026-10-10T10:00,19.7,81,1020.3,0.2,7.1,210
盘锦,2026-10-10T11:00,20.1,80,1020.0,0.6,6.1,238
盘锦,2026-10-10T12:00,20.9,76,1019.5,0.3,6.3,252
盘锦,2026-10-10T13:00,21.9,70,1018.7,0.3,6.3,270
盘锦,2026-10-10T14:00,22.3,65,1018.8,0.1,5.0,291
盘锦,2026-10-10T15:00,21.6,68,1018.7,0.1,5.3,327
盘锦,2026-10-10T16:00,20.5,74,1019.0,0.4,8.6,10
盘锦,2026-10-10T17:00,19.4,79,1019.3,0.0,8.4,37
盘锦,2026-10-10T18:00,18.2,84,1019.8,0.0,7.6,52
盘锦,2026-10-10T19:00,17.4,86,1020.3,0.0,7.1,43
盘锦,2026-10-10T20:00,16.8,87,1020.8,0.0,7.3,46
盘锦,2026-10-10T21:00,16.1,89,1020.9,0.0,6.9,45
盘锦,2026-10-10T22:00,15.6,91,1021.1,0.0,6.7,44
盘锦,2026-10-10T23:00,15.0,93,1021.1,0.0,6.3,39
盘锦,2026-10-11T00:00,14.5,94,1021.1,0.0,4.8,37
盘锦,2026-10-11T01:00,13.9,96,1021.4,0.0,4.5,29
盘锦,2026-10-11T02:00,13.3,97,1021.7,0.0,5.9,11
盘锦,2026-10-11T03:00,12.6,98,1021.3,0.0,6.7,352
盘锦,2026-10-11T04:00,12.0,98,1021.3,0.0,8.1,360
盘锦,2026-10-11T05:00,11.4,97,1021.4,0.0,7.7,18
盘锦,2026-10-11T06:00,10.9,96,1021.6,0.0,6.9,23
盘锦,2026-10-11T07:00,11.3,95,1021.9,0.0,6.9,31
盘锦,2026-10-11T08:00,13.2,84,1022.5,0.0,4.1,41
铁岭,2026-10-10T09:00,15.8,83,1013.9,0.0,2.6,286
铁岭,2026-10-10T10:00,16.5,81,1013.7,0.0,4.1,299
铁岭,2026-10-10T11:00,17.0,80,1013.3,0.0,4.8,301
铁岭,2026-10-10T12:00,17.6,78,1013.0,0.0,5.9,284
铁岭,2026-10-10T13:00,18.4,76,1012.3,0.0,6.5,268
铁岭,2026-10-10T14:00,18.9,72,1012.3,0.0,7.5,291
铁岭,2026-10-10T15:00,18.2,75,1012.2,0.0,9.0,307
铁岭,2026-10-10T16:00,17.7,77,1012.6,0.0,8.4,317
铁岭,2026-10-10T17:00,16.7,83,1012.6,0.0,6.0,350
铁岭,2026-10-10T18:00,15.2,88,1013.0,0.0,5.9,40
铁岭,2026-10-10T19:00,14.1,90,1013.3,0.0,2.8,75
铁岭,2026-10-10T20:00,13.7,92,1013.4,0.0,2.5,86
铁岭,2026-10-10T21:00,13.2,93,1013.7,0.0,3.3,126
铁岭,2026-10-10T22:00,12.2,95,1014.0,0.0,2.8,101
铁岭,2026-10-10T23:00,11.4,97,1013.6,0.0,4.5,90
铁岭,2026-10-11T00:00,10.7,99,1013.5,0.0,4.9,96
铁岭,2026-10-11T01:00,10.1,100,1013.9,0.0,4.9,90
铁岭,2026-10-11T02:00,9.3,99,1014.2,0.0,2.9,90
铁岭,2026-10-11T03:00,8.8,100,1013.9,0.0,3.8,87
铁岭,2026-10-11T04:00,8.4,100,1014.0,0.0,3.1,80
铁岭,2026-10-11T05:00,8.0,100,1014.0,0.0,3.8,82
铁岭,2026-10-11T06:00,8.2,100,1014.2,0.0,4.7,83
铁岭,2026-10-11T07:00,9.3,98,1014.5,0.0,5.4,84
铁岭,2026-10-11T08:00,11.4,95,1014.9,0.0,4.0,82
朝阳,2026-10-10T09:00,15.7,50,1001.6,0.0,11.8,34
朝阳,2026-10-10T10:00,17.1,48,1001.5,0.0,11.9,39
朝阳,2026-10-10T11:00,18.4,47,1001.4,0.0,10.3,36
朝阳,2026-10-10T12:00,19.5,47,1000.9,0.0,9.0,38
朝阳,2026-10-10T13:00,20.4,45,1000.1,0.0,8.1,45
朝阳,2026-10-10T14:00,20.8,44,1000.0,0.0,8.9,56
朝阳,2026-10-10T15:00,20.7,44,999.7,0.0,9.0,64
朝阳,2026-10-10T16:00,20.3,45,999.8,0.0,8.5,72
朝阳,2026-10-10T17:00,18.6,55,999.9,0.0,4.3,90
朝阳,2026-10-10T18:00,16.8,64,1000.3,0.0,4.2,95
朝阳,2026-10-10T19:00,16.1,66,1000.7,0.0,2.4,81
朝阳,2026-10-10T20:00,15.3,69,1001.2,0.0,1.8,24
朝阳,2026-10-10T21:00,13.8,73,1001.3,0.0,3.8,355
朝阳,2026-10-10T22:00,12.7,75,1001.5,0.0,4.1,345
朝阳,2026-10-10T23:00,12.1,76,1001.6,0.0,3.5,321
朝阳,2026-10-11T00:00,12.0,75,1001.4,0.0,2.2,294
朝阳,2026-10-11T01:00,11.7,77,1001.7,0.0,1.0,239
朝阳,2026-10-11T02:00,10.9,81,1001.9,0.0,2.2,235
朝阳,2026-10-11T03:00,10.5,82,1001.4,0.0,2.6,254
朝阳,2026-10-11T04:00,10.2,83,1001.1,0.0,1.2,243
朝阳,2026-10-11T05:00,9.8,85,1001.2,0.0,1.5,240
朝阳,2026-10-11T06:00,9.4,87,1001.2,0.0,2.3,238
朝阳,2026-10-11T07:00,10.6,84,1001.6,0.0,3.7,231
朝阳,2026-10-11T08:00,13.4,74,1002.2,0.0,2.8,198
葫芦岛,2026-10-10T09:00,16.5,73,1019.2,0.0,11.9,356
葫芦岛,2026-10-10T10:00,18.4,57,1019.0,0.0,10.5,5
葫芦岛,2026-10-10T11:00,20.0,53,1018.8,0.0,7.6,18
葫芦岛,2026-10-10T12:00,21.3,49,1018.3,0.0,4.7,40
葫芦岛,2026-10-10T13:00,21.9,49,1017.4,0.0,4.4,99
葫芦岛,2026-10-10T14:00,21.6,59,1017.4,0.0,7.2,118
葫芦岛,2026-10-10T15:00,21.0,66,1017.1,0.0,7.5,136
葫芦岛,2026-10-10T16:00,20.5,66,1017.3,0.0,8.1,145
葫芦岛,2026-10-10T17:00,19.7,67,1017.6,0.0,6.2,150
葫芦岛,2026-10-10T18:00,18.7,74,1018.0,0.0,4.3,208
葫芦岛,2026-10-10T19:00,18.2,79,1018.7,0.0,1.2,309
葫芦岛,2026-10-10T20:00,17.8,84,1019.3,0.0,4.7,360
葫芦岛,2026-10-10T21:00,17.2,87,1019.4,0.0,5.1,354
葫芦岛,2026-10-10T22:00,16.8,88,1019.7,0.0,4.9,350
葫芦岛,2026-10-10T23:00,16.2,89,1019.8,0.0,6.0,350
葫芦岛,2026-10-11T00:00,15.6,88,1019.9,0.0,8.5,356
葫芦岛,2026-10-11T01:00,15.1,87,1020.1,0.0,8.7,356
葫芦岛,2026-10-11T02:00,14.5,85,1020.5,0.0,8.5,356
葫芦岛,2026-10-11T03:00,14.2,86,1019.8,0.0,8.8,4
葫芦岛,2026-10-11T04:00,14.0,86,1019.6,0.0,9.3,9
葫芦岛,2026-10-11T05:00,13.6,86,1019.8,0.0,9.2,6
葫芦岛,2026-10-11T06:00,13.3,86,1020.0,0.0,9.4,8
葫芦岛,2026-10-11T07:00,13.8,85,1020.3,0.0,9.6,16
葫芦岛,2026-10-11T08:00,15.8,78,1021.1,0.0,7.3,33
开封,2026-10-10T09:00,20.4,72,1010.7,0.0,2.8,195
开封,2026-10-10T10:00,22.6,63,1010.6,0.0,3.7,227
开封,2026-10-10T11:00,24.4,59,1010.3,0.0,2.3,212
开封,2026-10-10T12:00,25.7,55,1009.9,0.0,1.3,262
开封,2026-10-10T13:00,26.6,53,1009.1,0.0,0.2,90
开封,2026-10-10T14:00,27.3,48,1008.4,0.0,2.3,113
开封,2026-10-10T15:00,27.5,47,1007.9,0.0,3.3,112
开封,2026-10-10T16:00,27.2,47,1007.9,0.0,3.6,117
开封,2026-10-10T17:00,25.9,60,1008.0,0.0,3.1,100
开封,2026-10-10T18:00,23.3,68,1008.1,0.0,5.2,106
开封,2026-10-10T19:00,22.4,71,1008.7,0.0,4.7,92
开封,2026-10-10T20:00,22.1,72,1009.4,0.0,4.9,94
开封,2026-10-10T21:00,21.4,73,1009.7,0.0,5.9,90
开封,2026-10-10T22:00,20.6,76,1009.9,0.0,6.0,97
开封,2026-10-10T23:00,20.0,79,1010.1,0.0,6.4,100
开封,2026-10-11T00:00,19.6,79,1010.2,0.0,7.8,105
开封,2026-10-11T01:00,19.1,81,1010.3,0.0,7.3,113
开封,2026-10-11T02:00,18.9,81,1010.5,0.0,7.6,115
开封,2026-10-11T03:00,18.2,83,1010.2,0.0,6.2,120
开封,2026-10-11T04:00,18.0,83,1010.3,0.0,6.0,127
开封,2026-10-11T05:00,18.2,82,1010.3,0.0,6.4,130
开封,2026-10-11T06:00,17.8,83,1010.7,0.0,6.2,134
开封,2026-10-11T07:00,18.1,82,1011.2,0.0,4.9,123
开封,2026-10-11T08:00,19.3,77,1012.2,0.0,3.5,75
洛阳,2026-10-10T09:00,22.1,60,1003.9,0.0,8.8,269
洛阳,2026-10-10T10:00,24.3,52,1003.7,0.0,8.8,285
洛阳,2026-10-10T11:00,26.3,43,1003.6,0.0,8.6,293
洛阳,2026-10-10T12:00,27.8,36,1003.0,0.0,9.5,281
洛阳,2026-10-10T13:00,28.9,33,1001.9,0.0,9.2,277
洛阳,2026-10-10T14:00,29.9,30,1001.1,0.0,9.4,281
洛阳,2026-10-10T15:00,30.2,28,1000.4,0.0,9.6,273
洛阳,2026-10-10T16:00,30.0,28,1000.0,0.0,9.1,256
洛阳,2026-10-10T17:00,28.8,31,999.9,0.0,8.5,238
洛阳,2026-10-10T18:00,26.0,38,1000.5,0.0,6.4,252
洛阳,2026-10-10T19:00,24.6,41,1001.0,0.0,7.4,264
洛阳,2026-10-10T20:00,24.1,39,1001.6,0.0,9.6,261
洛阳,2026-10-10T21:00,23.2,40,1002.2,0.0,7.4,252
洛阳,2026-10-10T22:00,22.1,42,1002.4,0.0,5.2,239
洛阳,2026-10-10T23:00,21.3,45,1002.7,0.0,5.7,229
洛阳,2026-10-11T00:00,20.5,48,1002.7,0.0,6.3,243
洛阳,2026-10-11T01:00,20.0,51,1002.5,0.0,5.5,247
洛阳,2026-10-11T02:00,20.2,51,1002.9,0.0,5.4,228
洛阳,2026-10-11T03:00,20.1,53,1002.8,0.0,4.3,225
洛阳,2026-10-11T04:00,19.6,56,1002.6,0.0,4.6,225
洛阳,2026-10-11T05:00,19.1,59,1002.5,0.0,4.8,205
洛阳,2026-10-11T06:00,18.4,64,1003.1,0.0,3.6,198
洛阳,2026-10-11T07:00,18.5,65,1003.5,0.0,3.7,209
洛阳,2026-10-11T08:00,19.6,62,1004.0,0.0,1.1,342
平顶山,2026-10-10T09:00,21.1,68,1005.6,0.0,5.3,305
平顶山,2026-10-10T10:00,23.7,56,1005.6,0.0,5.6,297
平顶山,2026-10-10T11:00,25.8,49,1005.2,0.0,7.4,299
平顶山,2026-10-10T12:00,27.3,43,1004.6,0.0,11.5,305
平顶山,2026-10-10T13:00,28.3,39,1003.7,0.0,13.1,314
平顶山,2026-10-10T14:00,29.1,37,1002.8,0.0,11.7,326
平顶山,2026-10-10T15:00,28.9,36,1002.4,0.0,11.8,329
平顶山,2026-10-10T16:00,28.3,39,1002.2,0.0,10.8,323
平顶山,2026-10-10T17:00,26.7,45,1002.1,0.0,7.9,305
平顶山,2026-10-10T18:00,24.0,50,1002.4,0.0,7.5,307
平顶山,2026-10-10T19:00,22.7,54,1002.7,0.0,5.6,343
平顶山,2026-10-10T20:00,22.3,52,1003.4,0.0,7.4,334
平顶山,2026-10-10T21:00,21.4,56,1004.0,0.0,7.3,322
平顶山,2026-10-10T22:00,20.7,58,1004.3,0.0,6.7,308
平顶山,2026-10-10T23:00,19.9,60,1004.5,0.0,6.6,299
平顶山,2026-10-11T00:00,19.2,61,1004.4,0.0,6.9,298
平顶山,2026-10-11T01:00,19.0,60,1004.2,0.0,7.3,312
平顶山,2026-10-11T02:00,19.0,62,1004.5,0.0,6.8,328
平顶山,2026-10-11T03:00,18.0,70,1004.2,0.0,6.6,343
平顶山,2026-10-11T04:00,18.1,74,1004.2,0.0,6.7,340
平顶山,2026-10-11T05:00,18.2,74,1004.3,0.0,6.9,343
平顶山,2026-10-11T06:00,18.6,74,1004.6,0.0,6.8,11
平顶山,2026-10-11T07:00,18.7,78,1005.1,0.0,5.6,25
平顶山,2026-10-11T08:00,19.5,79,1005.7,0.0,5.0,21
安阳,2026-10-10T09:00,20.2,59,1011.7,0.0,2.1,345
安阳,2026-10-10T10:00,23.2,48,1011.5,0.0,2.8,18
安阳,2026-10-10T11:00,25.7,40,1011.3,0.0,3.9,34
安阳,2026-10-10T12:00,27.4,35,1010.7,0.0,4.1,45
安阳,2026-10-10T13:00,28.8,32,1009.7,0.0,4.9,66
安阳,2026-10-10T14:00,29.6,29,1009.2,0.0,5.5,77
安阳,2026-10-10T15:00,29.8,28,1008.6,0.0,5.9,79
安阳,2026-10-10T16:00,29.6,29,1008.5,0.0,7.0,86
安阳,2026-10-10T17:00,28.8,30,1008.6,0.0,8.1,107
安阳,2026-10-10T18:00,26.7,36,1009.1,0.0,7.5,107
安阳,2026-10-10T19:00,25.4,41,1009.9,0.0,9.0,91
安阳,2026-10-10T20:00,24.7,44,1010.6,0.0,10.6,113
安阳,2026-10-10T21:00,23.6,49,1011.2,0.0,10.1,139
安阳,2026-10-10T22:00,22.4,55,1011.5,0.0,3.8,172
安阳,2026-10-10T23:00,21.1,61,1011.7,0.0,1.3,8
安阳,2026-10-11T00:00,20.3,65,1011.8,0.0,0.4,333
安阳,2026-10-11T01:00,19.7,66,1011.6,0.0,1.8,233
安阳,2026-10-11T02:00,19.3,63,1011.9,0.0,3.9,248
安阳,2026-10-11T03:00,18.6,63,1011.5,0.0,5.0,289
安阳,2026-10-11T04:00,18.3,62,1011.6,0.0,3.9,304
安阳,2026-10-11T05:00,18.0,62,1011.8,0.0,5.3,315
安阳,2026-10-11T06:00,17.6,62,1012.2,0.0,6.4,338
安阳,2026-10-11T07:00,17.6,62,1012.8,0.0,7.1,333
安阳,2026-10-11T08:00,19.5,55,1013.5,0.0,3.7,337
鹤壁,2026-10-10T09:00,19.8,69,1009.4,0.0,4.2,36
鹤壁,2026-10-10T10:00,22.9,56,1009.3,0.0,5.9,38
鹤壁,2026-10-10T11:00,25.4,45,1009.1,0.0,7.1,38
鹤壁,2026-10-10T12:00,27.2,37,1008.7,0.0,7.1,36
鹤壁,2026-10-10T13:00,28.3,32,1007.7,0.0,6.2,38
鹤壁,2026-10-10T14:00,29.1,31,1007.0,0.0,5.9,67
鹤壁,2026-10-10T15:00,29.2,30,1006.6,0.0,5.9,88
鹤壁,2026-10-10T16:00,28.9,30,1006.5,0.0,4.6,108
鹤壁,2026-10-10T17:00,27.8,35,1006.6,0.0,3.2,109
鹤壁,2026-10-10T18:00,25.3,44,1006.9,0.0,1.5,126
鹤壁,2026-10-10T19:00,24.2,47,1007.6,0.0,1.2,219
鹤壁,2026-10-10T20:00,23.4,49,1008.4,0.0,0.9,259
鹤壁,2026-10-10T21:00,22.6,51,1009.0,0.0,0.4,333
鹤壁,2026-10-10T22:00,21.4,55,1009.3,0.0,3.1,40
鹤壁,2026-10-10T23:00,20.8,62,1009.4,0.0,0.6,56
鹤壁,2026-10-11T00:00,20.2,61,1009.4,0.0,0.8,225
鹤壁,2026-10-11T01:00,19.7,64,1009.4,0.0,0.5,315
鹤壁,2026-10-11T02:00,18.9,67,1009.7,0.0,2.6,348
鹤壁,2026-10-11T03:00,17.8,71,1009.3,0.0,2.3,315
鹤壁,2026-10-11T04:00,17.0,74,1009.4,0.0,2.0,297
鹤壁,2026-10-11T05:00,16.4,76,1009.4,0.0,2.1,301
鹤壁,2026-10-11T06:00,16.4,76,1009.9,0.0,3.6,319
鹤壁,2026-10-11T07:00,17.4,70,1010.5,0.0,4.7,332
鹤壁,2026-10-11T08:00,20.2,58,1011.2,0.0,6.2,10
新乡,2026-10-10T09:00,21.1,64,1010.6,0.0,2.2,228
新乡,2026-10-10T10:00,23.4,56,1010.4,0.0,2.6,78
新乡,2026-10-10T11:00,25.6,48,1010.4,0.0,5.1,72
新乡,2026-10-10T12:00,27.3,42,1010.1,0.0,6.7,70
新乡,2026-10-10T13:00,28.6,39,1009.0,0.0,7.7,91
新乡,2026-10-10T14:00,29.6,34,1008.4,0.0,7.6,91
新乡,2026-10-10T15:00,29.7,31,1008.0,0.0,5.4,90
新乡,2026-10-10T16:00,29.5,31,1007.8,0.0,5.6,105
新乡,2026-10-10T17:00,28.5,34,1007.9,0.0,6.9,118
新乡,2026-10-10T18:00,26.0,42,1008.4,0.0,5.2,134
新乡,2026-10-10T19:00,25.0,49,1008.9,0.0,6.7,128
新乡,2026-10-10T20:00,24.4,53,1009.6,0.0,7.4,122
新乡,2026-10-10T21:00,23.0,61,1010.0,0.0,5.9,117
新乡,2026-10-10T22:00,22.4,63,1010.2,0.0,5.0,92
新乡,2026-10-10T23:00,21.7,67,1010.6,0.0,4.6,59
新乡,2026-10-11T00:00,21.0,70,1010.7,0.0,6.3,39
新乡,2026-10-11T01:00,20.3,71,1010.6,0.0,6.6,47
新乡,2026-10-11T02:00,20.1,71,1010.9,0.0,8.2,54
新乡,2026-10-11T03:00,19.0,77,1010.7,0.0,5.9,45
新乡,2026-10-11T04:00,19.1,76,1010.8,0.0,7.0,50
新乡,2026-10-11T05:00,18.6,78,1010.8,0.0,6.6,61
新乡,2026-10-11T06:00,18.7,77,1011.2,0.0,6.3,70
新乡,2026-10-11T07:00,18.7,77,1011.8,0.0,6.9,65
新乡,2026-10-11T08:00,20.1,71,1012.4,0.0,6.5,76
焦作,2026-10-10T09:00,23.2,52,1006.9,0.0,12.1,245
焦作,2026-10-10T10:00,26.1,45,1006.6,0.0,9.2,242
焦作,2026-10-10T11:00,28.1,39,1006.6,0.0,7.1,221
焦作,2026-10-10T12:00,29.3,36,1006.1,0.0,6.2,165
焦作,2026-10-10T13:00,29.8,35,1005.3,0.0,9.1,131
焦作,2026-10-10T14:00,30.3,31,1004.7,0.0,8.8,105
焦作,2026-10-10T15:00,30.2,30,1004.3,0.0,10.4,105
焦作,2026-10-10T16:00,29.9,31,1004.1,0.0,9.0,105
焦作,2026-10-10T17:00,29.0,32,1004.2,0.0,7.8,103
焦作,2026-10-10T18:00,26.8,37,1004.6,0.0,7.4,97
焦作,2026-10-10T19:00,24.8,42,1005.2,0.0,6.2,60
焦作,2026-10-10T20:00,24.4,45,1005.9,0.0,9.6,60
焦作,2026-10-10T21:00,23.5,48,1006.4,0.0,9.8,50
焦作,2026-10-10T22:00,22.9,49,1006.8,0.0,6.5,51
焦作,2026-10-10T23:00,22.5,48,1007.0,0.0,7.8,46
焦作,2026-10-11T00:00,22.2,48,1007.0,0.0,6.9,49
焦作,2026-10-11T01:00,21.5,51,1007.0,0.0,6.0,53
焦作,2026-10-11T02:00,22.3,49,1007.3,0.0,6.5,56
焦作,2026-10-11T03:00,21.9,51,1007.2,0.0,7.0,50
焦作,2026-10-11T04:00,21.6,53,1007.0,0.0,7.9,57
焦作,2026-10-11T05:00,21.3,55,1007.1,0.0,7.8,67
焦作,2026-10-11T06:00,20.7,58,1007.5,0.0,5.6,73
焦作,2026-10-11T07:00,20.2,62,1008.1,0.0,5.6,75
焦作,2026-10-11T08:00,21.0,61,1008.8,0.0,6.2,73
濮阳,2026-10-10T09:00,21.3,53,1013.8,0.0,7.4,177
濮阳,2026-10-10T10:00,23.6,48,1013.7,0.0,4.9,186
濮阳,2026-10-10T11:00,25.6,43,1013.4,0.0,4.5,166
濮阳,2026-10-10T12:00,27.2,41,1012.8,0.0,4.8,153
濮阳,2026-10-10T13:00,28.2,38,1011.9,0.0,5.5,144
濮阳,2026-10-10T14:00,28.9,35,1011.3,0.0,8.3,139
濮阳,2026-10-10T15:00,28.9,35,1010.9,0.0,7.8,136
濮阳,2026-10-10T16:00,28.5,35,1010.9,0.0,7.9,133
濮阳,2026-10-10T17:00,27.7,37,1011.0,0.0,9.3,122
濮阳,2026-10-10T18:00,25.8,43,1011.4,0.0,8.8,116
濮阳,2026-10-10T19:00,24.6,48,1012.1,0.0,8.6,123
濮阳,2026-10-10T20:00,23.9,52,1012.8,0.0,9.2,118
濮阳,2026-10-10T21:00,22.5,56,1013.4,0.0,10.6,118
濮阳,2026-10-10T22:00,21.6,58,1013.7,0.0,10.4,126
濮阳,2026-10-10T23:00,20.9,59,1013.7,0.0,9.8,131
濮阳,2026-10-11T00:00,20.4,60,1013.6,0.0,9.9,145
濮阳,2026-10-11T01:00,20.0,60,1013.5,0.0,9.9,151
濮阳,2026-10-11T02:00,19.9,60,1013.7,0.0,8.6,158
濮阳,2026-10-11T03:00,19.1,64,1013.3,0.0,7.8,165
濮阳,2026-10-11T04:00,18.7,68,1013.4,0.0,6.1,192
濮阳,2026-10-11T05:00,18.0,73,1013.9,0.0,6.2,263
濮阳,2026-10-11T06:00,17.3,77,1014.2,0.0,2.0,315
濮阳,2026-10-11T07:00,17.6,76,1014.8,0.0,1.0,22
濮阳,2026-10-11T08:00,19.8,66,1015.6,0.0,0.5,90
许昌,2026-10-10T09:00,20.3,76,1011.4,0.0,3.4,227
许昌,2026-10-10T10:00,23.2,66,1011.5,0.0,2.5,249
许昌,2026-10-10T11:00,25.5,59,1011.3,0.0,0.5,45
许昌,2026-10-10T12:00,26.9,53,1010.7,0.0,2.0,63
许昌,2026-10-10T13:00,27.8,49,1010.0,0.0,1.8,84
许昌,2026-10-10T14:00,28.3,45,1009.2,0.0,2.8,75
许昌,2026-10-10T15:00,28.4,46,1008.8,0.0,2.2,76
许昌,2026-10-10T16:00,28.1,47,1008.7,0.0,3.2,90
许昌,2026-10-10T17:00,26.6,59,1008.7,0.0,4.4,109
许昌,2026-10-10T18:00,24.0,66,1009.0,0.0,5.7,127
许昌,2026-10-10T19:00,23.0,68,1009.4,0.0,6.0,134
许昌,2026-10-10T20:00,22.5,72,1009.9,0.0,5.9,128
许昌,2026-10-10T21:00,21.6,74,1010.2,0.0,5.8,116
许昌,2026-10-10T22:00,21.3,75,1010.6,0.0,5.7,101
许昌,2026-10-10T23:00,20.8,77,1010.8,0.0,5.4,96
许昌,2026-10-11T00:00,19.8,81,1010.8,0.0,2.9,90
许昌,2026-10-11T01:00,19.4,81,1010.8,0.0,1.8,45
许昌,2026-10-11T02:00,19.0,83,1011.0,0.0,2.9,47
许昌,2026-10-11T03:00,18.1,87,1010.8,0.0,3.5,66
许昌,2026-10-11T04:00,17.5,91,1010.7,0.0,4.3,62
许昌,2026-10-11T05:00,17.6,91,1011.0,0.0,4.2,40
许昌,2026-10-11T06:00,17.7,90,1011.4,0.0,4.1,41
许昌,2026-10-11T07:00,17.9,88,1012.0,0.0,3.6,49
许昌,2026-10-11T08:00,19.1,82,1012.6,0.0,4.3,68
漯河,2026-10-10T09:00,21.8,66,1012.5,0.0,6.7,236
漯河,2026-10-10T10:00,24.3,59,1012.5,0.0,7.4,257
漯河,2026-10-10T11:00,26.3,52,1012.2,0.0,8.7,277
漯河,2026-10-10T12:00,27.5,48,1011.4,0.0,9.1,288
漯河,2026-10-10T13:00,28.3,46,1010.6,0.0,8.6,299
漯河,2026-10-10T14:00,29.0,44,1009.8,0.0,7.1,308
漯河,2026-10-10T15:00,29.0,44,1009.4,0.0,5.6,312
漯河,2026-10-10T16:00,28.6,46,1009.3,0.0,4.1,319
漯河,2026-10-10T17:00,27.8,52,1009.4,0.0,2.3,51
漯河,2026-10-10T18:00,24.6,67,1009.6,0.0,4.0,69
漯河,2026-10-10T19:00,23.1,72,1010.0,0.0,6.3,75
漯河,2026-10-10T20:00,22.3,76,1010.5,0.0,5.6,97
漯河,2026-10-10T21:00,21.5,78,1010.9,0.0,5.4,110
漯河,2026-10-10T22:00,21.2,79,1011.2,0.0,5.3,125
漯河,2026-10-10T23:00,21.2,78,1011.4,0.0,5.8,106
漯河,2026-10-11T00:00,20.7,80,1011.4,0.0,4.7,152
漯河,2026-10-11T01:00,20.1,83,1011.4,0.0,2.8,198
漯河,2026-10-11T02:00,19.3,86,1011.3,0.0,2.9,68
漯河,2026-10-11T03:00,18.3,90,1011.1,0.0,3.3,81
漯河,2026-10-11T04:00,17.6,93,1011.2,0.0,4.2,102
漯河,2026-10-11T05:00,17.1,95,1011.3,0.0,4.2,110
漯河,2026-10-11T06:00,16.9,95,1011.8,0.0,4.4,99
漯河,2026-10-11T07:00,17.5,94,1012.5,0.0,5.7,118
漯河,2026-10-11T08:00,18.9,87,1013.1,0.0,4.5,92
三门峡,2026-10-10T09:00,19.8,63,979.1,0.0,7.6,239
三门峡,2026-10-10T10:00,21.8,48,979.3,0.0,9.1,263
三门峡,2026-10-10T11:00,23.3,39,979.2,0.0,8.9,277
三门峡,2026-10-10T12:00,24.4,35,978.6,0.0,8.9,277
三门峡,2026-10-10T13:00,25.3,33,977.8,0.0,9.8,287
三门峡,2026-10-10T14:00,25.9,32,977.0,0.0,10.8,303
三门峡,2026-10-10T15:00,25.9,32,976.1,0.0,9.3,313
三门峡,2026-10-10T16:00,25.5,33,975.8,0.0,7.4,311
三门峡,2026-10-10T17:00,24.8,36,975.5,0.0,5.4,323
三门峡,2026-10-10T18:00,22.4,51,975.4,0.0,2.2,346
三门峡,2026-10-10T19:00,21.2,58,975.6,0.0,0.2,270
三门峡,2026-10-10T20:00,21.6,53,976.4,0.0,4.8,209
三门峡,2026-10-10T21:00,19.9,58,976.3,0.0,4.3,213
三门峡,2026-10-10T22:00,19.2,61,976.5,0.0,3.3,216
三门峡,2026-10-10T23:00,19.5,61,976.8,0.0,3.1,208
三门峡,2026-10-11T00:00,19.6,60,976.6,0.0,1.6,153
三门峡,2026-10-11T01:00,19.9,59,976.4,0.0,0.4,90
三门峡,2026-10-11T02:00,19.3,68,976.8,0.0,0.6,214
三门峡,2026-10-11T03:00,19.3,63,976.4,0.0,1.2,153
三门峡,2026-10-11T04:00,19.0,60,976.0,0.0,2.5,60
三门峡,2026-10-11T05:00,18.6,64,975.8,0.0,1.6,84
三门峡,2026-10-11T06:00,18.4,65,976.1,0.0,1.8,53
三门峡,2026-10-11T07:00,18.3,64,976.3,0.0,3.5,62
三门峡,2026-10-11T08:00,19.1,61,976.8,0.0,6.8,68
南阳,2026-10-10T09:00,20.4,78,1005.7,0.0,2.4,228
南阳,2026-10-10T10:00,22.9,70,1005.7,0.0,3.8,225
南阳,2026-10-10T11:00,24.9,65,1005.2,0.0,4.8,214
南阳,2026-10-10T12:00,26.4,60,1004.7,0.0,5.0,224
南阳,2026-10-10T13:00,27.4,57,1003.9,0.0,4.3,222
南阳,2026-10-10T14:00,28.3,50,1003.1,0.0,4.6,225
南阳,2026-10-10T15:00,28.3,47,1002.5,0.0,4.1,195
南阳,2026-10-10T16:00,28.0,47,1002.3,0.0,4.4,150
南阳,2026-10-10T17:00,26.8,58,1002.3,0.0,4.9,129
南阳,2026-10-10T18:00,24.4,67,1002.6,0.0,4.4,120
南阳,2026-10-10T19:00,23.4,69,1003.0,0.0,3.3,135
南阳,2026-10-10T20:00,23.1,68,1003.4,0.0,4.6,149
南阳,2026-10-10T21:00,22.4,73,1003.8,0.0,4.7,182
南阳,2026-10-10T22:00,22.3,73,1004.0,0.0,2.4,234
南阳,2026-10-10T23:00,21.8,74,1004.3,0.0,1.8,336
南阳,2026-10-11T00:00,20.4,82,1004.2,0.0,6.0,3
南阳,2026-10-11T01:00,19.6,87,1003.9,0.0,4.9,10
南阳,2026-10-11T02:00,19.1,89,1004.1,0.0,5.2,12
南阳,2026-10-11T03:00,19.1,88,1003.9,0.0,4.3,2
南阳,2026-10-11T04:00,19.6,84,1003.9,0.0,4.7,23
南阳,2026-10-11T05:00,19.7,83,1004.0,0.0,5.6,17
南阳,2026-10-11T06:00,19.7,82,1004.3,0.0,5.7,13
南阳,2026-10-11T07:00,19.7,81,1004.5,0.0,7.7,31
南阳,2026-10-11T08:00,20.4,78,1005.4,0.0,5.9,70
商丘,2026-10-10T09:00,21.0,63,1014.4,0.0,5.8,164
商丘,2026-10-10T10:00,23.6,53,1014.3,0.0,6.7,180
商丘,2026-10-10T11:00,25.3,47,1014.2,0.0,7.2,183
商丘,2026-10-10T12:00,26.4,44,1013.4,0.0,7.6,181
商丘,2026-10-10T13:00,27.0,43,1012.5,0.0,6.3,175
商丘,2026-10-10T14:00,27.5,41,1011.9,0.0,5.1,162
商丘,2026-10-10T15:00,27.6,42,1011.4,0.0,5.3,152
商丘,2026-10-10T16:00,27.2,43,1011.5,0.0,5.4,154
商丘,2026-10-10T17:00,26.1,49,1011.6,0.0,4.5,140
商丘,2026-10-10T18:00,23.7,60,1011.9,0.0,5.4,132
商丘,2026-10-10T19:00,22.3,66,1012.5,0.0,7.2,125
商丘,2026-10-10T20:00,21.7,69,1013.0,0.0,8.4,110
商丘,2026-10-10T21:00,20.7,71,1013.6,0.0,10.9,107
商丘,2026-10-10T22:00,20.5,67,1013.9,0.0,12.6,112
商丘,2026-10-10T23:00,20.2,65,1013.9,0.0,11.0,114
商丘,2026-10-11T00:00,19.4,66,1013.9,0.0,9.8,122
商丘,2026-10-11T01:00,19.0,68,1013.9,0.0,8.7,130
商丘,2026-10-11T02:00,18.8,70,1014.1,0.0,7.7,141
商丘,2026-10-11T03:00,17.9,74,1013.5,0.0,6.6,147
商丘,2026-10-11T04:00,17.5,76,1013.5,0.0,6.0,159
商丘,2026-10-11T05:00,17.2,77,1013.8,0.0,5.3,172
商丘,2026-10-11T06:00,16.8,79,1014.2,0.0,5.1,144
商丘,2026-10-11T07:00,16.7,80,1014.9,0.0,7.5,123
商丘,2026-10-11T08:00,19.3,71,1015.7,0.0,5.6,119
信阳,2026-10-10T09:00,22.1,67,1009.8,0.0,1.7,229
信阳,2026-10-10T10:00,24.6,56,1009.9,0.0,1.9,248
信阳,2026-10-10T11:00,26.2,51,1009.7,0.0,2.4,297
信阳,2026-10-10T12:00,27.3,46,1008.9,0.0,2.3,309
信阳,2026-10-10T13:00,28.1,45,1008.0,0.0,1.2,297
信阳,2026-10-10T14:00,28.7,41,1007.2,0.0,0.5,180
信阳,2026-10-10T15:00,28.8,41,1006.6,0.0,0.0,270
信阳,2026-10-10T16:00,28.6,41,1006.7,0.0,0.5,45
信阳,2026-10-10T17:00,27.3,55,1006.7,0.0,2.8,101
信阳,2026-10-10T18:00,23.7,68,1006.8,0.0,4.2,130
信阳,2026-10-10T19:00,22.2,71,1007.2,0.0,6.1,156
信阳,2026-10-10T20:00,21.6,76,1007.7,0.0,5.5,167
信阳,2026-10-10T21:00,20.0,81,1008.1,0.0,4.9,186
信阳,2026-10-10T22:00,19.0,82,1008.1,0.0,4.3,178
信阳,2026-10-10T23:00,18.3,82,1008.2,0.0,4.7,189
信阳,2026-10-11T00:00,17.8,82,1008.2,0.0,3.9,196
信阳,2026-10-11T01:00,17.6,80,1008.1,0.0,2.4,193
信阳,2026-10-11T02:00,17.8,82,1008.2,0.0,0.6,304
信阳,2026-10-11T03:00,17.4,85,1007.9,0.0,1.0,315
信阳,2026-10-11T04:00,17.2,86,1008.0,0.0,0.9,191
信阳,2026-10-11T05:00,17.1,84,1008.0,0.0,1.6,186
信阳,2026-10-11T06:00,16.9,84,1008.4,0.0,0.9,180
信阳,2026-10-11T07:00,17.2,85,1009.1,0.0,1.5,30
信阳,2026-10-11T08:00,19.5,79,1009.6,0.0,2.6,65
周口,2026-10-10T09:00,21.2,67,1014.0,0.0,5.2,194
周口,2026-10-10T10:00,23.7,59,1014.0,0.0,5.7,204
周口,2026-10-10T11:00,25.6,53,1013.8,0.0,6.4,212
周口,2026-10-10T12:00,26.8,51,1013.0,0.0,5.4,217
周口,2026-10-10T13:00,27.6,49,1012.1,0.0,3.9,227
周口,2026-10-10T14:00,28.3,45,1011.2,0.0,2.2,235
周口,2026-10-10T15:00,28.5,45,1010.8,0.0,1.5,277
周口,2026-10-10T16:00,28.2,45,1010.8,0.0,0.7,14
周口,2026-10-10T17:00,27.1,57,1010.8,0.0,2.4,48
周口,2026-10-10T18:00,24.5,63,1011.2,0.0,5.1,67
周口,2026-10-10T19:00,23.3,67,1011.6,0.0,6.5,82
周口,2026-10-10T20:00,22.6,71,1012.2,0.0,4.5,74
周口,2026-10-10T21:00,21.5,76,1012.5,0.0,8.7,96
周口,2026-10-10T22:00,20.8,77,1012.8,0.0,8.9,109
周口,2026-10-10T23:00,20.2,78,1013.1,0.0,9.7,109
周口,2026-10-11T00:00,20.1,76,1013.2,0.0,10.0,111
周口,2026-10-11T01:00,19.8,76,1013.1,0.0,9.8,116
周口,2026-10-11T02:00,19.4,77,1013.2,0.0,9.0,121
周口,2026-10-11T03:00,18.7,80,1012.8,0.0,9.1,122
周口,2026-10-11T04:00,18.1,83,1013.0,0.0,8.7,124
周口,2026-10-11T05:00,17.7,84,1013.1,0.0,9.1,120
周口,2026-10-11T06:00,17.3,86,1013.6,0.0,8.5,122
周口,2026-10-11T07:00,17.5,85,1014.2,0.0,9.2,125
周口,2026-10-11T08:00,19.5,79,1014.8,0.0,7.8,128
驻马店,2026-10-10T09:00,23.1,59,1009.8,0.0,3.3,264
驻马店,2026-10-10T10:00,25.5,49,1009.9,0.0,5.1,288
驻马店,2026-10-10T11:00,27.1,46,1009.6,0.0,5.2,297
驻马店,2026-10-10T12:00,28.2,43,1008.9,0.0,4.5,323
驻马店,2026-10-10T13:00,28.7,43,1008.0,0.0,4.8,340
驻马店,2026-10-10T14:00,29.2,41,1007.2,0.0,4.5,358
驻马店,2026-10-10T15:00,29.2,40,1006.7,0.0,3.7,346
驻马店,2026-10-10T16:00,29.0,40,1006.6,0.0,2.6,348
驻马店,2026-10-10T17:00,27.5,61,1006.6,0.0,2.2,90
驻马店,2026-10-10T18:00,24.4,63,1006.9,0.0,3.9,114
驻马店,2026-10-10T19:00,22.8,68,1007.5,0.0,4.5,164
驻马店,2026-10-10T20:00,22.6,69,1008.0,0.0,5.1,174
驻马店,2026-10-10T21:00,21.6,72,1008.2,0.0,6.7,180
驻马店,2026-10-10T22:00,21.8,70,1008.5,0.0,7.8,187
驻马店,2026-10-10T23:00,21.4,70,1008.5,0.0,7.8,189
驻马店,2026-10-11T00:00,20.9,73,1008.4,0.0,6.5,214
驻马店,2026-10-11T01:00,20.3,75,1008.4,0.0,5.2,250
驻马店,2026-10-11T02:00,20.0,79,1008.4,0.0,1.8,264
驻马店,2026-10-11T03:00,19.6,80,1008.2,0.0,0.7,14
驻马店,2026-10-11T04:00,18.7,84,1008.3,0.0,0.9,37
驻马店,2026-10-11T05:00,18.0,87,1008.4,0.0,0.6,72
驻马店,2026-10-11T06:00,17.4,89,1008.8,0.0,0.4,90
驻马店,2026-10-11T07:00,17.5,90,1009.4,0.0,2.8,105
驻马店,2026-10-11T08:00,19.3,83,1010.0,0.0,4.8,110
武汉,2026-10-10T09:00,21.8,69,1018.7,0.0,1.8,53
武汉,2026-10-10T10:00,23.7,60,1018.6,0.0,2.6,65
武汉,2026-10-10T11:00,25.4,54,1018.4,0.0,2.2,48
武汉,2026-10-10T12:00,26.7,49,1017.6,0.0,2.4,36
武汉,2026-10-10T13:00,27.6,47,1016.7,0.0,2.4,42
武汉,2026-10-10T14:00,28.2,44,1016.0,0.0,2.3,51
武汉,2026-10-10T15:00,28.7,42,1015.4,0.0,1.5,69
武汉,2026-10-10T16:00,28.5,42,1015.4,0.0,1.5,135
武汉,2026-10-10T17:00,28.0,44,1015.5,0.0,1.5,187
武汉,2026-10-10T18:00,26.1,58,1015.8,0.0,2.7,200
武汉,2026-10-10T19:00,25.0,62,1016.1,0.0,3.9,208
武汉,2026-10-10T20:00,25.2,61,1016.6,0.0,3.7,241
武汉,2026-10-10T21:00,24.3,65,1016.8,0.0,3.6,267
武汉,2026-10-10T22:00,23.7,67,1017.0,0.0,3.8,270
武汉,2026-10-10T23:00,23.0,70,1016.9,0.0,2.0,260
武汉,2026-10-11T00:00,22.4,73,1016.8,0.0,1.5,330
武汉,2026-10-11T01:00,21.7,76,1016.8,0.0,5.1,51
武汉,2026-10-11T02:00,21.1,80,1017.1,0.0,2.5,69
武汉,2026-10-11T03:00,20.4,83,1016.8,0.0,0.0,270
武汉,2026-10-11T04:00,20.0,86,1016.9,0.0,0.4,360
武汉,2026-10-11T05:00,19.4,90,1017.0,0.0,1.2,51
武汉,2026-10-11T06:00,19.0,94,1017.4,0.0,2.6,74
武汉,2026-10-11T07:00,18.6,98,1018.0,0.0,5.4,86
武汉,2026-10-11T08:00,19.6,92,1018.5,0.0,5.1,100
黄石,2026-10-10T09:00,21.3,77,1016.6,0.0,1.8,294
黄石,2026-10-10T10:00,23.2,70,1016.8,0.0,2.7,312
黄石,2026-10-10T11:00,24.7,64,1016.3,0.0,2.4,347
黄石,2026-10-10T12:00,25.9,59,1015.7,0.0,2.9,360
黄石,2026-10-10T13:00,26.7,54,1014.7,0.0,2.5,360
黄石,2026-10-10T14:00,27.5,49,1014.0,0.0,1.8,354
黄石,2026-10-10T15:00,27.6,49,1013.5,0.0,1.7,13
黄石,2026-10-10T16:00,27.4,49,1013.5,0.0,0.4,27
黄石,2026-10-10T17:00,26.6,60,1013.5,0.0,0.5,135
黄石,2026-10-10T18:00,24.3,67,1013.8,0.0,0.4,153
黄石,2026-10-10T19:00,23.0,72,1014.3,0.0,0.4,243
黄石,2026-10-10T20:00,22.4,76,1014.8,0.0,2.8,235
黄石,2026-10-10T21:00,21.3,81,1015.0,0.0,2.8,220
黄石,2026-10-10T22:00,20.9,81,1015.3,0.0,1.2,153
黄石,2026-10-10T23:00,20.4,83,1015.3,0.0,2.4,117
黄石,2026-10-11T00:00,19.9,86,1015.3,0.0,1.7,108
黄石,2026-10-11T01:00,19.4,90,1015.0,0.0,1.1,108
黄石,2026-10-11T02:00,19.0,94,1015.2,0.0,1.7,122
黄石,2026-10-11T03:00,18.4,97,1014.9,0.0,1.9,131
黄石,2026-10-11T04:00,18.1,98,1015.1,0.0,2.1,121
黄石,2026-10-11T05:00,18.1,98,1015.3,0.0,2.7,127
黄石,2026-10-11T06:00,18.0,97,1015.8,0.0,3.3,135
黄石,2026-10-11T07:00,18.9,95,1016.3,0.0,3.9,137
黄石,2026-10-11T08:00,21.0,87,1016.9,0.0,4.5,119
十堰,2026-10-10T09:00,21.6,76,987.9,0.0,6.4,313
十堰,2026-10-10T10:00,23.8,68,987.7,0.0,7.3,316
十堰,2026-10-10T11:00,25.7,56,987.5,0.0,9.2,315
十堰,2026-10-10T12:00,27.0,47,987.0,0.0,8.8,321
十堰,2026-10-10T13:00,27.8,42,986.0,0.0,7.5,333
十堰,2026-10-10T14:00,28.3,39,985.0,0.0,7.0,348
十堰,2026-10-10T15:00,28.3,37,984.2,0.0,4.7,2
十堰,2026-10-10T16:00,28.0,38,983.9,0.0,2.7,53
十堰,2026-10-10T17:00,26.7,49,983.8,0.0,4.5,127
十堰,2026-10-10T18:00,23.8,62,983.9,0.0,4.1,167
十堰,2026-10-10T19:00,22.8,62,984.0,0.0,3.8,188
十堰,2026-10-10T20:00,22.9,64,984.9,0.2,1.9,202
十堰,2026-10-10T21:00,21.5,69,984.9,0.0,2.0,207
十堰,2026-10-10T22:00,20.5,72,985.0,0.0,0.9,217
十堰,2026-10-10T23:00,19.8,72,985.2,0.0,1.3,214
十堰,2026-10-11T00:00,19.6,70,985.2,0.0,2.5,249
十堰,2026-10-11T01:00,20.0,68,985.2,0.0,4.2,252
十堰,2026-10-11T02:00,19.5,80,985.7,0.2,5.1,243
十堰,2026-10-11T03:00,18.8,88,985.3,0.2,5.8,263
十堰,2026-10-11T04:00,19.5,83,985.0,0.0,1.9,241
十堰,2026-10-11T05:00,19.2,85,984.9,0.0,2.6,231
十堰,2026-10-11T06:00,18.9,86,985.2,0.0,3.1,234
十堰,2026-10-11T07:00,19.1,84,985.6,0.0,2.1,232
十堰,2026-10-11T08:00,19.8,80,986.3,0.0,2.8,285
宜昌,2026-10-10T09:00,22.0,82,1013.2,0.0,2.3,293
宜昌,2026-10-10T10:00,24.6,70,1013.1,0.0,2.2,284
宜昌,2026-10-10T11:00,26.5,60,1012.8,0.0,0.7,166
宜昌,2026-10-10T12:00,27.7,53,1012.2,0.0,3.1,135
宜昌,2026-10-10T13:00,28.1,52,1011.2,0.0,4.2,126
宜昌,2026-10-10T14:00,28.3,52,1010.5,0.0,5.8,106
宜昌,2026-10-10T15:00,28.4,51,1009.8,0.0,7.6,102
宜昌,2026-10-10T16:00,28.0,52,1009.6,0.0,9.0,121
宜昌,2026-10-10T17:00,26.9,60,1009.8,0.0,7.5,153
宜昌,2026-10-10T18:00,25.0,71,1010.3,0.0,3.7,157
宜昌,2026-10-10T19:00,23.9,75,1010.4,0.0,1.4,157
宜昌,2026-10-10T20:00,23.3,79,1011.1,0.0,0.9,79
宜昌,2026-10-10T21:00,22.3,83,1011.4,0.0,0.5,360
宜昌,2026-10-10T22:00,21.4,85,1011.6,0.0,1.1,288
宜昌,2026-10-10T23:00,20.4,90,1011.8,0.0,1.9,292
宜昌,2026-10-11T00:00,19.4,95,1011.9,0.0,2.8,305
宜昌,2026-10-11T01:00,18.7,98,1011.6,0.0,2.8,305
宜昌,2026-10-11T02:00,18.7,100,1011.7,0.0,1.8,315
宜昌,2026-10-11T03:00,18.2,99,1011.3,0.0,3.6,290
宜昌,2026-10-11T04:00,17.9,97,1011.1,0.0,2.8,288
宜昌,2026-10-11T05:00,17.7,96,1011.0,0.0,2.7,278
宜昌,2026-10-11T06:00,17.3,96,1011.4,0.0,2.8,285
宜昌,2026-10-11T07:00,17.2,98,1011.8,0.0,2.7,293
宜昌,2026-10-11T08:00,19.3,90,1012.4,0.0,2.9,270
襄阳,2026-10-10T09:00,21.0,77,1012.8,0.0,1.4,337
襄阳,2026-10-10T10:00,23.0,70,1012.7,0.0,3.7,331
襄阳,2026-10-10T11:00,24.7,65,1012.3,0.0,4.4,322
襄阳,2026-10-10T12:00,26.1,60,1011.5,0.0,4.8,318
襄阳,2026-10-10T13:00,27.1,56,1010.5,0.0,4.3,327
襄阳,2026-10-10T14:00,28.3,50,1009.8,0.0,2.7,337
襄阳,2026-10-10T15:00,28.2,49,1009.0,0.0,0.8,63
襄阳,2026-10-10T16:00,28.0,49,1008.9,0.0,3.6,153
襄阳,2026-10-10T17:00,26.7,57,1008.8,0.0,6.6,154
襄阳,2026-10-10T18:00,24.6,60,1009.2,0.0,5.9,153
襄阳,2026-10-10T19:00,23.6,61,1009.5,0.0,4.6,154
襄阳,2026-10-10T20:00,23.1,69,1010.0,0.0,6.7,180
襄阳,2026-10-10T21:00,21.6,77,1010.4,0.0,6.4,191
襄阳,2026-10-10T22:00,21.1,79,1010.5,0.0,7.4,186
襄阳,2026-10-10T23:00,21.0,79,1010.7,0.0,6.9,185
襄阳,2026-10-11T00:00,20.8,80,1010.6,0.0,6.3,178
襄阳,2026-10-11T01:00,20.6,81,1010.5,0.0,5.8,164
襄阳,2026-10-11T02:00,20.2,86,1010.7,0.3,7.9,169
襄阳,2026-10-11T03:00,19.8,86,1010.2,0.0,8.1,167
襄阳,2026-10-11T04:00,19.8,85,1010.0,0.0,6.6,171
襄阳,2026-10-11T05:00,19.5,87,1010.0,0.0,6.7,177
襄阳,2026-10-11T06:00,19.0,90,1010.5,0.0,5.9,191
襄阳,2026-10-11T07:00,18.4,94,1011.1,0.0,2.8,169
襄阳,2026-10-11T08:00,19.9,88,1011.8,0.0,3.7,141
鄂州,2026-10-10T09:00,20.7,81,1018.4,0.0,2.5,4
鄂州,2026-10-10T10:00,22.9,72,1018.4,0.0,2.9,360
鄂州,2026-10-10T11:00,24.5,63,1018.0,0.0,3.3,9
鄂州,2026-10-10T12:00,25.7,56,1017.3,0.0,3.6,3
鄂州,2026-10-10T13:00,26.4,53,1016.4,0.0,3.6,357
鄂州,2026-10-10T14:00,27.2,51,1015.7,0.0,3.2,357
鄂州,2026-10-10T15:00,27.1,53,1015.2,0.0,2.7,323
鄂州,2026-10-10T16:00,26.9,53,1015.1,0.0,3.0,287
鄂州,2026-10-10T17:00,26.0,61,1015.2,0.0,3.3,283
鄂州,2026-10-10T18:00,24.1,67,1015.5,0.0,2.7,250
鄂州,2026-10-10T19:00,23.4,67,1015.8,0.0,3.2,232
鄂州,2026-10-10T20:00,22.5,72,1016.3,0.0,4.6,234
鄂州,2026-10-10T21:00,21.7,75,1016.6,0.0,4.6,234
鄂州,2026-10-10T22:00,21.2,78,1016.9,0.0,1.9,214
鄂州,2026-10-10T23:00,20.1,86,1017.1,0.0,3.5,102
鄂州,2026-10-11T00:00,19.8,89,1017.0,0.0,2.1,121
鄂州,2026-10-11T01:00,19.5,92,1016.7,0.0,2.7,132
鄂州,2026-10-11T02:00,19.3,95,1016.9,0.0,2.3,113
鄂州,2026-10-11T03:00,18.4,99,1016.6,0.0,4.0,85
鄂州,2026-10-11T04:00,18.1,100,1016.8,0.0,4.6,81
鄂州,2026-10-11T05:00,18.0,100,1017.0,0.0,4.9,96
鄂州,2026-10-11T06:00,18.0,99,1017.5,0.0,4.8,101
鄂州,2026-10-11T07:00,18.7,98,1018.0,0.0,5.6,105
鄂州,2026-10-11T08:00,20.5,91,1018.6,0.0,5.4,104
荆门,2026-10-10T09:00,22.7,67,1011.5,0.0,4.9,17
荆门,2026-10-10T10:00,24.8,58,1011.6,0.0,4.8,25
荆门,2026-10-10T11:00,26.4,53,1011.4,0.0,5.3,28
荆门,2026-10-10T12:00,27.5,50,1010.6,0.0,5.9,31
荆门,2026-10-10T13:00,28.2,47,1009.9,0.0,4.5,43
荆门,2026-10-10T14:00,28.6,44,1009.1,0.0,4.7,58
荆门,2026-10-10T15:00,28.6,44,1008.5,0.0,3.1,90
荆门,2026-10-10T16:00,28.3,44,1008.4,0.0,3.3,119
荆门,2026-10-10T17:00,27.1,60,1008.3,0.0,2.6,141
荆门,2026-10-10T18:00,24.7,66,1008.6,0.0,2.5,159
荆门,2026-10-10T19:00,23.0,71,1008.8,0.0,3.2,199
荆门,2026-10-10T20:00,22.8,73,1009.5,0.0,3.0,213
荆门,2026-10-10T21:00,22.0,73,1009.9,0.0,2.3,247
荆门,2026-10-10T22:00,21.3,76,1010.0,0.0,2.0,297
荆门,2026-10-10T23:00,20.6,78,1010.1,0.0,2.9,317
荆门,2026-10-11T00:00,20.3,79,1010.1,0.0,3.0,303
荆门,2026-10-11T01:00,20.1,80,1009.9,0.0,3.7,281
荆门,2026-10-11T02:00,20.3,80,1009.9,0.0,3.4,295
荆门,2026-10-11T03:00,19.8,80,1009.5,0.0,3.7,309
荆门,2026-10-11T04:00,19.3,81,1009.4,0.0,2.8,310
荆门,2026-10-11T05:00,19.3,80,1009.3,0.0,1.4,320
荆门,2026-10-11T06:00,19.3,79,1009.7,0.0,0.6,342
荆门,2026-10-11T07:00,19.6,78,1010.1,0.0,0.2,360
荆门,2026-10-11T08:00,21.8,73,1010.9,0.0,1.1,72
孝感,2026-10-10T09:00,22.4,69,1016.9,0.0,1.5,324
孝感,2026-10-10T10:00,24.6,59,1016.8,0.0,1.9,343
孝感,2026-10-10T11:00,26.1,54,1016.5,0.0,2.9,338
孝感,2026-10-10T12:00,27.3,50,1015.8,0.0,4.7,351
孝感,2026-10-10T13:00,28.1,47,1014.8,0.0,4.7,358
孝感,2026-10-10T14:00,28.6,44,1014.2,0.0,3.0,346
孝感,2026-10-10T15:00,28.7,43,1013.6,0.0,1.8,307
孝感,2026-10-10T16:00,28.4,44,1013.6,0.0,1.9,253
孝感,2026-10-10T17:00,27.8,48,1013.7,0.0,3.6,213
孝感,2026-10-10T18:00,24.3,65,1014.0,0.0,5.3,204
孝感,2026-10-10T19:00,23.0,68,1014.2,0.0,5.2,202
孝感,2026-10-10T20:00,22.4,70,1014.8,0.0,4.3,208
孝感,2026-10-10T21:00,21.5,73,1015.1,0.0,3.4,223
孝感,2026-10-10T22:00,20.6,76,1015.3,0.0,3.0,245
孝感,2026-10-10T23:00,19.9,78,1015.2,0.0,1.7,302
孝感,2026-10-11T00:00,18.8,84,1015.2,0.0,5.2,326
孝感,2026-10-11T01:00,18.2,85,1015.1,0.0,5.5,311
孝感,2026-10-11T02:00,18.4,84,1015.2,0.0,3.1,339
孝感,2026-10-11T03:00,18.2,85,1015.0,0.0,1.3,56
孝感,2026-10-11T04:00,18.1,88,1015.1,0.0,1.4,113
孝感,2026-10-11T05:00,18.0,91,1015.2,0.0,1.9,146
孝感,2026-10-11T06:00,17.8,92,1015.6,0.0,2.7,143
孝感,2026-10-11T07:00,18.0,95,1016.1,0.0,4.0,111
孝感,2026-10-11T08:00,20.0,88,1016.6,0.0,5.0,103
荆州,2026-10-10T09:00,22.2,79,1017.1,0.0,3.1,357
荆州,2026-10-10T10:00,24.4,68,1017.1,0.0,3.5,9
荆州,2026-10-10T11:00,26.0,60,1016.7,0.0,2.8,27
荆州,2026-10-10T12:00,27.1,55,1016.2,0.0,2.0,27
荆州,2026-10-10T13:00,27.7,52,1015.5,0.0,1.5,30
荆州,2026-10-10T14:00,28.2,49,1014.8,0.0,2.1,75
荆州,2026-10-10T15:00,28.2,48,1014.1,0.0,2.3,90
荆州,2026-10-10T16:00,28.0,48,1013.9,0.0,3.4,90
荆州,2026-10-10T17:00,27.1,57,1013.9,0.0,3.6,90
荆州,2026-10-10T18:00,25.3,66,1014.1,0.0,3.5,114
荆州,2026-10-10T19:00,24.0,70,1014.3,0.0,1.9,131
荆州,2026-10-10T20:00,22.9,78,1015.1,0.0,3.4,186
荆州,2026-10-10T21:00,21.9,81,1015.2,0.0,2.4,228
荆州,2026-10-10T22:00,21.2,86,1015.4,0.0,2.8,259
荆州,2026-10-10T23:00,20.7,89,1015.6,0.0,4.0,267
荆州,2026-10-11T00:00,20.6,88,1015.6,0.0,4.7,268
荆州,2026-10-11T01:00,20.4,87,1015.4,0.0,4.9,268
荆州,2026-10-11T02:00,20.3,89,1015.6,0.0,5.6,270
荆州,2026-10-11T03:00,19.3,92,1015.2,0.0,4.2,282
荆州,2026-10-11T04:00,18.8,94,1015.1,0.0,3.9,294
荆州,2026-10-11T05:00,18.1,99,1015.0,0.0,2.9,313
荆州,2026-10-11T06:00,17.9,100,1015.3,0.0,1.9,343
荆州,2026-10-11T07:00,18.3,98,1015.7,0.0,1.7,32
荆州,2026-10-11T08:00,20.0,93,1016.6,0.0,1.9,68
黄冈,2026-10-10T09:00,20.4,79,1015.9,0.0,2.3,32
黄冈,2026-10-10T10:00,22.6,71,1015.9,0.0,2.0,45
黄冈,2026-10-10T11:00,24.4,62,1015.6,0.0,1.7,32
黄冈,2026-10-10T12:00,25.6,57,1014.9,0.0,2.2,5
黄冈,2026-10-10T13:00,26.3,56,1014.0,0.0,2.3,356
黄冈,2026-10-10T14:00,27.0,53,1013.2,0.0,2.0,333
黄冈,2026-10-10T15:00,27.2,53,1012.7,0.0,2.4,287
黄冈,2026-10-10T16:00,27.2,52,1012.7,0.0,2.6,258
黄冈,2026-10-10T17:00,26.3,63,1012.7,0.0,2.0,207
黄冈,2026-10-10T18:00,24.0,67,1013.0,0.0,4.3,197
黄冈,2026-10-10T19:00,22.7,74,1013.2,0.0,5.2,224
黄冈,2026-10-10T20:00,22.2,78,1013.8,0.0,5.2,239
黄冈,2026-10-10T21:00,21.6,81,1014.0,0.0,5.2,248
黄冈,2026-10-10T22:00,21.3,83,1014.3,0.0,2.5,270
黄冈,2026-10-10T23:00,20.1,88,1014.5,0.0,3.3,77
黄冈,2026-10-11T00:00,19.6,90,1014.4,0.0,5.0,105
黄冈,2026-10-11T01:00,19.1,93,1014.2,0.0,2.2,104
黄冈,2026-10-11T02:00,18.7,97,1014.4,0.0,3.3,81
黄冈,2026-10-11T03:00,18.0,98,1014.1,0.0,4.5,83
黄冈,2026-10-11T04:00,17.6,99,1014.3,0.0,4.9,86
黄冈,2026-10-11T05:00,17.3,100,1014.5,0.0,5.8,94
黄冈,2026-10-11T06:00,17.1,100,1014.9,0.0,6.1,92
黄冈,2026-10-11T07:00,17.5,100,1015.5,0.0,6.7,87
黄冈,2026-10-11T08:00,19.4,94,1016.1,0.0,5.8,95
咸宁,2026-10-10T09:00,21.8,70,1017.6,0.0,2.1,329
咸宁,2026-10-10T10:00,24.2,61,1017.5,0.0,3.1,332
咸宁,2026-10-10T11:00,25.8,52,1017.1,0.0,3.8,349
咸宁,2026-10-10T12:00,26.7,48,1016.6,0.0,4.9,4
咸宁,2026-10-10T13:00,27.3,48,1015.7,0.0,5.6,15
咸宁,2026-10-10T14:00,27.9,45,1015.0,0.0,6.1,14
咸宁,2026-10-10T15:00,27.8,45,1014.4,0.0,5.8,9
咸宁,2026-10-10T16:00,27.4,46,1014.3,0.0,6.1,14
咸宁,2026-10-10T17:00,26.2,57,1014.4,0.0,4.2,10
咸宁,2026-10-10T18:00,23.9,68,1014.7,0.0,3.1,10
咸宁,2026-10-10T19:00,22.5,73,1015.0,0.0,2.5,60
咸宁,2026-10-10T20:00,22.1,74,1015.6,0.0,2.0,135
咸宁,2026-10-10T21:00,20.8,76,1015.8,0.0,3.9,156
咸宁,2026-10-10T22:00,19.8,78,1015.9,0.0,3.9,158
咸宁,2026-10-10T23:00,19.0,78,1015.9,0.0,4.3,158
咸宁,2026-10-11T00:00,18.0,81,1015.8,0.0,5.4,166
咸宁,2026-10-11T01:00,17.2,85,1015.8,0.0,5.7,171
咸宁,2026-10-11T02:00,17.1,87,1016.0,0.0,4.2,170
咸宁,2026-10-11T03:00,16.6,89,1015.5,0.0,4.6,162
咸宁,2026-10-11T04:00,16.4,90,1015.6,0.0,3.9,167
咸宁,2026-10-11T05:00,16.2,91,1015.7,0.0,3.4,164
咸宁,2026-10-11T06:00,16.0,92,1016.2,0.0,3.3,158
咸宁,2026-10-11T07:00,16.2,93,1016.8,0.0,5.5,148
咸宁,2026-10-11T08:00,19.9,81,1017.3,0.0,4.6,129
随州,2026-10-10T09:00,20.4,77,1012.0,0.0,2.1,285
随州,2026-10-10T10:00,23.3,64,1011.9,0.0,3.1,301
随州,2026-10-10T11:00,25.4,56,1011.7,0.0,3.7,305
随州,2026-10-10T12:00,26.8,50,1010.9,0.0,4.2,310
随州,2026-10-10T13:00,27.8,47,1009.9,0.0,4.1,315
随州,2026-10-10T14:00,28.6,43,1009.2,0.0,3.1,310
随州,2026-10-10T15:00,28.7,42,1008.6,0.0,2.6,295
随州,2026-10-10T16:00,28.6,41,1008.6,0.0,2.4,279
随州,2026-10-10T17:00,27.2,57,1008.6,0.0,3.3,229
随州,2026-10-10T18:00,23.7,64,1008.8,0.0,5.0,240
随州,2026-10-10T19:00,22.5,64,1008.9,0.0,3.7,241
随州,2026-10-10T20:00,23.3,57,1009.6,0.0,3.3,234
随州,2026-10-10T21:00,22.4,58,1009.8,0.0,0.5,180
随州,2026-10-10T22:00,20.8,67,1010.2,0.0,1.2,117
随州,2026-10-10T23:00,19.8,73,1010.3,0.0,0.3,135
随州,2026-10-11T00:00,18.9,76,1010.2,0.0,0.6,236
随州,2026-10-11T01:00,18.3,80,1010.1,0.0,1.2,141
随州,2026-10-11T02:00,18.2,83,1010.3,0.0,0.6,198
随州,2026-10-11T03:00,17.3,86,1010.0,0.0,1.8,259
随州,2026-10-11T04:00,16.7,87,1010.1,0.0,1.7,283
随州,2026-10-11T05:00,16.3,89,1009.9,0.0,1.1,270
随州,2026-10-11T06:00,16.0,91,1010.3,0.0,0.5,225
随州,2026-10-11T07:00,16.2,92,1010.7,0.0,0.4,180
随州,2026-10-11T08:00,18.8,82,1011.4,0.0,1.0,112
恩施,2026-10-10T09:00,21.9,69,964.5,0.0,1.0,315
恩施,2026-10-10T10:00,23.8,64,964.6,0.0,1.4,320
恩施,2026-10-10T11:00,25.3,60,964.3,0.0,1.6,333
恩施,2026-10-10T12:00,26.7,54,963.7,0.0,1.5,300
恩施,2026-10-10T13:00,27.7,49,962.7,0.0,3.2,223
恩施,2026-10-10T14:00,27.6,48,961.9,0.0,4.5,203
恩施,2026-10-10T15:00,27.6,47,961.1,0.0,5.1,198
恩施,2026-10-10T16:00,27.6,48,960.9,0.0,5.2,205
恩施,2026-10-10T17:00,26.6,54,960.8,0.0,3.9,246
恩施,2026-10-10T18:00,25.3,65,960.9,0.0,0.4,297
恩施,2026-10-10T19:00,23.4,69,961.1,0.0,1.6,27
恩施,2026-10-10T20:00,22.7,75,962.0,0.0,1.5,69
恩施,2026-10-10T21:00,20.9,85,962.3,0.0,2.0,45
恩施,2026-10-10T22:00,19.8,92,962.6,0.0,1.9,34
恩施,2026-10-10T23:00,18.9,96,962.9,0.0,0.5,360
恩施,2026-10-11T00:00,18.2,99,962.9,0.0,0.3,225
恩施,2026-10-11T01:00,17.7,100,962.7,0.0,0.4,270
恩施,2026-10-11T02:00,17.7,100,963.1,0.0,0.4,90
恩施,2026-10-11T03:00,17.1,100,962.7,0.0,0.6,124
恩施,2026-10-11T04:00,16.7,100,962.4,0.0,0.6,108
恩施,2026-10-11T05:00,16.5,100,962.3,0.0,0.2,360
恩施,2026-10-11T06:00,16.3,100,962.5,0.0,0.5,360
恩施,2026-10-11T07:00,16.2,100,962.8,0.0,0.2,270
恩施,2026-10-11T08:00,17.8,98,963.8,0.0,0.5,180
长沙,2026-10-10T09:00,21.4,79,1013.6,0.0,3.6,327
长沙,2026-10-10T10:00,23.5,68,1013.5,0.0,3.0,343
长沙,2026-10-10T11:00,25.0,61,1013.3,0.0,2.7,356
长沙,2026-10-10T12:00,26.2,57,1012.7,0.0,3.5,339
长沙,2026-10-10T13:00,27.0,54,1011.9,0.0,4.8,333
长沙,2026-10-10T14:00,27.5,53,1011.2,0.0,6.5,332
长沙,2026-10-10T15:00,27.4,54,1010.5,0.0,9.5,328
长沙,2026-10-10T16:00,27.0,54,1010.2,0.0,10.9,327
长沙,2026-10-10T17:00,26.0,58,1010.4,0.0,9.6,311
长沙,2026-10-10T18:00,24.0,66,1010.6,0.0,10.0,303
长沙,2026-10-10T19:00,23.0,68,1010.7,0.0,10.2,326
长沙,2026-10-10T20:00,22.8,69,1011.7,0.0,9.2,332
长沙,2026-10-10T21:00,22.1,73,1012.0,0.0,7.7,324
长沙,2026-10-10T22:00,21.7,75,1012.1,0.0,8.3,316
长沙,2026-10-10T23:00,21.3,77,1012.2,0.0,8.5,316
长沙,2026-10-11T00:00,20.8,79,1012.3,0.0,8.4,318
长沙,2026-10-11T01:00,20.3,83,1012.0,0.0,7.5,320
长沙,2026-10-11T02:00,20.1,85,1012.3,0.0,4.4,330
长沙,2026-10-11T03:00,19.4,88,1011.8,0.0,2.9,330
长沙,2026-10-11T04:00,19.0,90,1011.7,0.0,3.1,324
长沙,2026-10-11T05:00,18.7,90,1011.8,0.0,3.1,332
长沙,2026-10-11T06:00,18.5,91,1012.2,0.0,2.3,331
长沙,2026-10-11T07:00,18.7,91,1012.7,0.0,1.5,339
长沙,2026-10-11T08:00,20.1,85,1013.4,0.0,0.9,360
株洲,2026-10-10T09:00,21.9,74,1014.6,0.0,2.9,360
株洲,2026-10-10T10:00,23.8,68,1014.5,0.0,1.8,360
株洲,2026-10-10T11:00,25.3,64,1014.1,0.0,1.8,349
株洲,2026-10-10T12:00,26.5,59,1013.6,0.0,3.4,328
株洲,2026-10-10T13:00,27.2,56,1012.8,0.0,5.4,346
株洲,2026-10-10T14:00,27.7,53,1012.0,0.0,7.6,359
株洲,2026-10-10T15:00,27.6,52,1011.3,0.0,9.9,5
株洲,2026-10-10T16:00,27.2,51,1011.1,0.0,9.8,8
株洲,2026-10-10T17:00,26.4,58,1011.3,0.0,6.5,2
株洲,2026-10-10T18:00,24.5,69,1011.5,0.0,6.6,323
株洲,2026-10-10T19:00,23.1,72,1011.6,0.0,11.0,318
株洲,2026-10-10T20:00,22.7,70,1012.7,0.0,11.0,330
株洲,2026-10-10T21:00,22.2,71,1013.0,0.0,9.4,343
株洲,2026-10-10T22:00,21.7,74,1013.1,0.0,8.1,347
株洲,2026-10-10T23:00,21.2,76,1013.3,0.0,7.3,344
株洲,2026-10-11T00:00,20.7,79,1013.4,0.0,5.9,349
株洲,2026-10-11T01:00,20.1,83,1013.0,0.0,4.9,4
株洲,2026-10-11T02:00,19.9,84,1013.3,0.0,5.8,9
株洲,2026-10-11T03:00,19.2,88,1012.7,0.0,4.0,360
株洲,2026-10-11T04:00,18.8,89,1012.7,0.0,3.4,357
株洲,2026-10-11T05:00,18.6,90,1012.8,0.0,4.0,360
株洲,2026-10-11T06:00,18.1,92,1013.2,0.0,3.0,14
株洲,2026-10-11T07:00,18.3,93,1013.7,0.0,3.3,41
株洲,2026-10-11T08:00,20.6,86,1014.4,0.0,1.0,121
湘潭,2026-10-10T09:00,21.5,77,1012.1,0.0,3.3,331
湘潭,2026-10-10T10:00,23.4,69,1012.0,0.0,2.9,349
湘潭,2026-10-10T11:00,25.0,65,1011.8,0.0,3.0,335
湘潭,2026-10-10T12:00,26.3,60,1011.2,0.0,4.1,326
湘潭,2026-10-10T13:00,27.1,56,1010.3,0.0,6.2,330
湘潭,2026-10-10T14:00,27.6,55,1009.5,0.0,7.8,338
湘潭,2026-10-10T15:00,27.6,53,1008.8,0.0,10.0,346
湘潭,2026-10-10T16:00,27.3,51,1008.7,0.0,10.5,357
湘潭,2026-10-10T17:00,26.4,59,1008.8,0.0,8.1,343
湘潭,2026-10-10T18:00,24.3,69,1009.0,0.0,9.2,329
湘潭,2026-10-10T19:00,23.1,70,1009.2,0.0,11.0,334
湘潭,2026-10-10T20:00,22.7,68,1010.1,0.0,9.3,342
湘潭,2026-10-10T21:00,22.0,71,1010.5,0.0,8.6,350
湘潭,2026-10-10T22:00,21.4,75,1010.6,0.0,7.1,350
湘潭,2026-10-10T23:00,20.8,78,1010.8,0.0,5.8,338
湘潭,2026-10-11T00:00,20.4,80,1010.8,0.0,5.5,333
湘潭,2026-10-11T01:00,20.0,82,1010.6,0.0,4.9,350
湘潭,2026-10-11T02:00,19.9,84,1010.9,0.0,4.3,360
湘潭,2026-10-11T03:00,19.4,85,1010.3,0.0,2.0,333
湘潭,2026-10-11T04:00,19.0,88,1010.1,0.0,1.7,311
湘潭,2026-10-11T05:00,18.6,90,1010.2,0.0,2.2,312
湘潭,2026-10-11T06:00,18.3,92,1010.7,0.0,1.5,315
湘潭,2026-10-11T07:00,18.6,93,1011.2,0.0,1.2,309
湘潭,2026-10-11T08:00,20.3,87,1012.0,0.0,1.3,270
衡阳,2026-10-10T09:00,21.7,75,1010.6,0.0,1.5,300
衡阳,2026-10-10T10:00,23.8,67,1010.4,0.0,1.5,300
衡阳,2026-10-10T11:00,25.6,61,1010.1,0.0,1.3,326
衡阳,2026-10-10T12:00,26.8,57,1009.4,0.0,1.5,339
衡阳,2026-10-10T13:00,27.8,54,1008.4,0.0,0.9,360
衡阳,2026-10-10T14:00,28.0,54,1007.6,0.0,1.8,360
衡阳,2026-10-10T15:00,28.5,54,1006.8,0.0,1.7,18
衡阳,2026-10-10T16:00,28.4,53,1006.6,0.0,4.0,72
衡阳,2026-10-10T17:00,27.4,59,1006.8,0.0,7.2,84
衡阳,2026-10-10T18:00,24.9,70,1007.1,0.0,5.2,65
衡阳,2026-10-10T19:00,23.4,75,1007.3,0.0,5.7,24
衡阳,2026-10-10T20:00,22.5,79,1008.3,0.0,5.3,10
衡阳,2026-10-10T21:00,21.4,84,1008.8,0.0,4.3,5
衡阳,2026-10-10T22:00,20.8,85,1009.1,0.0,4.4,325
衡阳,2026-10-10T23:00,20.1,87,1009.2,0.0,4.1,319
衡阳,2026-10-11T00:00,19.6,88,1009.2,0.0,1.9,331
衡阳,2026-10-11T01:00,19.0,90,1009.0,0.0,0.6,304
衡阳,2026-10-11T02:00,18.8,91,1009.3,0.0,1.8,307
衡阳,2026-10-11T03:00,18.0,93,1008.7,0.0,1.2,309
衡阳,2026-10-11T04:00,17.6,94,1008.7,0.0,1.3,286
衡阳,2026-10-11T05:00,17.2,95,1008.7,0.0,2.2,279
衡阳,2026-10-11T06:00,16.9,96,1009.1,0.0,1.3,286
衡阳,2026-10-11T07:00,17.1,97,1009.7,0.0,1.5,240
衡阳,2026-10-11T08:00,19.4,89,1010.5,0.0,1.5,225
邵阳,2026-10-10T09:00,20.1,79,996.6,0.0,2.3,241
邵阳,2026-10-10T10:00,22.4,67,996.6,0.0,1.8,259
邵阳,2026-10-10T11:00,24.0,59,996.3,0.0,0.5,225
邵阳,2026-10-10T12:00,25.3,55,995.7,0.0,0.4,153
邵阳,2026-10-10T13:00,26.1,53,994.8,0.0,0.9,143
邵阳,2026-10-10T14:00,26.3,54,994.0,0.0,3.1,152
邵阳,2026-10-10T15:00,26.5,56,993.2,0.0,2.6,168
邵阳,2026-10-10T16:00,26.6,57,992.9,0.0,2.1,160
邵阳,2026-10-10T17:00,26.4,59,993.0,0.0,2.8,145
邵阳,2026-10-10T18:00,24.2,75,993.2,0.0,3.1,130
邵阳,2026-10-10T19:00,22.3,80,993.2,0.0,5.8,99
邵阳,2026-10-10T20:00,21.5,82,994.4,0.0,6.0,87
邵阳,2026-10-10T21:00,20.4,85,994.8,0.0,4.4,83
邵阳,2026-10-10T22:00,19.6,87,995.0,0.0,3.6,81
邵阳,2026-10-10T23:00,19.0,88,995.3,0.0,1.8,90
邵阳,2026-10-11T00:00,18.6,90,995.2,0.0,0.6,124
邵阳,2026-10-11T01:00,18.2,92,995.0,0.0,0.0,270
邵阳,2026-10-11T02:00,17.9,94,995.1,0.0,0.5,315
邵阳,2026-10-11T03:00,17.3,95,994.5,0.0,1.2,243
邵阳,2026-10-11T04:00,17.0,96,994.4,0.0,2.6,245
邵阳,2026-10-11T05:00,16.7,98,994.4,0.0,2.0,243
邵阳,2026-10-11T06:00,16.3,99,994.8,0.0,2.0,225
邵阳,2026-10-11T07:00,16.5,99,995.3,0.0,3.3,216
邵阳,2026-10-11T08:00,18.3,93,996.2,0.0,2.8,230
岳阳,2026-10-10T09:00,22.4,67,1015.8,0.0,3.3,36
岳阳,2026-10-10T10:00,24.2,60,1015.9,0.0,4.8,11
岳阳,2026-10-10T11:00,25.6,55,1015.6,0.0,6.5,2
岳阳,2026-10-10T12:00,26.6,51,1015.0,0.0,7.7,3
岳阳,2026-10-10T13:00,27.3,48,1014.2,0.0,8.7,6
岳阳,2026-10-10T14:00,27.7,47,1013.6,0.0,9.9,3
岳阳,2026-10-10T15:00,27.6,47,1012.9,0.0,10.3,4
岳阳,2026-10-10T16:00,27.2,49,1012.7,0.0,10.9,8
岳阳,2026-10-10T17:00,26.0,58,1012.7,0.0,10.0,7
岳阳,2026-10-10T18:00,24.2,65,1012.9,0.0,9.4,12
岳阳,2026-10-10T19:00,22.9,70,1012.9,0.0,9.8,32
岳阳,2026-10-10T20:00,22.6,71,1013.8,0.0,8.9,34
岳阳,2026-10-10T21:00,21.7,75,1014.1,0.0,8.0,52
岳阳,2026-10-10T22:00,21.2,76,1014.3,0.0,8.1,72
岳阳,2026-10-10T23:00,20.7,75,1014.4,0.0,7.0,72
岳阳,2026-10-11T00:00,20.0,76,1014.5,0.0,5.3,66
岳阳,2026-10-11T01:00,19.5,77,1014.3,0.0,4.3,66
岳阳,2026-10-11T02:00,19.0,82,1014.5,0.0,3.6,63
岳阳,2026-10-11T03:00,18.4,83,1014.0,0.0,2.9,68
岳阳,2026-10-11T04:00,18.0,85,1013.9,0.0,3.0,76
岳阳,2026-10-11T05:00,17.7,86,1014.0,0.0,3.9,68
岳阳,2026-10-11T06:00,17.6,88,1014.4,0.0,5.2,59
岳阳,2026-10-11T07:00,17.8,87,1014.8,0.0,5.2,88
岳阳,2026-10-11T08:00,20.4,77,1015.5,0.0,4.3,105
常德,2026-10-10T09:00,21.9,79,1016.0,0.0,2.4,287
常德,2026-10-10T10:00,23.8,70,1016.0,0.0,0.7,284
常德,2026-10-10T11:00,25.1,63,1015.8,0.0,0.7,76
常德,2026-10-10T12:00,26.1,58,1015.5,0.0,1.8,37
常德,2026-10-10T13:00,26.9,55,1014.7,0.0,2.3,61
常德,2026-10-10T14:00,27.2,53,1013.9,0.0,4.6,72
常德,2026-10-10T15:00,27.2,51,1013.0,0.0,6.3,66
常德,2026-10-10T16:00,26.8,52,1012.7,0.0,7.3,62
常德,2026-10-10T17:00,26.0,59,1012.8,0.0,6.5,58
常德,2026-10-10T18:00,24.1,71,1013.1,0.0,4.2,50
常德,2026-10-10T19:00,23.2,73,1013.0,0.0,3.7,39
常德,2026-10-10T20:00,23.4,71,1014.0,0.0,2.2,55
常德,2026-10-10T21:00,22.9,71,1014.3,0.0,0.9,37
常德,2026-10-10T22:00,22.5,72,1014.5,0.0,0.5,315
常德,2026-10-10T23:00,21.9,75,1014.7,0.0,1.5,300
常德,2026-10-11T00:00,20.7,82,1014.7,0.0,4.0,297
常德,2026-10-11T01:00,20.1,86,1014.4,0.0,5.5,297
常德,2026-10-11T02:00,20.0,87,1014.6,0.0,5.6,297
常德,2026-10-11T03:00,19.4,89,1014.0,0.0,5.1,297
常德,2026-10-11T04:00,19.2,89,1013.8,0.0,4.6,296
常德,2026-10-11T05:00,19.0,90,1013.9,0.0,4.4,289
常德,2026-10-11T06:00,18.7,90,1014.3,0.0,3.1,277
常德,2026-10-11T07:00,18.9,91,1014.7,0.0,2.8,255
常德,2026-10-11T08:00,20.7,83,1015.4,0.0,3.1,249
张家界,2026-10-10T09:00,21.1,78,1002.2,0.0,0.0,270
张家界,2026-10-10T10:00,23.4,71,1002.2,0.0,1.8,360
张家界,2026-10-10T11:00,25.3,61,1002.0,0.0,3.2,34
张家界,2026-10-10T12:00,26.9,48,1001.5,0.0,4.8,61
张家界,2026-10-10T13:00,28.1,45,1000.5,0.0,5.8,60
张家界,2026-10-10T14:00,28.8,44,999.6,0.0,6.8,50
张家界,2026-10-10T15:00,28.9,42,998.6,0.0,7.6,56
张家界,2026-10-10T16:00,28.5,41,998.4,0.0,9.1,58
张家界,2026-10-10T17:00,27.3,49,998.4,0.0,8.0,62
张家界,2026-10-10T18:00,24.7,60,998.8,0.0,7.2,86
张家界,2026-10-10T19:00,22.7,68,998.8,0.0,5.3,114
张家界,2026-10-10T20:00,22.0,72,1000.0,0.0,1.9,119
张家界,2026-10-10T21:00,21.1,75,1000.5,0.0,0.9,143
张家界,2026-10-10T22:00,20.4,77,1000.8,0.0,0.7,166
张家界,2026-10-10T23:00,20.0,78,1000.9,0.0,0.9,169
张家界,2026-10-11T00:00,19.7,78,1000.9,0.0,0.6,162
张家界,2026-10-11T01:00,19.4,79,1000.7,0.0,0.2,180
张家界,2026-10-11T02:00,19.3,79,1000.9,0.0,0.4,180
张家界,2026-10-11T03:00,18.6,81,1000.3,0.0,0.5,225
张家界,2026-10-11T04:00,18.0,83,1000.2,0.0,1.7,212
张家界,2026-10-11T05:00,17.6,84,1000.2,0.0,1.5,201
张家界,2026-10-11T06:00,17.3,84,1000.4,0.0,0.6,198
张家界,2026-10-11T07:00,17.2,85,1000.8,0.0,0.3,225
张家界,2026-10-11T08:00,18.7,81,1001.6,0.0,0.4,270
益阳,2026-10-10T09:00,21.8,77,1010.2,0.0,5.7,311
益阳,2026-10-10T10:00,23.6,69,1010.1,0.0,5.8,330
益阳,2026-10-10T11:00,25.0,62,1009.9,0.0,6.3,357
益阳,2026-10-10T12:00,26.0,57,1009.4,0.0,7.3,7
益阳,2026-10-10T13:00,26.5,55,1008.7,0.0,8.1,6
益阳,2026-10-10T14:00,26.7,54,1008.2,0.0,9.1,9
益阳,2026-10-10T15:00,26.7,54,1007.3,0.0,8.9,13
益阳,2026-10-10T16:00,26.4,55,1007.0,0.0,8.5,17
益阳,2026-10-10T17:00,25.6,61,1007.0,0.0,6.2,17
益阳,2026-10-10T18:00,23.9,74,1007.3,0.0,3.4,360
益阳,2026-10-10T19:00,22.8,77,1007.3,0.0,3.9,332
益阳,2026-10-10T20:00,22.7,74,1008.2,0.0,4.3,327
益阳,2026-10-10T21:00,22.0,76,1008.5,0.0,4.1,315
益阳,2026-10-10T22:00,21.7,76,1008.7,0.0,4.2,295
益阳,2026-10-10T23:00,21.2,79,1008.8,0.0,4.9,276
益阳,2026-10-11T00:00,20.4,83,1008.7,0.0,6.1,282
益阳,2026-10-11T01:00,19.9,86,1008.4,0.0,6.9,293
益阳,2026-10-11T02:00,20.0,85,1008.6,0.0,7.4,293
益阳,2026-10-11T03:00,19.4,89,1008.1,0.0,6.9,293
益阳,2026-10-11T04:00,19.0,91,1008.0,0.0,6.0,299
益阳,2026-10-11T05:00,18.7,92,1008.2,0.0,5.6,299
益阳,2026-10-11T06:00,18.5,92,1008.6,0.0,6.1,300
益阳,2026-10-11T07:00,18.6,92,1009.0,0.0,5.7,298
益阳,2026-10-11T08:00,20.6,85,1009.7,0.0,3.1,301
郴州,2026-10-10T09:00,21.6,76,998.0,0.0,3.2,317
郴州,2026-10-10T10:00,23.4,69,998.0,0.0,5.0,339
郴州,2026-10-10T11:00,25.2,61,997.5,0.0,6.4,350
郴州,2026-10-10T12:00,26.7,51,996.9,0.0,8.1,1
郴州,2026-10-10T13:00,27.8,47,995.9,0.0,9.2,11
郴州,2026-10-10T14:00,28.7,44,994.9,0.0,8.7,8
郴州,2026-10-10T15:00,28.7,46,994.3,0.0,9.3,9
郴州,2026-10-10T16:00,28.3,49,994.2,0.0,10.3,6
郴州,2026-10-10T17:00,27.4,54,994.5,0.0,10.1,359
郴州,2026-10-10T18:00,25.2,66,994.8,0.0,7.1,344
郴州,2026-10-10T19:00,23.3,76,995.1,0.0,4.1,345
郴州,2026-10-10T20:00,23.3,76,996.1,0.0,1.9,22
郴州,2026-10-10T21:00,22.7,77,996.8,0.0,1.0,112
郴州,2026-10-10T22:00,22.0,80,997.0,0.0,2.3,129
郴州,2026-10-10T23:00,21.5,81,997.0,0.0,1.0,158
郴州,2026-10-11T00:00,21.0,82,997.0,0.0,0.4,180
郴州,2026-10-11T01:00,20.3,85,996.7,0.0,1.4,180
郴州,2026-10-11T02:00,20.0,87,996.8,0.0,1.4,180
郴州,2026-10-11T03:00,19.2,88,996.4,0.0,2.3,162
郴州,2026-10-11T04:00,18.7,89,996.3,0.0,2.9,169
郴州,2026-10-11T05:00,18.5,90,996.4,0.0,3.5,171
郴州,2026-10-11T06:00,18.3,89,996.8,0.0,3.3,167
郴州,2026-10-11T07:00,18.8,88,997.3,0.0,2.9,169
郴州,2026-10-11T08:00,20.8,81,998.3,0.0,1.6,243
永州,2026-10-10T09:00,21.3,73,1008.0,0.0,6.3,20
永州,2026-10-10T10:00,23.2,67,1007.9,0.0,7.6,28
永州,2026-10-10T11:00,24.5,63,1007.6,0.0,7.1,30
永州,2026-10-10T12:00,25.6,59,1006.9,0.0,7.3,23
永州,2026-10-10T13:00,26.4,56,1006.0,0.0,8.0,18
永州,2026-10-10T14:00,27.0,55,1005.1,0.0,9.1,14
永州,2026-10-10T15:00,27.1,54,1004.2,0.0,9.6,13
永州,2026-10-10T16:00,26.9,55,1004.0,0.0,10.1,20
永州,2026-10-10T17:00,26.1,60,1004.2,0.0,9.3,22
永州,2026-10-10T18:00,24.2,67,1004.4,0.0,6.7,16
永州,2026-10-10T19:00,23.5,66,1004.5,0.0,10.1,22
永州,2026-10-10T20:00,23.2,66,1005.6,0.0,10.4,30
永州,2026-10-10T21:00,21.9,70,1006.1,0.0,7.8,23
永州,2026-10-10T22:00,21.1,74,1006.4,0.0,8.1,13
永州,2026-10-10T23:00,20.6,77,1006.6,0.0,8.9,6
永州,2026-10-11T00:00,20.1,80,1006.6,0.0,9.2,7
永州,2026-10-11T01:00,19.7,83,1006.4,0.0,8.6,10
永州,2026-10-11T02:00,19.7,82,1006.5,0.0,7.8,13
永州,2026-10-11T03:00,18.9,85,1006.0,0.0,6.7,16
永州,2026-10-11T04:00,18.4,88,1005.9,0.0,5.0,30
永州,2026-10-11T05:00,17.8,92,1005.9,0.0,3.6,49
永州,2026-10-11T06:00,17.5,93,1006.4,0.0,1.7,32
永州,2026-10-11T07:00,17.6,94,1007.0,0.0,2.0,10
永州,2026-10-11T08:00,19.6,86,1007.8,0.0,2.2,24
怀化,2026-10-10T09:00,20.1,76,994.7,0.0,5.1,356
怀化,2026-10-10T10:00,22.3,68,994.8,0.0,5.6,360
怀化,2026-10-10T11:00,24.3,60,994.7,0.0,6.5,358
怀化,2026-10-10T12:00,25.8,54,994.1,0.0,7.9,3
怀化,2026-10-10T13:00,27.0,47,993.1,0.0,8.6,10
怀化,2026-10-10T14:00,27.7,44,992.2,0.0,8.0,18
怀化,2026-10-10T15:00,27.9,42,991.3,0.0,6.8,22
怀化,2026-10-10T16:00,27.7,44,990.9,0.0,6.6,22
怀化,2026-10-10T17:00,26.8,51,990.9,0.0,5.1,8
怀化,2026-10-10T18:00,24.0,66,990.9,0.0,4.9,358
怀化,2026-10-10T19:00,22.2,70,990.8,0.0,6.4,27
怀化,2026-10-10T20:00,22.3,68,992.1,0.0,6.8,40
怀化,2026-10-10T21:00,21.3,70,992.4,0.0,5.2,46
怀化,2026-10-10T22:00,20.8,71,992.7,0.0,3.7,47
怀化,2026-10-10T23:00,20.1,72,992.9,0.0,2.0,45
怀化,2026-10-11T00:00,19.1,76,992.9,0.0,2.1,31
怀化,2026-10-11T01:00,18.4,79,992.7,0.0,1.4,40
怀化,2026-10-11T02:00,18.4,78,993.0,0.0,1.7,342
怀化,2026-10-11T03:00,17.3,81,992.6,0.0,2.2,14
怀化,2026-10-11T04:00,16.8,83,992.5,0.0,2.1,52
怀化,2026-10-11T05:00,16.6,85,992.5,0.0,1.9,73
怀化,2026-10-11T06:00,16.4,86,992.7,0.0,1.7,72
怀化,2026-10-11T07:00,16.4,87,993.1,0.0,1.1,90
怀化,2026-10-11T08:00,18.7,79,993.9,0.0,2.5,8
娄底,2026-10-10T09:00,21.5,73,1006.8,0.0,6.5,298
娄底,2026-10-10T10:00,23.6,64,1006.8,0.0,6.2,316
娄底,2026-10-10T11:00,25.2,59,1006.4,0.0,5.1,337
娄底,2026-10-10T12:00,26.5,55,1005.8,0.0,5.4,354
娄底,2026-10-10T13:00,27.5,51,1004.9,0.0,6.7,5
娄底,2026-10-10T14:00,27.9,49,1004.1,0.0,8.3,11
娄底,2026-10-10T15:00,27.8,49,1003.3,0.0,9.5,19
娄底,2026-10-10T16:00,27.4,49,1003.2,0.0,9.9,32
娄底,2026-10-10T17:00,26.4,55,1003.4,0.0,9.2,45
娄底,2026-10-10T18:00,23.8,65,1003.7,0.0,7.1,41
娄底,2026-10-10T19:00,22.3,71,1003.8,0.0,7.5,40
娄底,2026-10-10T20:00,21.9,73,1004.9,0.0,7.3,38
娄底,2026-10-10T21:00,20.6,78,1005.2,0.0,5.9,23
娄底,2026-10-10T22:00,19.9,81,1005.4,0.0,5.2,348
娄底,2026-10-10T23:00,19.3,84,1005.6,0.0,4.8,323
娄底,2026-10-11T00:00,18.8,86,1005.6,0.0,4.6,315
娄底,2026-10-11T01:00,18.3,89,1005.3,0.0,4.6,312
娄底,2026-10-11T02:00,18.3,88,1005.4,0.0,4.6,321
娄底,2026-10-11T03:00,17.7,90,1004.8,0.0,5.6,318
娄底,2026-10-11T04:00,17.4,91,1004.8,0.0,7.1,308
娄底,2026-10-11T05:00,17.2,91,1004.8,0.0,7.6,308
娄底,2026-10-11T06:00,17.0,91,1005.2,0.0,7.1,306
娄底,2026-10-11T07:00,17.2,89,1005.7,0.0,7.6,298
娄底,2026-10-11T08:00,19.7,82,1006.5,0.0,5.4,310
湘西,2026-10-10T09:00,21.7,62,997.8,0.0,1.9,61
湘西,2026-10-10T10:00,23.6,59,997.8,0.0,3.4,72
湘西,2026-10-10T11:00,25.3,54,997.6,0.0,4.0,93
湘西,2026-10-10T12:00,26.7,50,997.2,0.0,4.6,101
湘西,2026-10-10T13:00,27.8,45,996.0,0.0,5.4,98
湘西,2026-10-10T14:00,28.4,39,994.9,0.0,7.0,89
湘西,2026-10-10T15:00,28.6,35,994.0,0.0,8.0,99
湘西,2026-10-10T16:00,28.1,34,993.7,0.0,8.3,108
湘西,2026-10-10T17:00,26.7,42,993.8,0.0,4.3,95
湘西,2026-10-10T18:00,24.2,52,993.9,0.0,3.6,3
湘西,2026-10-10T19:00,22.4,53,993.8,0.0,4.4,353
湘西,2026-10-10T20:00,22.1,56,995.2,0.0,4.2,10
湘西,2026-10-10T21:00,20.7,63,995.9,0.0,4.8,27
湘西,2026-10-10T22:00,19.9,66,996.2,0.0,4.4,351
湘西,2026-10-10T23:00,19.5,66,996.4,0.0,3.5,321
湘西,2026-10-11T00:00,19.0,66,996.4,0.0,3.3,311
湘西,2026-10-11T01:00,18.5,66,996.0,0.0,3.6,311
湘西,2026-10-11T02:00,18.3,66,996.2,0.0,2.7,307
湘西,2026-10-11T03:00,17.7,66,995.7,0.0,2.1,308
湘西,2026-10-11T04:00,17.3,65,995.4,0.0,1.5,315
湘西,2026-10-11T05:00,17.0,65,995.2,0.0,0.9,323
湘西,2026-10-11T06:00,16.8,65,995.6,0.0,0.6,326
湘西,2026-10-11T07:00,16.6,67,996.0,0.0,0.4,333
湘西,2026-10-11T08:00,19.0,61,997.0,0.0,0.0,270
广州,2026-10-10T09:00,25.9,61,1014.7,0.0,6.4,27
广州,2026-10-10T10:00,28.0,51,1014.7,0.0,7.9,39
广州,2026-10-10T11:00,29.2,46,1014.5,0.0,8.0,44
广州,2026-10-10T12:00,30.2,44,1013.8,0.0,7.4,43
广州,2026-10-10T13:00,30.8,42,1012.9,0.0,6.6,37
广州,2026-10-10T14:00,31.7,41,1011.9,0.0,6.0,39
广州,2026-10-10T15:00,31.4,41,1011.2,0.0,5.9,31
广州,2026-10-10T16:00,31.1,42,1011.1,0.0,7.3,33
广州,2026-10-10T17:00,30.3,44,1011.4,0.0,8.4,31
广州,2026-10-10T18:00,29.0,51,1011.7,0.0,6.1,34
广州,2026-10-10T19:00,27.9,60,1011.8,0.0,3.3,36
广州,2026-10-10T20:00,27.8,58,1012.7,0.0,5.4,358
广州,2026-10-10T21:00,26.4,61,1013.7,0.0,6.9,9
广州,2026-10-10T22:00,25.4,65,1014.0,0.0,6.1,30
广州,2026-10-10T23:00,24.9,68,1014.2,0.0,5.6,42
广州,2026-10-11T00:00,24.4,72,1014.1,0.0,5.0,49
广州,2026-10-11T01:00,24.1,74,1013.8,0.0,4.5,43
广州,2026-10-11T02:00,24.1,75,1013.9,0.0,4.3,88
广州,2026-10-11T03:00,23.2,79,1013.8,0.0,4.3,62
广州,2026-10-11T04:00,22.7,79,1013.7,0.0,5.6,31
广州,2026-10-11T05:00,22.2,80,1013.7,0.0,7.0,26
广州,2026-10-11T06:00,21.8,80,1014.2,0.0,6.8,25
广州,2026-10-11T07:00,22.1,74,1014.9,0.0,7.7,25
广州,2026-10-11T08:00,24.0,65,1015.5,0.0,6.9,28
韶关,2026-10-10T09:00,24.8,58,1012.2,0.0,5.0,21
韶关,2026-10-10T10:00,27.2,45,1012.1,0.0,6.4,36
韶关,2026-10-10T11:00,28.9,39,1011.6,0.0,6.6,47
韶关,2026-10-10T12:00,30.1,36,1010.8,0.0,5.3,57
韶关,2026-10-10T13:00,31.1,34,1009.7,0.0,4.4,71
韶关,2026-10-10T14:00,32.1,33,1008.7,0.0,3.6,84
韶关,2026-10-10T15:00,31.8,33,1007.9,0.0,2.2,104
韶关,2026-10-10T16:00,31.9,32,1007.6,0.0,2.1,105
韶关,2026-10-10T17:00,31.5,33,1007.7,0.0,2.4,99
韶关,2026-10-10T18:00,28.5,42,1008.1,0.0,4.8,110
韶关,2026-10-10T19:00,26.9,44,1008.8,0.0,8.3,74
韶关,2026-10-10T20:00,26.7,43,1009.9,0.0,8.4,48
韶关,2026-10-10T21:00,25.6,47,1010.7,0.0,6.8,35
韶关,2026-10-10T22:00,24.6,52,1011.2,0.0,6.5,13
韶关,2026-10-10T23:00,23.4,57,1011.4,0.0,6.5,13
韶关,2026-10-11T00:00,22.3,64,1011.5,0.0,6.4,16
韶关,2026-10-11T01:00,21.4,70,1011.3,0.0,5.5,19
韶关,2026-10-11T02:00,21.2,72,1011.5,0.0,6.4,25
韶关,2026-10-11T03:00,20.2,77,1011.3,0.0,4.7,28
韶关,2026-10-11T04:00,19.6,80,1011.3,0.0,3.1,31
韶关,2026-10-11T05:00,19.3,82,1011.4,0.0,3.1,24
韶关,2026-10-11T06:00,19.0,84,1011.8,0.0,3.0,25
韶关,2026-10-11T07:00,19.5,82,1012.3,0.0,3.8,41
韶关,2026-10-11T08:00,22.1,69,1013.1,0.0,1.7,18
深圳,2026-10-10T09:00,26.4,72,1014.6,0.0,8.2,54
深圳,2026-10-10T10:00,27.7,62,1014.6,0.0,7.5,50
深圳,2026-10-10T11:00,28.9,55,1014.3,0.0,7.8,50
深圳,2026-10-10T12:00,29.7,51,1013.6,0.0,6.5,44
深圳,2026-10-10T13:00,30.4,47,1012.7,0.0,6.3,31
深圳,2026-10-10T14:00,31.1,44,1011.8,0.0,6.4,29
深圳,2026-10-10T15:00,31.3,42,1011.2,0.0,6.5,14
深圳,2026-10-10T16:00,31.1,42,1011.1,0.0,5.1,352
深圳,2026-10-10T17:00,30.0,45,1011.6,0.0,0.6,236
深圳,2026-10-10T18:00,27.5,61,1012.1,0.0,6.4,153
深圳,2026-10-10T19:00,25.6,74,1012.7,0.0,10.1,131
深圳,2026-10-10T20:00,25.0,80,1013.7,0.0,9.7,118
深圳,2026-10-10T21:00,24.2,83,1014.5,0.0,8.3,103
深圳,2026-10-10T22:00,23.8,86,1014.8,0.0,9.2,116
深圳,2026-10-10T23:00,23.4,89,1014.9,0.0,8.5,111
深圳,2026-10-11T00:00,23.1,92,1014.7,0.0,7.2,109
深圳,2026-10-11T01:00,22.9,94,1014.5,0.0,6.3,90
深圳,2026-10-11T02:00,23.1,94,1014.3,0.0,5.8,64
深圳,2026-10-11T03:00,22.8,96,1014.1,0.0,5.0,69
深圳,2026-10-11T04:00,22.7,96,1014.1,0.0,5.2,56
深圳,2026-10-11T05:00,22.6,97,1014.2,0.0,5.7,58
深圳,2026-10-11T06:00,22.6,96,1014.5,0.0,7.2,63
深圳,2026-10-11T07:00,23.2,93,1015.1,0.0,8.0,65
深圳,2026-10-11T08:00,25.3,81,1015.7,0.0,7.6,56
珠海,2026-10-10T09:00,28.4,59,1015.5,0.0,11.2,60
珠海,2026-10-10T10:00,29.1,57,1015.7,0.0,11.4,53
珠海,2026-10-10T11:00,29.8,52,1015.5,0.0,11.2,50
珠海,2026-10-10T12:00,30.5,47,1014.9,0.0,11.1,54
珠海,2026-10-10T13:00,31.1,43,1014.1,0.0,11.2,50
珠海,2026-10-10T14:00,31.7,42,1013.3,0.0,8.6,61
珠海,2026-10-10T15:00,30.9,45,1012.7,0.0,6.5,103
珠海,2026-10-10T16:00,29.5,58,1012.6,0.0,8.4,135
珠海,2026-10-10T17:00,28.6,63,1012.8,0.0,7.4,133
珠海,2026-10-10T18:00,27.4,67,1013.1,0.0,9.4,130
珠海,2026-10-10T19:00,26.7,71,1013.5,0.0,7.9,133
珠海,2026-10-10T20:00,27.2,70,1014.5,0.0,8.4,132
珠海,2026-10-10T21:00,26.8,73,1015.4,0.0,8.3,124
珠海,2026-10-10T22:00,26.4,76,1015.7,0.0,8.4,121
珠海,2026-10-10T23:00,26.2,78,1015.9,0.0,6.7,110
珠海,2026-10-11T00:00,25.9,82,1015.7,0.0,7.2,102
珠海,2026-10-11T01:00,25.7,83,1015.3,0.0,6.8,92
珠海,2026-10-11T02:00,25.6,82,1015.1,0.0,4.9,62
珠海,2026-10-11T03:00,24.7,86,1014.9,0.0,4.1,45
珠海,2026-10-11T04:00,24.3,88,1015.0,0.0,5.8,14
珠海,2026-10-11T05:00,24.2,90,1015.0,0.0,7.1,15
珠海,2026-10-11T06:00,24.3,89,1015.4,0.0,7.7,24
珠海,2026-10-11T07:00,25.0,85,1015.9,0.0,9.3,29
珠海,2026-10-11T08:00,27.1,73,1016.5,0.0,10.3,38
汕头,2026-10-10T09:00,26.1,64,1016.2,0.0,7.6,19
汕头,2026-10-10T10:00,27.6,57,1016.0,0.0,9.1,38
汕头,2026-10-10T11:00,28.7,53,1015.4,0.0,9.9,48
汕头,2026-10-10T12:00,29.4,52,1014.5,0.0,10.3,55
汕头,2026-10-10T13:00,29.8,53,1013.9,0.0,10.0,73
汕头,2026-10-10T14:00,29.7,54,1013.4,0.0,10.0,84
汕头,2026-10-10T15:00,29.2,56,1013.0,0.0,9.5,89
汕头,2026-10-10T16:00,28.2,62,1013.0,0.0,9.9,100
汕头,2026-10-10T17:00,27.0,69,1013.2,0.0,10.2,107
汕头,2026-10-10T18:00,26.0,77,1013.6,0.0,7.4,113
汕头,2026-10-10T19:00,25.5,82,1014.1,0.0,6.0,123
汕头,2026-10-10T20:00,25.9,82,1015.0,0.0,6.5,88
汕头,2026-10-10T21:00,25.4,83,1015.7,0.0,5.4,86
汕头,2026-10-10T22:00,25.2,84,1016.1,0.0,4.3,68
汕头,2026-10-10T23:00,25.3,83,1016.3,0.0,5.1,63
汕头,2026-10-11T00:00,25.1,83,1016.3,0.0,6.4,72
汕头,2026-10-11T01:00,25.0,81,1016.0,0.0,6.9,73
汕头,2026-10-11T02:00,24.5,78,1015.9,0.0,7.4,58
汕头,2026-10-11T03:00,23.7,80,1015.5,0.0,5.4,56
汕头,2026-10-11T04:00,23.3,80,1015.7,0.0,5.7,46
汕头,2026-10-11T05:00,22.9,85,1015.7,0.0,5.2,31
汕头,2026-10-11T06:00,22.5,88,1015.9,0.0,4.7,28
汕头,2026-10-11T07:00,23.4,85,1016.5,0.0,6.3,24
汕头,2026-10-11T08:00,25.1,73,1017.3,0.0,6.5,34
佛山,2026-10-10T09:00,26.1,62,1015.6,0.0,6.6,26
佛山,2026-10-10T10:00,28.1,53,1015.7,0.0,7.7,37
佛山,2026-10-10T11:00,29.5,46,1015.4,0.0,8.4,42
佛山,2026-10-10T12:00,30.5,43,1014.7,0.0,7.5,37
佛山,2026-10-10T13:00,31.2,41,1013.8,0.0,6.4,32
佛山,2026-10-10T14:00,31.9,40,1012.8,0.0,4.5,29
佛山,2026-10-10T15:00,32.1,39,1012.0,0.0,3.1,13
佛山,2026-10-10T16:00,32.0,39,1011.8,0.0,3.6,3
佛山,2026-10-10T17:00,31.6,39,1012.1,0.0,4.1,2
佛山,2026-10-10T18:00,30.0,46,1012.4,0.0,3.4,3
佛山,2026-10-10T19:00,28.5,55,1012.8,0.0,3.1,21
佛山,2026-10-10T20:00,28.2,58,1013.7,0.0,6.2,8
佛山,2026-10-10T21:00,27.4,58,1014.6,0.0,7.0,359
佛山,2026-10-10T22:00,27.2,55,1014.9,0.0,8.7,30
佛山,2026-10-10T23:00,26.7,56,1015.1,0.0,8.1,45
佛山,2026-10-11T00:00,26.0,60,1014.9,0.0,7.0,35
佛山,2026-10-11T01:00,25.2,66,1014.7,0.0,4.7,58
佛山,2026-10-11T02:00,25.0,69,1014.8,0.0,3.9,66
佛山,2026-10-11T03:00,24.1,76,1014.7,0.0,2.8,18
佛山,2026-10-11T04:00,23.6,80,1014.6,0.0,5.6,17
佛山,2026-10-11T05:00,23.3,81,1014.6,0.0,6.6,26
佛山,2026-10-11T06:00,23.0,80,1015.2,0.0,6.6,26
佛山,2026-10-11T07:00,23.1,76,1015.8,0.0,7.5,24
佛山,2026-10-11T08:00,24.8,65,1016.5,0.0,6.0,21
江门,2026-10-10T09:00,26.7,71,1014.6,0.0,8.7,34
江门,2026-10-10T10:00,28.4,56,1014.8,0.0,10.8,46
江门,2026-10-10T11:00,29.4,49,1014.5,0.0,10.7,44
江门,2026-10-10T12:00,30.1,45,1013.8,0.0,9.4,38
江门,2026-10-10T13:00,30.6,43,1013.1,0.0,9.1,34
江门,2026-10-10T14:00,31.2,43,1012.1,0.0,7.1,34
江门,2026-10-10T15:00,31.0,44,1011.5,0.0,7.0,35
江门,2026-10-10T16:00,30.8,44,1011.3,0.0,7.4,32
江门,2026-10-10T17:00,30.3,45,1011.5,0.0,8.2,32
江门,2026-10-10T18:00,28.5,55,1011.8,0.0,5.6,50
江门,2026-10-10T19:00,27.1,62,1012.2,0.0,4.8,48
江门,2026-10-10T20:00,26.7,69,1013.1,0.0,3.3,6
江门,2026-10-10T21:00,25.7,73,1014.0,0.0,3.7,337
江门,2026-10-10T22:00,25.3,73,1014.3,0.0,4.5,344
江门,2026-10-10T23:00,24.7,78,1014.6,0.0,2.4,107
江门,2026-10-11T00:00,24.3,81,1014.5,0.0,4.9,156
江门,2026-10-11T01:00,23.8,86,1014.1,0.0,4.9,182
江门,2026-10-11T02:00,23.8,90,1014.1,0.0,2.7,180
江门,2026-10-11T03:00,23.0,92,1013.8,0.0,0.6,326
江门,2026-10-11T04:00,22.6,92,1013.7,0.0,4.3,345
江门,2026-10-11T05:00,22.5,91,1013.9,0.0,4.0,360
江门,2026-10-11T06:00,22.3,90,1014.4,0.0,4.9,350
江门,2026-10-11T07:00,22.6,88,1015.0,0.0,6.9,346
江门,2026-10-11T08:00,24.5,79,1015.6,0.0,6.0,357
天水,2026-10-10T09:00,12.6,71,894.4,0.0,1.2,39
天水,2026-10-10T10:00,14.4,62,895.0,0.0,1.5,104
天水,2026-10-10T11:00,15.7,58,894.9,0.0,3.2,93
天水,2026-10-10T12:00,17.8,52,894.5,0.0,5.4,90
天水,2026-10-10T13:00,19.0,46,893.6,0.0,6.0,81
天水,2026-10-10T14:00,19.3,44,893.0,0.0,6.6,81
天水,2026-10-10T15:00,19.3,44,891.7,0.0,8.8,90
天水,2026-10-10T16:00,19.1,45,890.8,0.0,7.9,86
天水,2026-10-10T17:00,18.8,47,890.1,0.0,5.2,65
天水,2026-10-10T18:00,17.5,62,889.7,0.0,2.7,98
天水,2026-10-10T19:00,15.6,66,889.4,0.0,6.7,172
天水,2026-10-10T20:00,14.8,72,890.4,0.0,7.4,187
天水,2026-10-10T21:00,13.1,86,890.2,0.0,5.1,190
天水,2026-10-10T22:00,12.1,89,889.9,0.0,2.6,196
天水,2026-10-10T23:00,11.6,89,889.8,0.0,1.7,212
天水,2026-10-11T00:00,11.0,90,889.4,0.0,2.6,231
天水,2026-10-11T01:00,10.5,89,888.8,0.0,2.1,232
天水,2026-10-11T02:00,10.6,87,889.2,0.0,2.3,203
天水,2026-10-11T03:00,10.2,87,888.9,0.0,1.8,225
天水,2026-10-11T04:00,9.8,89,888.3,0.0,1.5,249
天水,2026-10-11T05:00,9.1,91,887.9,0.0,2.9,274
天水,2026-10-11T06:00,8.9,93,887.8,0.0,4.0,275
天水,2026-10-11T07:00,8.5,94,887.9,0.0,5.0,270
天水,2026-10-11T08:00,10.0,89,889.0,0.0,6.0,279
武威,2026-10-10T09:00,10.2,52,853.3,0.0,2.7,228
武威,2026-10-10T10:00,14.2,40,854.9,0.0,1.2,129
武威,2026-10-10T11:00,16.9,35,855.3,0.0,1.8,96
武威,2026-10-10T12:00,18.9,31,855.2,0.0,3.2,90
武威,2026-10-10T13:00,20.7,27,854.5,0.0,5.7,77
武威,2026-10-10T14:00,22.0,21,853.8,0.0,8.1,66
武威,2026-10-10T15:00,22.7,18,853.0,0.0,9.7,59
武威,2026-10-10T16:00,22.5,17,852.4,0.0,11.4,62
武威,2026-10-10T17:00,21.7,16,852.0,0.0,12.6,66
武威,2026-10-10T18:00,19.9,19,851.6,0.0,6.2,49
武威,2026-10-10T19:00,16.8,28,850.5,0.0,2.1,20
武威,2026-10-10T20:00,15.2,38,850.6,0.0,2.5,360
武威,2026-10-10T21:00,14.5,39,850.7,0.0,0.5,225
武威,2026-10-10T22:00,13.7,39,850.2,0.0,1.3,278
武威,2026-10-10T23:00,12.5,41,849.5,0.0,6.2,339
武威,2026-10-11T00:00,11.0,45,849.0,0.0,6.1,313
武威,2026-10-11T01:00,9.8,50,848.3,0.0,3.7,299
武威,2026-10-11T02:00,9.1,54,848.4,0.0,0.9,281
武威,2026-10-11T03:00,7.7,58,847.5,0.0,2.2,261
武威,2026-10-11T04:00,7.5,60,847.0,0.0,1.6,270
武威,2026-10-11T05:00,7.3,60,847.0,0.0,1.5,284
武威,2026-10-11T06:00,6.9,61,847.2,0.0,1.1,270
武威,2026-10-11T07:00,6.3,62,847.5,0.0,1.3,278
武威,2026-10-11T08:00,7.5,56,848.8,0.0,1.7,302
张掖,2026-10-10T09:00,10.1,49,857.8,0.0,10.1,163
张掖,2026-10-10T10:00,14.3,36,859.1,0.0,9.0,164
张掖,2026-10-10T11:00,17.5,30,859.5,0.0,8.5,153
张掖,2026-10-10T12:00,19.8,26,859.5,0.0,6.9,147
张掖,2026-10-10T13:00,21.7,21,859.0,0.0,5.7,127
张掖,2026-10-10T14:00,22.8,16,858.0,0.0,7.0,93
张掖,2026-10-10T15:00,23.4,15,857.3,0.0,6.5,56
张掖,2026-10-10T16:00,22.9,17,856.5,0.0,12.6,22
张掖,2026-10-10T17:00,21.4,19,855.9,0.0,20.1,15
张掖,2026-10-10T18:00,19.8,23,855.5,0.0,15.9,12
张掖,2026-10-10T19:00,16.0,31,854.3,0.0,5.8,346
张掖,2026-10-10T20:00,15.4,32,854.7,0.0,1.1,180
张掖,2026-10-10T21:00,13.6,36,854.6,0.0,8.0,198
张掖,2026-10-10T22:00,12.3,41,854.0,0.0,3.0,194
张掖,2026-10-10T23:00,11.1,45,853.8,0.0,2.5,111
张掖,2026-10-11T00:00,10.2,50,853.7,0.0,2.8,135
张掖,2026-10-11T01:00,9.3,52,853.2,0.0,4.0,180
张掖,2026-10-11T02:00,8.9,52,853.3,0.0,3.9,204
张掖,2026-10-11T03:00,8.7,52,853.7,0.0,1.2,153
张掖,2026-10-11T04:00,8.0,55,853.6,0.0,0.9,307
张掖,2026-10-11T05:00,7.4,60,853.7,0.0,1.8,294
张掖,2026-10-11T06:00,7.2,59,854.4,0.0,1.8,191
张掖,2026-10-11T07:00,7.5,57,855.5,0.0,0.6,236
张掖,2026-10-11T08:00,8.3,55,856.6,0.0,1.7,212
平凉,2026-10-10T09:00,12.2,70,870.9,0.0,2.6,196
平凉,2026-10-10T10:00,14.6,56,871.8,0.0,5.1,135
平凉,2026-10-10T11:00,16.4,50,872.1,0.0,6.8,143
平凉,2026-10-10T12:00,18.1,44,871.9,0.0,7.3,142
平凉,2026-10-10T13:00,19.3,37,871.1,0.0,8.4,133
平凉,2026-10-10T14:00,19.7,34,870.4,0.0,9.4,121
平凉,2026-10-10T15:00,19.8,33,869.6,0.0,10.7,119
平凉,2026-10-10T16:00,19.5,36,868.8,0.0,12.8,116
平凉,2026-10-10T17:00,18.4,41,868.1,0.0,13.9,124
平凉,2026-10-10T18:00,16.1,52,867.7,0.0,8.9,138
平凉,2026-10-10T19:00,13.1,65,867.0,0.0,5.4,186
平凉,2026-10-10T20:00,12.0,72,867.1,0.0,4.6,216
平凉,2026-10-10T21:00,10.7,75,866.8,0.0,4.2,230
平凉,2026-10-10T22:00,9.8,78,866.2,0.0,4.1,232
平凉,2026-10-10T23:00,8.9,81,865.9,0.0,3.6,237
平凉,2026-10-11T00:00,8.3,84,865.3,0.0,3.7,231
平凉,2026-10-11T01:00,8.0,85,864.8,0.0,3.3,234
平凉,2026-10-11T02:00,7.8,85,864.8,0.0,2.7,238
平凉,2026-10-11T03:00,7.3,86,864.6,0.0,3.2,236
平凉,2026-10-11T04:00,6.9,88,863.9,0.0,3.0,237
平凉,2026-10-11T05:00,6.5,90,863.7,0.0,3.2,236
平凉,2026-10-11T06:00,6.2,91,863.8,0.0,3.2,236
平凉,2026-10-11T07:00,6.0,92,863.7,0.0,3.1,239
平凉,2026-10-11T08:00,8.2,86,865.3,0.0,4.5,233
酒泉,2026-10-10T09:00,10.3,55,856.6,0.0,6.2,260
酒泉,2026-10-10T10:00,14.2,42,858.9,0.0,4.0,275
酒泉,2026-10-10T11:00,16.3,37,859.2,0.0,1.8,6
酒泉,2026-10-10T12:00,18.0,34,859.2,0.0,4.5,61
酒泉,2026-10-10T13:00,19.2,30,858.9,0.0,6.8,72
酒泉,2026-10-10T14:00,20.2,27,858.4,0.0,9.7,75
酒泉,2026-10-10T15:00,20.5,27,857.8,0.0,9.1,69
酒泉,2026-10-10T16:00,20.4,26,857.1,0.0,8.2,71
酒泉,2026-10-10T17:00,20.0,27,856.7,0.0,7.5,80
酒泉,2026-10-10T18:00,18.7,31,856.3,0.0,7.5,79
酒泉,2026-10-10T19:00,14.7,45,854.9,0.0,6.0,57
酒泉,2026-10-10T20:00,13.9,49,855.0,0.0,5.7,49
酒泉,2026-10-10T21:00,13.9,47,855.3,0.0,0.9,217
酒泉,2026-10-10T22:00,13.5,49,855.3,0.0,5.3,232
酒泉,2026-10-10T23:00,11.5,58,854.5,0.0,6.1,238
酒泉,2026-10-11T00:00,11.3,57,854.4,0.0,7.6,243
酒泉,2026-10-11T01:00,11.2,53,854.1,0.0,11.0,246
酒泉,2026-10-11T02:00,10.0,56,854.0,0.0,11.9,256
酒泉,2026-10-11T03:00,10.5,54,854.8,0.0,10.3,259
酒泉,2026-10-11T04:00,10.8,52,855.0,0.0,10.4,253
酒泉,2026-10-11T05:00,11.1,49,855.4,0.0,11.4,247
酒泉,2026-10-11T06:00,11.6,44,856.4,0.0,10.9,261
酒泉,2026-10-11T07:00,11.2,46,857.3,0.0,9.7,286
酒泉,2026-10-11T08:00,10.1,51,857.6,0.0,8.7,292
庆阳,2026-10-10T09:00,12.3,66,870.1,0.0,5.7,9
庆阳,2026-10-10T10:00,14.3,57,870.8,0.0,2.4,13
庆阳,2026-10-10T11:00,15.6,51,871.1,0.0,1.7,238
庆阳,2026-10-10T12:00,16.8,47,870.8,0.0,4.1,218
庆阳,2026-10-10T13:00,18.0,43,870.2,0.0,4.9,213
庆阳,2026-10-10T14:00,18.7,40,869.6,0.0,5.7,208
庆阳,2026-10-10T15:00,18.9,38,868.8,0.0,6.6,197
庆阳,2026-10-10T16:00,18.8,36,868.2,0.0,7.5,190
庆阳,2026-10-10T17:00,18.2,36,867.6,0.0,7.2,183
庆阳,2026-10-10T18:00,15.7,52,866.6,0.0,4.9,190
庆阳,2026-10-10T19:00,14.0,57,866.2,0.0,7.2,184
庆阳,2026-10-10T20:00,13.4,62,866.4,0.0,6.5,185
庆阳,2026-10-10T21:00,12.5,66,866.2,0.0,6.4,190
庆阳,2026-10-10T22:00,11.3,70,865.6,0.0,6.3,183
庆阳,2026-10-10T23:00,11.0,70,865.6,0.0,6.3,178
庆阳,2026-10-11T00:00,11.0,68,865.6,0.0,4.4,189
庆阳,2026-10-11T01:00,10.6,69,865.2,0.0,3.8,161
庆阳,2026-10-11T02:00,10.6,68,865.4,0.0,1.5,104
庆阳,2026-10-11T03:00,10.0,70,864.9,0.0,1.5,104
庆阳,2026-10-11T04:00,9.6,72,864.2,0.0,2.2,90
庆阳,2026-10-11T05:00,9.3,73,864.1,0.0,3.4,96
庆阳,2026-10-11T06:00,9.2,74,864.3,0.0,3.1,93
庆阳,2026-10-11T07:00,9.4,73,864.4,0.0,2.3,67
庆阳,2026-10-11T08:00,11.8,68,865.9,0.0,4.2,72
定西,2026-10-10T09:00,8.3,67,819.1,0.0,4.1,131
定西,2026-10-10T10:00,12.5,45,821.2,0.0,3.9,146
定西,2026-10-10T11:00,15.0,32,821.5,0.0,8.7,158
定西,2026-10-10T12:00,16.4,26,821.4,0.0,12.2,152
定西,2026-10-10T13:00,17.3,25,820.7,0.0,13.7,152
定西,2026-10-10T14:00,17.7,25,820.1,0.0,13.1,153
定西,2026-10-10T15:00,17.7,26,819.0,0.0,13.6,152
定西,2026-10-10T16:00,17.5,26,818.2,0.0,13.4,148
定西,2026-10-10T17:00,16.8,30,817.5,0.0,12.9,144
定西,2026-10-10T18:00,14.6,40,816.7,0.0,11.2,147
定西,2026-10-10T19:00,11.4,50,815.4,0.0,10.8,147
定西,2026-10-10T20:00,10.5,58,815.8,0.0,10.6,146
定西,2026-10-10T21:00,9.3,66,815.7,0.0,11.6,156
定西,2026-10-10T22:00,8.9,70,815.6,0.0,12.4,158
定西,2026-10-10T23:00,8.2,74,815.4,0.0,11.9,155
定西,2026-10-11T00:00,7.2,80,814.7,0.0,9.9,148
定西,2026-10-11T01:00,6.5,85,813.9,0.0,8.0,149
定西,2026-10-11T02:00,5.7,89,813.5,0.0,6.2,136
定西,2026-10-11T03:00,5.1,91,813.1,0.0,5.7,108
定西,2026-10-11T04:00,4.6,93,812.5,0.0,5.7,125
定西,2026-10-11T05:00,4.2,94,812.1,0.0,5.7,131
定西,2026-10-11T06:00,4.0,95,812.1,0.0,5.5,117
定西,2026-10-11T07:00,4.0,97,812.3,0.0,6.1,135
定西,2026-10-11T08:00,5.6,96,813.6,0.0,9.8,144
陇南,2026-10-10T09:00,15.4,88,914.2,0.4,3.7,259
陇南,2026-10-10T10:00,15.6,88,914.4,0.4,4.1,270
陇南,2026-10-10T11:00,15.7,87,914.2,0.6,4.0,243
陇南,2026-10-10T12:00,15.9,86,913.7,0.9,3.7,256
陇南,2026-10-10T13:00,16.5,84,912.5,0.6,2.7,247
陇南,2026-10-10T14:00,17.1,70,912.1,0.2,4.3,222
陇南,2026-10-10T15:00,18.0,62,910.9,0.0,4.6,154
陇南,2026-10-10T16:00,18.6,61,910.3,0.0,6.8,132
陇南,2026-10-10T17:00,18.2,64,909.6,0.0,6.7,124
陇南,2026-10-10T18:00,17.0,72,909.5,0.0,3.9,118
陇南,2026-10-10T19:00,15.1,79,909.1,0.0,1.2,117
陇南,2026-10-10T20:00,15.4,82,910.1,0.0,1.2,51
陇南,2026-10-10T21:00,14.7,84,909.9,0.0,0.0,270
陇南,2026-10-10T22:00,14.2,86,909.8,0.0,0.4,243
陇南,2026-10-10T23:00,13.0,92,909.6,0.0,0.5,270
陇南,2026-10-11T00:00,11.8,100,909.1,0.0,0.9,323
陇南,2026-10-11T01:00,11.2,100,908.6,0.0,2.7,340
陇南,2026-10-11T02:00,12.0,98,909.2,0.0,3.1,36
陇南,2026-10-11T03:00,11.8,99,909.2,0.0,2.6,16
陇南,2026-10-11T04:00,11.8,98,908.5,0.0,2.3,337
陇南,2026-10-11T05:00,12.0,96,908.1,0.0,2.4,297
陇南,2026-10-11T06:00,11.8,97,908.3,0.0,0.6,326
陇南,2026-10-11T07:00,11.8,97,908.7,0.0,1.4,67
陇南,2026-10-11T08:00,12.7,90,909.4,0.0,2.2,55
临夏,2026-10-10T09:00,3.9,91,819.1,0.0,2.0,175
临夏,2026-10-10T10:00,7.3,80,820.9,0.0,0.8,27
临夏,2026-10-10T11:00,11.5,62,821.6,0.0,2.6,344
临夏,2026-10-10T12:00,14.2,53,821.6,0.0,3.5,321
临夏,2026-10-10T13:00,16.1,49,820.8,0.0,3.2,317
临夏,2026-10-10T14:00,17.3,45,819.9,0.0,2.4,9
临夏,2026-10-10T15:00,18.3,42,819.0,0.0,4.4,27
临夏,2026-10-10T16:00,18.4,40,818.3,0.0,5.1,39
临夏,2026-10-10T17:00,18.1,39,817.6,0.0,4.4,58
临夏,2026-10-10T18:00,16.5,58,817.0,0.0,2.1,59
临夏,2026-10-10T19:00,13.7,57,815.6,0.0,0.8,153
临夏,2026-10-10T20:00,11.6,66,815.2,0.0,3.6,160
临夏,2026-10-10T21:00,10.0,72,814.8,0.0,3.1,144
临夏,2026-10-10T22:00,8.6,76,814.2,0.0,2.4,126
临夏,2026-10-10T23:00,7.5,79,814.0,0.0,2.1,149
临夏,2026-10-11T00:00,6.7,81,813.8,0.0,3.7,137
临夏,2026-10-11T01:00,5.9,85,813.5,0.0,3.1,156
临夏,2026-10-11T02:00,5.4,88,813.7,0.0,1.7,148
临夏,2026-10-11T03:00,5.1,88,813.8,0.0,4.8,202
临夏,2026-10-11T04:00,4.5,89,812.9,0.0,4.2,168
临夏,2026-10-11T05:00,3.9,92,812.2,0.0,3.6,174
临夏,2026-10-11T06:00,3.7,94,812.4,0.0,3.8,188
临夏,2026-10-11T07:00,3.2,95,812.2,0.0,3.5,165
临夏,2026-10-11T08:00,4.4,94,813.3,0.0,4.7,152
甘南,2026-10-10T09:00,2.1,93,728.6,0.0,5.8,187
甘南,2026-10-10T10:00,4.6,76,729.7,0.0,4.8,195
甘南,2026-10-10T11:00,7.5,62,730.7,0.0,5.0,178
甘南,2026-10-10T12:00,9.9,50,731.1,0.0,4.9,174
甘南,2026-10-10T13:00,11.6,40,730.7,0.0,5.2,186
甘南,2026-10-10T14:00,12.3,38,730.1,0.0,5.6,195
甘南,2026-10-10T15:00,12.8,35,729.2,0.0,5.4,180
甘南,2026-10-10T16:00,13.0,33,728.6,0.0,5.6,178
甘南,2026-10-10T17:00,12.7,31,727.8,0.0,8.1,152
甘南,2026-10-10T18:00,11.0,37,726.7,0.0,11.2,127
甘南,2026-10-10T19:00,7.1,54,723.5,0.0,4.8,101
甘南,2026-10-10T20:00,6.1,61,723.4,0.0,5.5,128
甘南,2026-10-10T21:00,5.0,67,724.3,0.0,5.2,115
甘南,2026-10-10T22:00,4.5,69,724.4,0.0,0.6,146
甘南,2026-10-10T23:00,3.7,72,724.0,0.0,0.9,217
甘南,2026-10-11T00:00,2.9,75,723.7,0.0,1.3,188
甘南,2026-10-11T01:00,2.3,79,723.2,0.0,1.8,169
甘南,2026-10-11T02:00,1.8,84,723.0,0.0,1.9,139
甘南,2026-10-11T03:00,1.1,87,722.4,0.0,2.7,152
甘南,2026-10-11T04:00,0.8,88,721.6,0.0,2.1,128
甘南,2026-10-11T05:00,0.7,89,721.0,0.0,1.9,131
甘南,2026-10-11T06:00,0.3,90,720.5,0.0,2.5,159
甘南,2026-10-11T07:00,-0.1,92,720.1,0.0,2.9,180
甘南,2026-10-11T08:00,1.4,89,721.7,0.0,5.2,176
西宁,2026-10-10T09:00,5.0,79,786.3,0.0,3.7,284
西宁,2026-10-10T10:00,7.7,68,787.2,0.0,4.9,306
西宁,2026-10-10T11:00,10.5,55,787.7,0.0,5.3,322
西宁,2026-10-10T12:00,12.6,47,787.7,0.0,3.6,303
西宁,2026-10-10T13:00,14.4,37,787.1,0.0,3.5,298
西宁,2026-10-10T14:00,15.4,29,786.3,0.0,4.0,306
西宁,2026-10-10T15:00,16.2,27,785.4,0.0,3.1,294
西宁,2026-10-10T16:00,16.3,27,784.6,0.0,2.5,278
西宁,2026-10-10T17:00,16.2,28,784.0,0.0,1.4,270
西宁,2026-10-10T18:00,15.4,42,783.4,0.0,1.4,50
西宁,2026-10-10T19:00,12.9,43,782.0,0.0,1.5,135
西宁,2026-10-10T20:00,12.0,47,781.7,0.0,3.3,167
西宁,2026-10-10T21:00,10.4,46,781.2,0.0,4.2,140
西宁,2026-10-10T22:00,9.7,42,781.6,0.0,6.8,112
西宁,2026-10-10T23:00,8.7,50,781.4,0.0,5.7,101
西宁,2026-10-11T00:00,7.9,60,781.3,0.0,2.9,97
西宁,2026-10-11T01:00,7.2,64,781.1,0.0,1.4,23
西宁,2026-10-11T02:00,6.0,72,780.6,0.0,0.4,333
西宁,2026-10-11T03:00,4.1,81,779.4,0.0,2.9,277
西宁,2026-10-11T04:00,3.3,85,778.3,0.0,3.2,267
西宁,2026-10-11T05:00,3.3,84,778.4,0.0,1.1,252
西宁,2026-10-11T06:00,3.1,85,778.5,0.0,0.8,333
西宁,2026-10-11T07:00,2.5,88,778.2,0.0,1.2,297
西宁,2026-10-11T08:00,3.3,83,779.0,0.0,4.2,310
海东,2026-10-10T09:00,7.0,71,799.3,0.0,8.8,285
海东,2026-10-10T10:00,9.9,60,800.2,0.0,8.9,283
海东,2026-10-10T11:00,12.5,48,800.5,0.0,10.3,293
海东,2026-10-10T12:00,14.5,40,800.4,0.0,10.0,287
海东,2026-10-10T13:00,16.0,33,799.7,0.0,9.8,288
海东,2026-10-10T14:00,16.9,27,799.0,0.0,9.1,295
海东,2026-10-10T15:00,17.4,23,797.9,0.0,8.0,301
海东,2026-10-10T16:00,17.5,21,797.1,0.0,7.5,297
海东,2026-10-10T17:00,17.1,21,796.4,0.0,7.2,302
海东,2026-10-10T18:00,15.5,30,795.4,0.0,3.2,289
海东,2026-10-10T19:00,13.1,33,794.1,0.0,1.5,159
海东,2026-10-10T20:00,11.7,34,793.9,0.0,6.1,109
海东,2026-10-10T21:00,10.7,44,794.1,0.0,9.5,69
海东,2026-10-10T22:00,9.8,55,793.7,0.0,7.7,78
海东,2026-10-10T23:00,9.2,57,793.6,0.0,6.9,83
海东,2026-10-11T00:00,8.6,57,793.6,0.0,6.3,90
海东,2026-10-11T01:00,7.9,59,793.3,0.0,5.9,101
海东,2026-10-11T02:00,7.6,60,793.4,0.0,6.0,99
海东,2026-10-11T03:00,7.3,60,793.1,0.0,1.2,39
海东,2026-10-11T04:00,6.5,63,792.2,0.0,0.9,323
海东,2026-10-11T05:00,5.6,68,791.9,0.0,2.4,306
海东,2026-10-11T06:00,5.3,70,792.1,0.0,2.2,312
海东,2026-10-11T07:00,5.1,71,792.0,0.0,2.1,285
海东,2026-10-11T08:00,5.8,68,792.8,0.0,4.4,282
海北,2026-10-10T09:00,-2.9,89,705.8,0.0,2.0,280
海北,2026-10-10T10:00,0.1,80,708.0,0.0,3.2,360
海北,2026-10-10T11:00,3.0,70,709.2,0.0,4.0,30
海北,2026-10-10T12:00,5.3,59,709.7,0.0,2.4,54
海北,2026-10-10T13:00,7.0,48,709.6,0.0,1.8,101
海北,2026-10-10T14:00,8.4,36,709.7,0.0,4.0,175
海北,2026-10-10T15:00,8.8,33,708.9,0.0,3.6,183
海北,2026-10-10T16:00,9.2,29,708.3,0.0,2.8,165
海北,2026-10-10T17:00,9.0,28,707.8,0.0,3.2,117
海北,2026-10-10T18:00,7.4,45,706.5,0.0,3.7,79
海北,2026-10-10T19:00,4.4,43,704.3,0.0,1.3,56
海北,2026-10-10T20:00,3.5,49,703.9,0.0,1.0,59
海北,2026-10-10T21:00,0.9,57,701.9,0.0,0.8,45
海北,2026-10-10T22:00,-0.7,63,701.0,0.0,0.4,360
海北,2026-10-10T23:00,-1.7,66,700.6,0.0,0.6,326
海北,2026-10-11T00:00,-2.3,65,700.6,0.0,0.4,333
海北,2026-10-11T01:00,-2.5,65,700.3,0.0,0.2,360
海北,2026-10-11T02:00,-2.2,64,700.7,0.0,0.0,270
海北,2026-10-11T03:00,-2.4,65,700.4,0.0,0.4,360
海北,2026-10-11T04:00,-2.6,67,699.9,0.0,0.4,27
海北,2026-10-11T05:00,-2.7,68,699.7,0.0,0.5,45
海北,2026-10-11T06:00,-2.6,69,699.9,0.0,0.4,27
海北,2026-10-11T07:00,-2.5,70,699.9,0.0,0.6,18
海北,2026-10-11T08:00,-1.5,71,701.1,0.0,0.4,360
黄南,2026-10-10T09:00,5.8,64,764.3,0.0,6.7,224
黄南,2026-10-10T10:00,8.8,53,765.2,0.0,3.3,261
黄南,2026-10-10T11:00,11.3,44,765.5,0.0,1.8,354
黄南,2026-10-10T12:00,13.3,37,765.6,0.0,2.9,4
黄南,2026-10-10T13:00,14.6,31,764.9,0.0,4.1,13
黄南,2026-10-10T14:00,15.2,30,764.2,0.0,6.9,41
黄南,2026-10-10T15:00,15.6,29,763.2,0.0,10.4,32
黄南,2026-10-10T16:00,15.5,28,762.5,0.0,9.0,16
黄南,2026-10-10T17:00,15.0,30,761.8,0.0,6.9,346
黄南,2026-10-10T18:00,13.5,43,761.0,0.0,3.6,340
黄南,2026-10-10T19:00,10.9,44,759.8,0.0,1.1,270
黄南,2026-10-10T20:00,10.7,45,760.2,0.0,1.2,243
黄南,2026-10-10T21:00,9.8,47,760.0,0.0,1.2,231
黄南,2026-10-10T22:00,9.1,49,759.7,0.0,0.6,214
黄南,2026-10-10T23:00,8.3,51,759.6,0.0,1.2,219
黄南,2026-10-11T00:00,7.3,54,758.9,0.0,0.6,198
黄南,2026-10-11T01:00,6.0,58,757.7,0.0,0.8,207
黄南,2026-10-11T02:00,5.5,60,757.5,0.0,1.5,240
黄南,2026-10-11T03:00,4.7,63,757.0,0.0,1.6,207
黄南,2026-10-11T04:00,4.5,64,756.4,0.0,1.4,220
黄南,2026-10-11T05:00,4.3,66,756.2,0.0,1.7,221
黄南,2026-10-11T06:00,4.1,68,755.9,0.0,1.4,220
黄南,2026-10-11T07:00,4.0,69,755.9,0.0,1.2,219
黄南,2026-10-11T08:00,5.4,70,757.1,0.0,1.8,225
海南州,2026-10-10T09:00,3.7,72,730.6,0.0,3.3,319
海南州,2026-10-10T10:00,5.7,59,731.8,0.0,1.8,101
海南州,2026-10-10T11:00,7.3,50,732.3,0.0,5.7,118
海南州,2026-10-10T12:00,8.8,43,732.5,0.0,7.7,106
海南州,2026-10-10T13:00,10.3,33,732.1,0.0,8.8,99
海南州,2026-10-10T14:00,11.0,27,731.4,0.0,8.2,100
海南州,2026-10-10T15:00,11.8,23,730.5,0.0,9.2,107
海南州,2026-10-10T16:00,12.1,20,729.7,0.0,10.2,108
海南州,2026-10-10T17:00,11.9,19,728.9,0.0,9.2,96
海南州,2026-10-10T18:00,10.8,20,727.9,0.0,8.4,65
海南州,2026-10-10T19:00,8.1,24,725.7,0.0,7.2,28
海南州,2026-10-10T20:00,7.7,23,725.4,0.0,8.1,31
海南州,2026-10-10T21:00,6.3,28,724.5,0.0,11.0,21
海南州,2026-10-10T22:00,4.6,38,723.4,0.0,8.4,10
海南州,2026-10-10T23:00,3.6,45,723.0,0.0,6.0,357
海南州,2026-10-11T00:00,2.8,50,722.8,0.0,4.0,350
海南州,2026-10-11T01:00,2.2,53,721.9,0.0,5.8,351
海南州,2026-10-11T02:00,2.0,55,721.9,0.0,5.7,347
海南州,2026-10-11T03:00,1.4,58,721.3,0.0,4.9,356
海南州,2026-10-11T04:00,1.4,56,721.1,0.0,4.0,350
海南州,2026-10-11T05:00,1.3,53,721.0,0.0,3.2,360
海南州,2026-10-11T06:00,1.0,52,720.8,0.0,3.1,353
海南州,2026-10-11T07:00,0.7,53,720.7,0.0,2.9,353
海南州,2026-10-11T08:00,2.0,52,722.0,0.0,3.6,354
果洛,2026-10-10T09:00,-2.6,76,657.9,0.0,1.7,49
果洛,2026-10-10T10:00,0.7,57,659.9,0.0,3.4,90
果洛,2026-10-10T11:00,3.4,45,660.8,0.0,4.8,101
果洛,2026-10-10T12:00,5.5,40,661.3,0.0,5.2,110
果洛,2026-10-10T13:00,6.7,37,661.0,0.0,5.0,105
果洛,2026-10-10T14:00,8.2,33,661.0,0.0,5.3,156
果洛,2026-10-10T15:00,9.7,27,660.6,0.0,6.7,183
果洛,2026-10-10T16:00,9.7,28,660.0,0.0,7.8,188
果洛,2026-10-10T17:00,9.0,31,659.0,0.0,6.3,187
果洛,2026-10-10T18:00,8.2,34,658.2,0.0,4.8,155
果洛,2026-10-10T19:00,5.7,48,657.0,0.0,9.4,157
果洛,2026-10-10T20:00,3.7,65,656.2,0.0,6.9,150
果洛,2026-10-10T21:00,1.9,75,655.1,0.0,5.6,149
果洛,2026-10-10T22:00,1.1,79,654.9,0.0,4.0,150
果洛,2026-10-10T23:00,0.8,81,654.9,0.0,1.4,113
果洛,2026-10-11T00:00,0.2,85,654.4,0.0,1.9,73
果洛,2026-10-11T01:00,-0.1,87,653.9,0.0,2.1,59
果洛,2026-10-11T02:00,-0.0,89,653.9,0.0,1.5,69
果洛,2026-10-11T03:00,-0.1,90,653.5,0.0,1.8,79
果洛,2026-10-11T04:00,0.3,89,653.4,0.0,1.8,79
果洛,2026-10-11T05:00,0.2,90,653.1,0.0,2.9,83
果洛,2026-10-11T06:00,1.2,86,654.1,0.0,3.3,84
果洛,2026-10-11T07:00,1.5,86,654.5,0.0,2.7,122
果洛,2026-10-11T08:00,2.3,81,655.4,0.0,4.6,149
玉树,2026-10-10T09:00,0.6,67,662.1,0.1,0.8,27
玉树,2026-10-10T10:00,1.7,62,662.9,0.1,1.3,45
玉树,2026-10-10T11:00,2.8,60,663.3,0.0,0.9,53
玉树,2026-10-10T12:00,4.6,58,664.1,0.0,1.3,164
玉树,2026-10-10T13:00,6.8,54,664.3,0.0,2.7,208
玉树,2026-10-10T14:00,6.5,56,663.1,0.1,2.6,245
玉树,2026-10-10T15:00,7.3,56,662.4,0.1,3.9,257
玉树,2026-10-10T16:00,7.3,57,661.8,0.1,2.7,238
玉树,2026-10-10T17:00,7.5,54,661.1,0.0,1.7,252
玉树,2026-10-10T18:00,7.2,53,660.6,0.0,2.7,262
玉树,2026-10-10T19:00,5.1,68,659.6,0.0,1.1,261
玉树,2026-10-10T20:00,5.0,69,659.1,0.0,1.8,79
玉树,2026-10-10T21:00,3.1,82,658.5,0.2,0.5,225
玉树,2026-10-10T22:00,2.8,84,658.6,0.1,0.7,14
玉树,2026-10-10T23:00,2.0,85,658.3,0.0,0.6,34
玉树,2026-10-11T00:00,1.5,87,657.9,0.0,0.4,270
玉树,2026-10-11T01:00,0.5,91,657.3,0.0,1.0,202
玉树,2026-10-11T02:00,0.0,97,656.9,0.0,1.1,189
玉树,2026-10-11T03:00,-0.3,98,656.0,0.0,0.9,180
玉树,2026-10-11T04:00,-0.7,97,655.2,0.0,1.1,180
玉树,2026-10-11T05:00,-0.4,97,655.5,0.0,1.3,16
玉树,2026-10-11T06:00,-0.2,95,656.0,0.0,0.9,259
玉树,2026-10-11T07:00,-0.1,95,656.5,0.0,1.4,230
玉树,2026-10-11T08:00,0.3,94,657.5,0.0,3.8,211
海西,2026-10-10T09:00,2.7,51,716.8,0.0,8.8,39
海西,2026-10-10T10:00,5.7,35,719.1,0.0,5.9,117
海西,2026-10-10T11:00,7.5,27,719.9,0.0,5.9,117
海西,2026-10-10T12:00,9.0,21,720.1,0.0,6.0,119
海西,2026-10-10T13:00,10.1,19,720.0,0.0,4.7,148
海西,2026-10-10T14:00,10.3,19,719.2,0.0,2.9,210
海西,2026-10-10T15:00,11.1,19,718.7,0.0,1.4,247
海西,2026-10-10T16:00,11.4,18,717.8,0.0,0.9,349
海西,2026-10-10T17:00,11.3,17,717.0,0.0,0.4,27
海西,2026-10-10T18:00,10.8,18,716.3,0.0,0.9,90
海西,2026-10-10T19:00,7.5,27,713.7,0.0,4.7,9
海西,2026-10-10T20:00,6.2,31,712.7,0.0,8.1,25
海西,2026-10-10T21:00,4.4,34,711.2,0.0,8.9,24
海西,2026-10-10T22:00,2.9,37,709.7,0.0,10.6,26
海西,2026-10-10T23:00,1.6,41,708.8,0.0,7.8,26
海西,2026-10-11T00:00,1.5,41,709.2,0.0,7.6,27
海西,2026-10-11T01:00,3.1,37,710.7,0.0,6.9,31
海西,2026-10-11T02:00,3.2,37,710.7,0.0,5.9,27
海西,2026-10-11T03:00,3.2,36,710.2,0.0,6.1,34
海西,2026-10-11T04:00,2.4,40,708.7,0.0,6.2,33
海西,2026-10-11T05:00,2.0,43,708.2,0.0,5.5,27
海西,2026-10-11T06:00,2.3,44,709.5,0.0,2.4,17
海西,2026-10-11T07:00,2.9,42,710.9,0.0,1.0,31
海西,2026-10-11T08:00,3.0,43,712.3,0.0,4.6,101
银川,2026-10-10T09:00,10.3,74,899.1,0.0,4.3,208
银川,2026-10-10T10:00,13.4,58,899.9,0.0,3.6,229
银川,2026-10-10T11:00,15.9,48,900.1,0.0,3.9,227
银川,2026-10-10T12:00,18.1,39,899.8,0.0,5.0,226
银川,2026-10-10T13:00,19.8,33,899.0,0.0,4.1,247
银川,2026-10-10T14:00,21.3,26,898.1,0.0,3.9,242
银川,2026-10-10T15:00,22.1,23,897.4,0.0,3.6,233
银川,2026-10-10T16:00,22.3,22,896.5,0.0,3.7,223
银川,2026-10-10T17:00,21.9,22,896.1,0.0,2.6,219
银川,2026-10-10T18:00,20.1,34,895.8,0.0,0.8,27
银川,2026-10-10T19:00,17.6,32,895.4,0.0,5.3,55
银川,2026-10-10T20:00,16.7,35,895.7,0.0,5.2,61
银川,2026-10-10T21:00,15.3,41,895.3,0.0,3.9,47
银川,2026-10-10T22:00,14.4,44,894.8,0.0,4.2,25
银川,2026-10-10T23:00,13.3,50,894.8,0.0,2.5,45
银川,2026-10-11T00:00,12.5,51,894.5,0.0,3.3,61
银川,2026-10-11T01:00,12.2,51,894.5,0.0,4.8,70
银川,2026-10-11T02:00,11.3,55,894.6,0.0,6.1,93
银川,2026-10-11T03:00,10.5,55,894.3,0.0,5.4,98
银川,2026-10-11T04:00,9.6,61,893.3,0.0,3.6,110
银川,2026-10-11T05:00,9.1,66,893.1,0.0,3.3,131
银川,2026-10-11T06:00,8.4,72,893.1,0.0,2.8,130
银川,2026-10-11T07:00,7.8,76,893.2,0.0,2.2,138
银川,2026-10-11T08:00,9.0,72,894.2,0.0,2.4,138
石嘴山,2026-10-10T09:00,11.4,69,899.5,0.0,1.7,77
石嘴山,2026-10-10T10:00,13.1,61,899.7,0.0,2.0,185
石嘴山,2026-10-10T11:00,15.1,52,899.8,0.0,3.8,197
石嘴山,2026-10-10T12:00,17.1,43,899.6,0.0,5.5,203
石嘴山,2026-10-10T13:00,18.8,36,898.8,0.0,7.3,210
石嘴山,2026-10-10T14:00,20.2,27,898.1,0.0,7.3,228
石嘴山,2026-10-10T15:00,20.5,28,897.3,0.0,6.4,232
石嘴山,2026-10-10T16:00,20.7,28,896.4,0.0,4.7,247
石嘴山,2026-10-10T17:00,20.5,28,896.0,0.0,5.1,276
石嘴山,2026-10-10T18:00,19.1,36,895.6,0.0,3.2,286
石嘴山,2026-10-10T19:00,17.3,41,895.3,0.0,1.0,315
石嘴山,2026-10-10T20:00,16.6,43,895.7,0.0,0.7,360
石嘴山,2026-10-10T21:00,15.3,46,895.3,0.0,3.1,24
石嘴山,2026-10-10T22:00,14.0,51,895.2,0.0,5.5,41
石嘴山,2026-10-10T23:00,13.2,55,895.2,0.0,5.1,39
石嘴山,2026-10-11T00:00,12.9,55,895.1,0.0,5.3,24
石嘴山,2026-10-11T01:00,13.1,54,895.1,0.0,2.2,14
石嘴山,2026-10-11T02:00,11.9,63,894.8,0.0,3.0,38
石嘴山,2026-10-11T03:00,10.9,68,894.4,0.0,2.7,42
石嘴山,2026-10-11T04:00,10.0,74,893.7,0.0,3.0,57
石嘴山,2026-10-11T05:00,9.6,77,893.7,0.0,2.0,27
石嘴山,2026-10-11T06:00,9.4,77,893.8,0.0,2.7,32
石嘴山,2026-10-11T07:00,9.4,76,894.1,0.0,2.6,34
石嘴山,2026-10-11T08:00,10.9,70,895.0,0.0,3.6,41
吴忠,2026-10-10T09:00,11.5,65,897.3,0.0,2.0,153
吴忠,2026-10-10T10:00,14.9,51,897.8,0.0,3.1,170
吴忠,2026-10-10T11:00,17.8,40,898.1,0.0,4.0,170
吴忠,2026-10-10T12:00,20.0,32,897.8,0.0,4.1,167
吴忠,2026-10-10T13:00,21.5,26,897.0,0.0,3.9,156
吴忠,2026-10-10T14:00,22.3,23,896.1,0.0,5.3,142
吴忠,2026-10-10T15:00,22.8,22,895.3,0.0,6.6,135
吴忠,2026-10-10T16:00,22.7,21,894.5,0.0,7.7,131
吴忠,2026-10-10T17:00,22.1,22,893.9,0.0,7.8,128
吴忠,2026-10-10T18:00,20.2,25,893.5,0.0,5.2,119
吴忠,2026-10-10T19:00,17.7,32,892.7,0.0,5.6,86
吴忠,2026-10-10T20:00,16.2,38,892.7,0.0,9.0,78
吴忠,2026-10-10T21:00,14.8,41,892.3,0.0,8.5,94
吴忠,2026-10-10T22:00,13.7,41,891.9,0.0,6.7,106
吴忠,2026-10-10T23:00,12.9,44,892.4,0.0,6.0,117
吴忠,2026-10-11T00:00,12.5,46,892.5,0.0,4.8,101
吴忠,2026-10-11T01:00,12.1,50,892.2,0.0,2.7,110
吴忠,2026-10-11T02:00,11.1,54,892.2,0.0,2.7,127
吴忠,2026-10-11T03:00,10.1,58,891.6,0.0,2.8,165
吴忠,2026-10-11T04:00,9.1,64,890.8,0.0,3.1,201
吴忠,2026-10-11T05:00,8.5,68,890.7,0.0,2.4,207
吴忠,2026-10-11T06:00,8.1,70,890.9,0.0,2.8,191
吴忠,2026-10-11T07:00,7.9,73,891.2,0.0,1.3,225
吴忠,2026-10-11T08:00,9.5,65,892.5,0.0,2.9,180
固原,2026-10-10T09:00,10.9,56,830.5,0.0,5.5,216
固原,2026-10-10T10:00,13.3,42,831.6,0.0,1.5,240
固原,2026-10-10T11:00,15.2,33,832.0,0.0,3.4,96
固原,2026-10-10T12:00,16.5,30,831.7,0.0,6.4,112
固原,2026-10-10T13:00,17.4,28,831.0,0.0,7.2,109
固原,2026-10-10T14:00,17.7,27,830.3,0.0,7.2,117
固原,2026-10-10T15:00,17.9,28,829.6,0.0,8.8,116
固原,2026-10-10T16:00,17.6,29,828.9,0.0,12.1,113
固原,2026-10-10T17:00,16.4,31,828.1,0.0,16.6,114
固原,2026-10-10T18:00,13.9,38,827.4,0.0,14.7,115
固原,2026-10-10T19:00,11.2,49,826.5,0.0,11.3,136
固原,2026-10-10T20:00,10.6,57,826.7,0.0,7.6,155
固原,2026-10-10T21:00,9.8,62,826.3,0.0,6.6,169
固原,2026-10-10T22:00,8.6,66,825.6,0.0,6.3,187
固原,2026-10-10T23:00,7.7,66,825.1,0.0,5.9,198
固原,2026-10-11T00:00,7.1,68,824.7,0.0,5.4,210
固原,2026-10-11T01:00,6.1,75,823.7,0.0,3.8,221
固原,2026-10-11T02:00,5.7,82,823.8,0.0,4.2,220
固原,2026-10-11T03:00,5.3,83,823.5,0.0,4.4,218
固原,2026-10-11T04:00,5.2,84,822.9,0.0,4.8,214
固原,2026-10-11T05:00,5.0,85,822.8,0.0,4.4,215
固原,2026-10-11T06:00,4.8,86,822.9,0.0,3.1,211
固原,2026-10-11T07:00,4.8,87,822.9,0.0,3.6,200
固原,2026-10-11T08:00,7.5,81,824.9,0.0,4.9,186
中卫,2026-10-10T09:00,9.8,73,886.2,0.0,6.1,30
中卫,2026-10-10T10:00,13.3,54,887.1,0.0,8.1,47
中卫,2026-10-10T11:00,16.9,38,887.5,0.0,9.9,61
中卫,2026-10-10T12:00,19.7,31,887.1,0.0,11.1,73
中卫,2026-10-10T13:00,21.7,27,886.3,0.0,7.3,100
中卫,2026-10-10T14:00,23.1,17,885.5,0.0,8.7,184
中卫,2026-10-10T15:00,23.7,15,884.6,0.0,10.8,191
中卫,2026-10-10T16:00,23.6,16,883.7,0.0,9.2,184
中卫,2026-10-10T17:00,23.0,17,883.1,0.0,8.7,176
中卫,2026-10-10T18:00,20.6,28,882.4,0.0,2.3,151
中卫,2026-10-10T19:00,18.0,29,881.7,0.0,2.4,103
中卫,2026-10-10T20:00,16.3,32,882.0,0.0,7.5,107
中卫,2026-10-10T21:00,14.1,39,881.4,0.0,7.9,117
中卫,2026-10-10T22:00,12.8,44,881.2,0.0,6.8,112
中卫,2026-10-10T23:00,12.0,49,881.2,0.0,6.3,108
中卫,2026-10-11T00:00,11.4,53,881.1,0.0,2.2,145
中卫,2026-10-11T01:00,10.6,56,880.7,0.0,0.3,225
中卫,2026-10-11T02:00,9.9,60,880.8,0.0,1.7,32
中卫,2026-10-11T03:00,8.8,64,880.4,0.0,4.3,73
中卫,2026-10-11T04:00,8.6,65,879.8,0.0,3.0,107
中卫,2026-10-11T05:00,8.4,65,879.9,0.0,2.2,125
中卫,2026-10-11T06:00,8.0,69,880.2,0.0,1.8,101
中卫,2026-10-11T07:00,7.5,73,880.3,0.0,1.8,90
中卫,2026-10-11T08:00,8.9,71,881.4,0.0,2.3,108
乌鲁木齐,2026-10-10T09:00,9.7,59,926.3,0.0,6.0,185
乌鲁木齐,2026-10-10T10:00,12.7,51,927.4,0.0,2.2,166
乌鲁木齐,2026-10-10T11:00,14.8,38,928.0,0.0,2.7,37
乌鲁木齐,2026-10-10T12:00,15.8,36,927.8,0.0,4.8,29
乌鲁木齐,2026-10-10T13:00,16.9,33,927.6,0.0,6.4,29
乌鲁木齐,2026-10-10T14:00,18.1,30,927.4,0.0,10.0,21
乌鲁木齐,2026-10-10T15:00,18.6,29,926.9,0.0,11.2,21
乌鲁木齐,2026-10-10T16:00,18.7,29,926.6,0.0,10.8,18
乌鲁木齐,2026-10-10T17:00,18.6,29,926.4,0.0,10.1,4
乌鲁木齐,2026-10-10T18:00,18.1,30,926.7,0.0,9.7,1
乌鲁木齐,2026-10-10T19:00,17.4,31,927.3,0.0,7.6,5
乌鲁木齐,2026-10-10T20:00,16.1,39,927.4,0.0,2.4,306
乌鲁木齐,2026-10-10T21:00,15.2,37,927.9,0.0,3.9,344
乌鲁木齐,2026-10-10T22:00,14.0,41,928.1,0.0,4.4,35
乌鲁木齐,2026-10-10T23:00,13.4,45,928.4,0.0,3.2,19
乌鲁木齐,2026-10-11T00:00,12.5,46,928.7,0.0,5.1,342
乌鲁木齐,2026-10-11T01:00,11.3,51,928.7,0.0,6.5,293
乌鲁木齐,2026-10-11T02:00,10.2,57,928.8,0.0,7.4,284
乌鲁木齐,2026-10-11T03:00,9.2,61,928.5,0.0,3.6,279
乌鲁木齐,2026-10-11T04:00,8.7,64,928.5,0.0,2.7,270
乌鲁木齐,2026-10-11T05:00,8.6,65,928.2,0.0,3.6,240
乌鲁木齐,2026-10-11T06:00,8.3,67,928.1,0.0,4.0,234
乌鲁木齐,2026-10-11T07:00,7.8,69,928.3,0.0,3.7,231
乌鲁木齐,2026-10-11T08:00,7.4,71,928.3,0.0,4.2,220
克拉玛依,2026-10-10T09:00,12.8,58,980.6,0.0,3.4,96
克拉玛依,2026-10-10T10:00,13.5,56,981.2,0.0,5.3,78
克拉玛依,2026-10-10T11:00,14.6,51,981.5,0.0,7.7,87
克拉玛依,2026-10-10T12:00,14.8,49,981.4,0.0,6.9,96
克拉玛依,2026-10-10T13:00,17.3,41,981.1,0.0,7.3,150
克拉玛依,2026-10-10T14:00,19.1,35,980.9,0.0,9.9,181
克拉玛依,2026-10-10T15:00,19.6,34,980.3,0.1,9.8,174
克拉玛依,2026-10-10T16:00,19.8,34,979.8,0.2,11.2,178
克拉玛依,2026-10-10T17:00,20.0,34,979.6,0.1,7.5,191
克拉玛依,2026-10-10T18:00,19.8,34,979.8,0.0,1.9,343
克拉玛依,2026-10-10T19:00,19.4,36,980.3,0.0,7.0,350
克拉玛依,2026-10-10T20:00,18.1,42,981.1,0.0,7.9,340
克拉玛依,2026-10-10T21:00,16.9,47,982.1,0.0,7.9,12
克拉玛依,2026-10-10T22:00,13.6,55,983.2,0.0,23.9,75
克拉玛依,2026-10-10T23:00,10.9,61,984.2,0.0,18.2,42
克拉玛依,2026-10-11T00:00,10.5,61,984.6,0.0,13.3,35
克拉玛依,2026-10-11T01:00,10.1,61,984.9,0.0,12.5,49
克拉玛依,2026-10-11T02:00,9.2,65,985.1,0.0,8.5,48
克拉玛依,2026-10-11T03:00,8.7,66,985.3,0.0,8.4,25
克拉玛依,2026-10-11T04:00,8.5,65,985.2,0.0,8.5,12
克拉玛依,2026-10-11T05:00,8.3,62,985.2,0.0,9.4,11
克拉玛依,2026-10-11T06:00,8.2,59,985.3,0.0,9.7,27
克拉玛依,2026-10-11T07:00,8.1,60,985.5,0.0,8.5,24
克拉玛依,2026-10-11T08:00,8.0,59,985.7,0.0,8.3,22
吐鲁番,2026-10-10T09:00,17.1,52,1015.0,0.0,3.8,93
吐鲁番,2026-10-10T10:00,19.8,44,1015.5,0.0,6.5,134
吐鲁番,2026-10-10T11:00,22.0,38,1015.8,0.0,8.5,126
吐鲁番,2026-10-10T12:00,23.8,33,1015.6,0.0,9.7,124
吐鲁番,2026-10-10T13:00,25.4,29,1015.1,0.0,8.6,131
吐鲁番,2026-10-10T14:00,26.8,24,1014.1,0.0,3.9,127
吐鲁番,2026-10-10T15:00,27.8,22,1013.0,0.0,4.0,122
吐鲁番,2026-10-10T16:00,28.1,21,1012.2,0.0,3.6,153
吐鲁番,2026-10-10T17:00,28.1,21,1011.7,0.0,5.1,172
吐鲁番,2026-10-10T18:00,27.5,21,1011.6,0.0,6.7,177
吐鲁番,2026-10-10T19:00,25.8,24,1012.1,0.0,4.6,167
吐鲁番,2026-10-10T20:00,24.4,27,1012.4,0.0,2.4,138
吐鲁番,2026-10-10T21:00,23.9,28,1013.0,0.0,0.8,315
吐鲁番,2026-10-10T22:00,22.7,30,1013.3,0.0,2.4,351
吐鲁番,2026-10-10T23:00,21.6,34,1013.7,0.0,2.5,352
吐鲁番,2026-10-11T00:00,20.8,36,1013.9,0.0,1.9,34
吐鲁番,2026-10-11T01:00,19.3,40,1014.1,0.0,3.0,33
吐鲁番,2026-10-11T02:00,18.0,43,1014.4,0.0,2.7,20
吐鲁番,2026-10-11T03:00,17.6,41,1014.4,0.0,6.0,37
吐鲁番,2026-10-11T04:00,18.0,38,1014.7,0.0,13.3,57
吐鲁番,2026-10-11T05:00,18.5,38,1014.9,0.0,11.8,70
吐鲁番,2026-10-11T06:00,18.3,37,1015.5,0.0,10.0,70
吐鲁番,2026-10-11T07:00,18.3,37,1016.2,0.0,10.3,65
吐鲁番,2026-10-11T08:00,18.5,37,1016.7,0.0,11.5,60
哈密,2026-10-10T09:00,11.9,45,931.9,0.0,8.8,131
哈密,2026-10-10T10:00,15.0,41,933.3,0.0,7.0,130
哈密,2026-10-10T11:00,17.9,38,934.4,0.0,8.3,134
哈密,2026-10-10T12:00,19.7,34,934.4,0.0,6.8,143
哈密,2026-10-10T13:00,20.0,33,934.0,0.0,6.1,161
哈密,2026-10-10T14:00,21.2,28,933.4,0.0,6.7,218
哈密,2026-10-10T15:00,21.3,27,932.7,0.0,6.3,250
哈密,2026-10-10T16:00,21.3,25,931.9,0.0,6.0,254
哈密,2026-10-10T17:00,21.5,23,931.4,0.0,5.3,260
哈密,2026-10-10T18:00,20.9,23,931.1,0.0,7.1,243
哈密,2026-10-10T19:00,18.5,29,930.9,0.0,6.2,244
哈密,2026-10-10T20:00,16.0,45,930.8,0.0,5.6,209
哈密,2026-10-10T21:00,15.4,48,930.8,0.0,2.8,259
哈密,2026-10-10T22:00,15.0,48,931.1,0.0,2.2,294
哈密,2026-10-10T23:00,14.4,48,931.4,0.0,0.8,27
哈密,2026-10-11T00:00,13.2,47,931.4,0.0,3.3,49
哈密,2026-10-11T01:00,12.5,47,931.3,0.0,4.8,68
哈密,2026-10-11T02:00,12.3,44,931.6,0.0,7.4,51
哈密,2026-10-11T03:00,13.0,35,931.8,0.0,11.8,51
哈密,2026-10-11T04:00,12.8,35,931.9,0.0,10.4,53
哈密,2026-10-11T05:00,11.7,38,932.4,0.0,12.1,101
哈密,2026-10-11T06:00,10.8,45,932.7,0.0,6.9,75
哈密,2026-10-11T07:00,10.4,47,933.1,0.0,7.4,96
哈密,2026-10-11T08:00,9.8,47,933.4,0.0,8.2,81
昌吉,2026-10-10T09:00,9.8,60,954.8,0.0,7.5,224
昌吉,2026-10-10T10:00,13.2,49,955.8,0.0,3.2,223
昌吉,2026-10-10T11:00,16.1,39,956.5,0.0,3.3,45
昌吉,2026-10-10T12:00,17.9,34,956.3,0.0,4.6,59
昌吉,2026-10-10T13:00,19.1,31,956.0,0.0,6.6,69
昌吉,2026-10-10T14:00,20.1,28,955.7,0.0,9.7,55
昌吉,2026-10-10T15:00,20.5,27,955.1,0.0,10.2,45
昌吉,2026-10-10T16:00,20.7,26,954.8,0.0,9.7,40
昌吉,2026-10-10T17:00,20.6,26,954.7,0.0,10.2,31
昌吉,2026-10-10T18:00,19.9,28,954.8,0.0,11.0,25
昌吉,2026-10-10T19:00,18.7,31,955.4,0.0,8.0,28
昌吉,2026-10-10T20:00,16.4,37,955.5,0.0,6.0,16
昌吉,2026-10-10T21:00,15.0,41,955.9,0.0,6.1,24
昌吉,2026-10-10T22:00,14.0,45,956.2,0.0,6.0,41
昌吉,2026-10-10T23:00,13.5,46,957.0,0.0,7.5,42
昌吉,2026-10-11T00:00,11.9,53,957.6,0.0,5.3,62
昌吉,2026-10-11T01:00,10.8,60,957.8,0.0,2.5,21
昌吉,2026-10-11T02:00,9.8,64,957.9,0.0,4.3,358
昌吉,2026-10-11T03:00,8.9,68,957.5,0.0,5.9,23
昌吉,2026-10-11T04:00,8.2,71,957.5,0.0,4.8,34
昌吉,2026-10-11T05:00,7.9,73,957.2,0.0,3.3,36
昌吉,2026-10-11T06:00,7.4,73,957.3,0.0,4.2,31
昌吉,2026-10-11T07:00,6.8,70,957.4,0.0,4.2,20
昌吉,2026-10-11T08:00,6.3,68,957.6,0.0,2.7,4
博尔塔拉,2026-10-10T09:00,8.2,69,961.6,0.0,13.0,281
博尔塔拉,2026-10-10T10:00,10.8,57,962.5,0.0,12.0,292
博尔塔拉,2026-10-10T11:00,14.3,43,963.3,0.0,6.9,315
博尔塔拉,2026-10-10T12:00,16.6,35,963.5,0.0,5.4,6
博尔塔拉,2026-10-10T13:00,18.2,33,963.4,0.0,6.7,63
博尔塔拉,2026-10-10T14:00,19.4,30,963.2,0.0,8.3,104
博尔塔拉,2026-10-10T15:00,20.0,29,962.5,0.0,10.4,105
博尔塔拉,2026-10-10T16:00,20.2,28,961.9,0.0,11.2,100
博尔塔拉,2026-10-10T17:00,20.1,28,961.6,0.0,11.4,102
博尔塔拉,2026-10-10T18:00,19.8,30,961.6,0.0,13.0,114
博尔塔拉,2026-10-10T19:00,18.8,34,961.8,0.0,15.7,126
博尔塔拉,2026-10-10T20:00,16.9,44,961.9,0.0,15.0,136
博尔塔拉,2026-10-10T21:00,15.8,50,962.6,0.0,7.8,148
博尔塔拉,2026-10-10T22:00,14.4,54,962.8,0.0,4.6,193
博尔塔拉,2026-10-10T23:00,13.8,54,963.2,0.0,2.3,238
博尔塔拉,2026-10-11T00:00,12.5,59,963.6,0.0,0.3,315
博尔塔拉,2026-10-11T01:00,11.1,64,963.7,0.0,2.9,313
博尔塔拉,2026-10-11T02:00,10.2,71,963.6,0.0,6.6,343
博尔塔拉,2026-10-11T03:00,10.0,70,963.8,0.0,6.1,315
博尔塔拉,2026-10-11T04:00,9.7,72,964.5,0.0,6.5,32
博尔塔拉,2026-10-11T05:00,9.5,70,965.4,0.0,7.9,63
博尔塔拉,2026-10-11T06:00,8.7,73,965.5,0.0,4.8,11
博尔塔拉,2026-10-11T07:00,8.0,76,965.7,0.0,3.5,9
博尔塔拉,2026-10-11T08:00,7.4,80,965.9,0.0,2.4,351
巴音郭楞,2026-10-10T09:00,12.5,47,912.5,0.0,1.9,41
巴音郭楞,2026-10-10T10:00,15.1,42,914.0,0.0,1.5,7
巴音郭楞,2026-10-10T11:00,17.1,33,914.8,0.0,0.9,281
巴音郭楞,2026-10-10T12:00,18.9,30,915.2,0.0,1.3,188
巴音郭楞,2026-10-10T13:00,20.3,26,915.1,0.0,2.3,180
巴音郭楞,2026-10-10T14:00,21.5,24,914.6,0.0,6.5,214
巴音郭楞,2026-10-10T15:00,22.2,23,913.8,0.0,11.4,231
巴音郭楞,2026-10-10T16:00,22.3,22,913.2,0.0,12.8,248
巴音郭楞,2026-10-10T17:00,22.2,23,912.7,0.0,12.5,258
巴音郭楞,2026-10-10T18:00,21.7,25,912.4,0.0,11.8,258
巴音郭楞,2026-10-10T19:00,20.5,28,912.3,0.0,8.6,259
巴音郭楞,2026-10-10T20:00,18.3,37,911.6,0.0,4.4,258
巴音郭楞,2026-10-10T21:00,17.5,38,911.9,0.0,3.8,289
巴音郭楞,2026-10-10T22:00,16.8,38,912.0,0.0,4.0,309
巴音郭楞,2026-10-10T23:00,16.3,38,912.1,0.0,3.5,305
巴音郭楞,2026-10-11T00:00,15.8,39,912.1,0.0,0.8,333
巴音郭楞,2026-10-11T01:00,14.6,41,912.3,0.0,2.2,55
巴音郭楞,2026-10-11T02:00,13.8,44,912.3,0.0,4.3,66
巴音郭楞,2026-10-11T03:00,12.9,43,912.0,0.0,5.1,54
巴音郭楞,2026-10-11T04:00,13.2,38,912.4,0.0,7.5,40
巴音郭楞,2026-10-11T05:00,13.8,37,912.5,0.0,9.9,35
巴音郭楞,2026-10-11T06:00,13.5,39,913.0,0.0,12.2,33
巴音郭楞,2026-10-11T07:00,13.5,42,913.5,0.0,12.9,37
巴音郭楞,2026-10-11T08:00,13.9,45,913.9,0.0,13.8,42
阿克苏,2026-10-10T09:00,9.6,83,894.5,0.0,7.3,324
阿克苏,2026-10-10T10:00,11.4,76,895.1,0.0,9.3,304
阿克苏,2026-10-10T11:00,14.3,65,896.5,0.0,8.9,302
阿克苏,2026-10-10T12:00,16.8,54,897.2,0.0,10.6,296
阿克苏,2026-10-10T13:00,18.8,45,897.4,0.0,6.2,285
阿克苏,2026-10-10T14:00,20.3,39,897.2,0.0,3.7,241
阿克苏,2026-10-10T15:00,21.2,37,896.5,0.0,3.8,205
阿克苏,2026-10-10T16:00,21.5,36,895.8,0.0,3.8,197
阿克苏,2026-10-10T17:00,21.7,35,895.2,0.0,3.3,174
阿克苏,2026-10-10T18:00,21.5,35,894.9,0.0,3.1,144
阿克苏,2026-10-10T19:00,20.9,39,894.7,0.0,3.6,120
阿克苏,2026-10-10T20:00,18.2,50,893.6,0.0,4.0,87
阿克苏,2026-10-10T21:00,16.6,56,893.7,0.0,4.6,72
阿克苏,2026-10-10T22:00,15.2,62,893.6,0.0,4.9,54
阿克苏,2026-10-10T23:00,14.1,65,893.6,0.0,3.5,62
阿克苏,2026-10-11T00:00,13.6,67,893.8,0.0,2.4,73
阿克苏,2026-10-11T01:00,13.1,68,893.8,0.0,2.3,51
阿克苏,2026-10-11T02:00,12.9,72,894.1,0.0,3.3,351
阿克苏,2026-10-11T03:00,11.9,78,893.8,0.0,2.2,312
阿克苏,2026-10-11T04:00,11.3,82,894.2,0.0,6.5,294
阿克苏,2026-10-11T05:00,11.3,79,894.7,0.1,10.6,296
阿克苏,2026-10-11T06:00,10.7,85,893.9,0.2,5.6,299
阿克苏,2026-10-11T07:00,10.3,86,894.0,0.0,7.4,292
阿克苏,2026-10-11T08:00,10.0,86,894.0,0.0,7.3,308
克孜勒苏,2026-10-10T09:00,12.1,61,873.9,0.1,12.8,294
克孜勒苏,2026-10-10T10:00,12.4,58,874.1,0.1,12.7,305
克孜勒苏,2026-10-10T11:00,14.6,48,875.3,0.1,6.3,305
克孜勒苏,2026-10-10T12:00,17.0,41,876.2,0.1,2.7,242
克孜勒苏,2026-10-10T13:00,18.8,36,876.6,0.0,3.7,169
克孜勒苏,2026-10-10T14:00,19.9,33,876.5,0.0,8.4,155
克孜勒苏,2026-10-10T15:00,20.8,30,876.0,0.0,9.2,135
克孜勒苏,2026-10-10T16:00,20.5,31,875.1,0.0,9.2,113
克孜勒苏,2026-10-10T17:00,20.7,30,874.3,0.0,7.8,103
克孜勒苏,2026-10-10T18:00,20.5,31,874.1,0.0,8.7,97
克孜勒苏,2026-10-10T19:00,20.0,31,874.0,0.0,9.0,93
克孜勒苏,2026-10-10T20:00,19.5,35,873.6,0.0,8.0,72
克孜勒苏,2026-10-10T21:00,17.6,41,873.6,0.0,6.7,52
克孜勒苏,2026-10-10T22:00,16.3,47,873.6,0.0,3.8,8
克孜勒苏,2026-10-10T23:00,16.1,46,874.0,0.0,6.0,333
克孜勒苏,2026-10-11T00:00,15.2,51,874.0,0.0,7.3,310
克孜勒苏,2026-10-11T01:00,14.1,59,873.4,0.0,8.1,309
克孜勒苏,2026-10-11T02:00,13.6,64,873.3,0.0,7.0,316
克孜勒苏,2026-10-11T03:00,12.7,66,872.7,0.0,8.6,306
克孜勒苏,2026-10-11T04:00,12.4,64,872.7,0.0,10.0,308
克孜勒苏,2026-10-11T05:00,12.1,62,872.4,0.0,9.9,308
克孜勒苏,2026-10-11T06:00,11.7,59,872.3,0.0,9.2,309
克孜勒苏,2026-10-11T07:00,11.4,59,872.4,0.0,8.3,312
克孜勒苏,2026-10-11T08:00,11.3,58,872.5,0.0,8.7,313
喀什,2026-10-10T09:00,13.5,76,876.1,0.0,8.7,292
喀什,2026-10-10T10:00,14.6,63,876.6,0.0,6.7,270
喀什,2026-10-10T11:00,16.2,52,877.6,0.0,3.9,233
喀什,2026-10-10T12:00,18.3,41,878.1,0.0,5.1,216
喀什,2026-10-10T13:00,20.3,31,878.3,0.0,3.8,197
喀什,2026-10-10T14:00,21.0,28,878.2,0.0,7.5,134
喀什,2026-10-10T15:00,21.5,28,877.5,0.0,8.1,129
喀什,2026-10-10T16:00,21.9,27,876.8,0.0,7.7,123
喀什,2026-10-10T17:00,22.1,27,875.9,0.0,7.8,109
喀什,2026-10-10T18:00,21.8,26,875.6,0.0,9.1,100
喀什,2026-10-10T19:00,20.9,27,875.5,0.0,7.7,102
喀什,2026-10-10T20:00,20.8,27,875.3,0.0,9.0,93
喀什,2026-10-10T21:00,19.2,29,875.4,0.0,7.9,94
喀什,2026-10-10T22:00,18.5,31,875.6,0.0,7.1,84
喀什,2026-10-10T23:00,17.4,35,875.8,0.0,5.5,49
喀什,2026-10-11T00:00,17.4,39,876.3,0.0,7.8,22
喀什,2026-10-11T01:00,16.5,40,875.8,0.0,5.4,6
喀什,2026-10-11T02:00,15.5,49,875.5,0.0,5.2,335
喀什,2026-10-11T03:00,14.3,55,874.8,0.0,5.3,348
喀什,2026-10-11T04:00,13.9,56,874.7,0.0,5.6,343
喀什,2026-10-11T05:00,13.4,58,874.5,0.0,4.0,324
喀什,2026-10-11T06:00,12.8,62,874.2,0.0,3.3,315
喀什,2026-10-11T07:00,12.1,64,874.1,0.0,3.8,301
喀什,2026-10-11T08:00,11.9,65,874.3,0.0,2.7,307
和田,2026-10-10T09:00,9.6,63,864.4,0.0,7.6,211
和田,2026-10-10T10:00,13.5,48,867.0,0.0,9.2,227
和田,2026-10-10T11:00,17.6,35,869.5,0.0,8.3,270
和田,2026-10-10T12:00,19.3,32,870.1,0.0,19.4,288
和田,2026-10-10T13:00,19.9,32,870.1,0.0,20.5,297
和田,2026-10-10T14:00,21.3,28,870.0,0.0,19.2,302
和田,2026-10-10T15:00,21.8,26,869.3,0.0,17.5,310
和田,2026-10-10T16:00,22.1,25,868.6,0.0,15.5,314
和田,2026-10-10T17:00,22.0,25,867.9,0.0,11.8,313
和田,2026-10-10T18:00,22.0,24,867.9,0.0,6.8,302
和田,2026-10-10T19:00,21.4,25,867.6,0.0,6.5,265
和田,2026-10-10T20:00,20.5,28,866.5,0.0,0.9,37
和田,2026-10-10T21:00,18.9,28,866.7,0.0,6.8,338
和田,2026-10-10T22:00,17.9,32,866.9,0.0,5.1,312
和田,2026-10-10T23:00,16.6,37,866.8,0.0,9.9,258
和田,2026-10-11T00:00,16.2,44,867.3,0.0,15.4,247
和田,2026-10-11T01:00,15.2,51,867.1,0.0,15.3,240
和田,2026-10-11T02:00,15.4,53,867.5,0.0,15.4,237
和田,2026-10-11T03:00,14.2,57,866.6,0.0,12.1,224
和田,2026-10-11T04:00,12.9,63,866.0,0.0,10.0,208
和田,2026-10-11T05:00,11.5,69,865.3,0.0,7.2,177
和田,2026-10-11T06:00,10.2,74,865.2,0.0,4.9,186
和田,2026-10-11T07:00,10.0,73,865.3,0.0,7.5,204
和田,2026-10-11T08:00,10.0,72,865.5,0.0,11.4,206
伊犁,2026-10-10T09:00,8.8,63,947.4,0.0,6.4,72
伊犁,2026-10-10T10:00,10.5,58,948.0,0.0,7.0,93
伊犁,2026-10-10T11:00,13.3,50,948.6,0.0,2.5,135
伊犁,2026-10-10T12:00,16.3,41,949.0,0.0,1.3,180
伊犁,2026-10-10T13:00,18.8,34,949.0,0.0,4.1,165
伊犁,2026-10-10T14:00,20.6,29,948.7,0.0,3.2,183
伊犁,2026-10-10T15:00,21.6,26,948.1,0.0,3.7,231
伊犁,2026-10-10T16:00,21.9,25,947.6,0.0,5.6,248
伊犁,2026-10-10T17:00,22.0,25,947.0,0.0,5.8,256
伊犁,2026-10-10T18:00,21.8,26,946.9,0.0,6.5,246
伊犁,2026-10-10T19:00,20.8,32,946.8,0.0,5.1,238
伊犁,2026-10-10T20:00,18.3,42,946.4,0.0,3.4,254
伊犁,2026-10-10T21:00,16.9,45,946.7,0.0,3.0,327
伊犁,2026-10-10T22:00,14.4,55,946.5,0.0,3.8,5
伊犁,2026-10-10T23:00,12.9,65,946.4,0.0,1.9,34
伊犁,2026-10-11T00:00,12.4,62,946.4,0.0,4.8,42
伊犁,2026-10-11T01:00,12.4,57,946.5,0.0,6.4,52
伊犁,2026-10-11T02:00,11.4,60,946.4,0.0,7.5,48
伊犁,2026-10-11T03:00,10.5,62,946.1,0.0,6.5,66
伊犁,2026-10-11T04:00,9.5,67,945.8,0.0,5.3,72
伊犁,2026-10-11T05:00,9.0,68,945.5,0.0,5.1,63
伊犁,2026-10-11T06:00,8.5,69,945.2,0.0,5.3,66
伊犁,2026-10-11T07:00,8.2,70,945.0,0.0,4.5,67
伊犁,2026-10-11T08:00,8.0,68,944.8,0.0,5.5,58
塔城,2026-10-10T09:00,6.5,94,958.7,0.2,6.3,18
塔城,2026-10-10T10:00,8.1,90,959.1,0.0,5.2,44
塔城,2026-10-10T11:00,9.8,88,959.7,0.2,1.6,117
塔城,2026-10-10T12:00,10.7,78,959.9,0.1,2.3,180
塔城,2026-10-10T13:00,12.2,69,959.8,0.0,4.0,170
塔城,2026-10-10T14:00,14.0,58,959.9,0.0,8.1,252
塔城,2026-10-10T15:00,14.8,51,959.4,0.1,13.3,272
塔城,2026-10-10T16:00,16.0,42,959.1,0.0,12.8,265
塔城,2026-10-10T17:00,16.3,34,958.9,0.0,16.0,262
塔城,2026-10-10T18:00,15.8,32,959.0,0.0,13.3,262
塔城,2026-10-10T19:00,14.5,37,959.4,0.0,8.1,273
塔城,2026-10-10T20:00,10.9,49,959.1,0.0,2.0,243
塔城,2026-10-10T21:00,8.4,61,960.3,0.0,5.9,79
塔城,2026-10-10T22:00,7.1,71,960.8,0.0,3.4,25
塔城,2026-10-10T23:00,5.9,75,960.7,0.0,4.2,25
塔城,2026-10-11T00:00,5.6,77,960.9,0.0,6.3,37
塔城,2026-10-11T01:00,5.5,71,960.9,0.0,8.9,27
塔城,2026-10-11T02:00,4.6,68,960.4,0.0,10.5,13
塔城,2026-10-11T03:00,4.2,64,959.7,0.0,12.2,13
塔城,2026-10-11T04:00,3.9,63,959.1,0.0,11.4,11
塔城,2026-10-11T05:00,3.5,66,958.7,0.0,11.1,17
塔城,2026-10-11T06:00,3.5,66,958.6,0.0,9.6,14
塔城,2026-10-11T07:00,3.5,64,958.6,0.0,9.1,15
塔城,2026-10-11T08:00,3.2,64,958.6,0.0,6.2,10
阿勒泰,2026-10-10T09:00,4.2,82,919.6,0.0,1.9,22
阿勒泰,2026-10-10T10:00,4.6,87,920.8,0.4,5.8,7
阿勒泰,2026-10-10T11:00,4.5,86,921.0,1.4,4.0,30
阿勒泰,2026-10-10T12:00,5.4,80,921.2,0.3,3.2,177
阿勒泰,2026-10-10T13:00,5.0,83,921.4,0.4,4.1,209
阿勒泰,2026-10-10T14:00,5.7,78,921.6,0.1,4.6,239
阿勒泰,2026-10-10T15:00,5.6,80,921.2,0.1,5.8,214
阿勒泰,2026-10-10T16:00,5.2,89,921.1,0.3,6.1,238
阿勒泰,2026-10-10T17:00,5.7,82,920.8,0.2,5.7,226
阿勒泰,2026-10-10T18:00,6.0,77,920.9,0.1,7.8,248
阿勒泰,2026-10-10T19:00,5.8,74,921.1,0.1,4.6,252
阿勒泰,2026-10-10T20:00,3.7,70,920.4,0.0,8.4,293
阿勒泰,2026-10-10T21:00,2.6,74,920.7,0.0,6.6,317
阿勒泰,2026-10-10T22:00,0.9,74,920.4,0.0,3.5,12
阿勒泰,2026-10-10T23:00,-0.4,69,920.5,0.0,4.6,39
阿勒泰,2026-10-11T00:00,-1.3,64,920.8,0.0,7.6,34
阿勒泰,2026-10-11T01:00,-1.9,57,920.7,0.0,7.3,20
阿勒泰,2026-10-11T02:00,-2.9,55,920.6,0.0,6.9,14
阿勒泰,2026-10-11T03:00,-1.3,52,921.2,0.0,7.5,15
阿勒泰,2026-10-11T04:00,-1.9,56,920.7,0.0,5.4,20
阿勒泰,2026-10-11T05:00,-2.2,55,920.6,0.0,4.6,18
阿勒泰,2026-10-11T06:00,-3.0,53,920.4,0.0,5.4,15
阿勒泰,2026-10-11T07:00,-2.9,52,920.6,0.0,4.6,11
阿勒泰,2026-10-11T08:00,-2.8,52,920.8,0.0,4.4,9
湛江,2026-10-10T09:00,28.0,69,1014.3,0.0,7.8,52
湛江,2026-10-10T10:00,29.6,58,1014.6,0.0,11.9,72
湛江,2026-10-10T11:00,30.5,52,1014.3,0.0,13.3,80
湛江,2026-10-10T12:00,31.2,48,1013.7,0.0,12.8,88
湛江,2026-10-10T13:00,31.6,47,1013.0,0.0,11.5,101
湛江,2026-10-10T14:00,31.7,48,1012.1,0.0,12.8,112
湛江,2026-10-10T15:00,30.7,51,1011.5,0.0,12.8,124
湛江,2026-10-10T16:00,30.1,53,1011.2,0.0,13.3,123
湛江,2026-10-10T17:00,29.3,58,1011.4,0.0,12.0,123
湛江,2026-10-10T18:00,28.5,62,1011.7,0.0,10.7,126
湛江,2026-10-10T19:00,27.5,68,1012.0,0.0,10.5,142
湛江,2026-10-10T20:00,27.6,69,1012.8,0.0,11.4,153
湛江,2026-10-10T21:00,27.0,71,1013.4,0.0,8.0,152
湛江,2026-10-10T22:00,26.7,75,1013.7,0.0,4.9,156
湛江,2026-10-10T23:00,26.4,78,1014.0,0.0,4.5,146
湛江,2026-10-11T00:00,26.1,81,1014.1,0.0,2.3,119
湛江,2026-10-11T01:00,25.9,82,1013.8,0.0,2.2,81
湛江,2026-10-11T02:00,25.9,82,1013.7,0.0,3.1,87
湛江,2026-10-11T03:00,25.1,87,1013.4,0.0,3.4,43
湛江,2026-10-11T04:00,24.6,90,1013.4,0.0,4.8,15
湛江,2026-10-11T05:00,24.0,92,1013.5,0.0,6.7,16
湛江,2026-10-11T06:00,23.5,94,1013.8,0.0,8.5,28
湛江,2026-10-11T07:00,23.4,94,1014.2,0.0,8.1,32
湛江,2026-10-11T08:00,25.1,85,1015.0,0.0,6.6,29
茂名,2026-10-10T09:00,28.8,56,1012.6,0.0,4.8,65
茂名,2026-10-10T10:00,30.2,48,1012.9,0.0,8.0,70
茂名,2026-10-10T11:00,31.2,45,1012.6,0.0,8.9,72
茂名,2026-10-10T12:00,32.3,41,1011.8,0.0,8.3,74
茂名,2026-10-10T13:00,33.0,37,1011.1,0.0,7.6,76
茂名,2026-10-10T14:00,33.5,35,1010.0,0.0,7.8,85
茂名,2026-10-10T15:00,33.7,34,1009.3,0.0,5.4,82
茂名,2026-10-10T16:00,33.4,35,1009.0,0.0,3.9,106
茂名,2026-10-10T17:00,32.3,38,1009.2,0.0,6.7,161
茂名,2026-10-10T18:00,29.4,55,1009.8,0.0,13.0,183
茂名,2026-10-10T19:00,27.8,63,1010.4,0.0,12.4,171
茂名,2026-10-10T20:00,28.3,63,1011.2,0.0,11.0,162
茂名,2026-10-10T21:00,27.8,67,1011.8,0.0,8.0,136
茂名,2026-10-10T22:00,27.4,70,1012.3,0.0,6.0,129
茂名,2026-10-10T23:00,27.0,73,1012.5,0.0,5.6,112
茂名,2026-10-11T00:00,26.4,76,1012.3,0.0,6.2,100
茂名,2026-10-11T01:00,25.7,79,1012.2,0.0,6.3,95
茂名,2026-10-11T02:00,25.5,80,1012.1,0.0,5.1,73
茂名,2026-10-11T03:00,24.6,83,1011.8,0.0,4.7,50
茂名,2026-10-11T04:00,23.8,85,1011.7,0.0,5.2,29
茂名,2026-10-11T05:00,23.4,84,1011.8,0.0,6.2,15
茂名,2026-10-11T06:00,23.4,77,1012.2,0.0,7.4,4
茂名,2026-10-11T07:00,23.5,73,1012.4,0.0,7.8,7
茂名,2026-10-11T08:00,25.7,65,1013.2,0.0,5.4,360
肇庆,2026-10-10T09:00,26.4,60,1014.7,0.0,9.1,54
肇庆,2026-10-10T10:00,27.5,54,1015.0,0.0,10.5,55
肇庆,2026-10-10T11:00,28.4,51,1014.7,0.0,9.7,59
肇庆,2026-10-10T12:00,29.2,48,1014.0,0.0,8.6,57
肇庆,2026-10-10T13:00,29.7,46,1013.3,0.0,8.0,59
肇庆,2026-10-10T14:00,30.3,46,1012.2,0.0,6.5,62
肇庆,2026-10-10T15:00,30.2,46,1011.5,0.0,6.6,61
肇庆,2026-10-10T16:00,30.0,45,1011.3,0.0,7.4,68
肇庆,2026-10-10T17:00,29.1,52,1011.5,0.0,6.5,87
肇庆,2026-10-10T18:00,26.9,63,1011.8,0.0,4.9,94
肇庆,2026-10-10T19:00,26.0,67,1012.0,0.0,2.6,51
肇庆,2026-10-10T20:00,25.7,69,1012.8,0.0,2.8,40
肇庆,2026-10-10T21:00,24.5,75,1013.7,0.0,3.3,6
肇庆,2026-10-10T22:00,23.8,82,1014.0,0.0,3.1,353
肇庆,2026-10-10T23:00,23.2,87,1014.2,0.0,3.1,353
肇庆,2026-10-11T00:00,22.9,89,1014.1,0.0,2.2,346
肇庆,2026-10-11T01:00,22.8,89,1013.9,0.0,1.7,319
肇庆,2026-10-11T02:00,22.8,92,1013.9,0.0,1.9,326
肇庆,2026-10-11T03:00,22.8,86,1013.6,0.0,2.2,336
肇庆,2026-10-11T04:00,23.1,78,1013.6,0.0,1.8,24
肇庆,2026-10-11T05:00,23.1,72,1013.7,0.0,3.0,33
肇庆,2026-10-11T06:00,22.8,71,1014.2,0.0,4.8,29
肇庆,2026-10-11T07:00,23.1,72,1014.7,0.0,4.7,47
肇庆,2026-10-11T08:00,24.7,66,1015.5,0.0,4.7,67
惠州,2026-10-10T09:00,26.0,60,1014.0,0.0,11.6,44
惠州,2026-10-10T10:00,27.3,54,1013.9,0.0,12.3,44
惠州,2026-10-10T11:00,28.4,51,1013.6,0.0,11.9,42
惠州,2026-10-10T12:00,29.3,49,1012.8,0.0,10.8,37
惠州,2026-10-10T13:00,30.0,48,1012.0,0.0,10.6,35
惠州,2026-10-10T14:00,30.3,46,1011.1,0.0,9.1,38
惠州,2026-10-10T15:00,30.3,46,1010.5,0.0,9.1,39
惠州,2026-10-10T16:00,30.0,47,1010.5,0.0,7.9,47
惠州,2026-10-10T17:00,29.1,52,1010.8,0.0,6.6,47
惠州,2026-10-10T18:00,27.2,63,1011.0,0.0,4.3,15
惠州,2026-10-10T19:00,26.5,64,1011.3,0.0,5.2,4
惠州,2026-10-10T20:00,26.0,70,1012.2,0.0,3.8,71
惠州,2026-10-10T21:00,24.7,75,1013.1,0.0,5.8,116
惠州,2026-10-10T22:00,23.9,83,1013.6,0.0,2.7,98
惠州,2026-10-10T23:00,23.4,87,1013.9,0.0,3.4,58
惠州,2026-10-11T00:00,23.1,90,1013.8,0.0,4.7,62
惠州,2026-10-11T01:00,22.8,93,1013.6,0.0,3.0,73
惠州,2026-10-11T02:00,23.0,93,1013.4,0.0,1.9,34
惠州,2026-10-11T03:00,22.7,93,1013.1,0.0,1.0,59
惠州,2026-10-11T04:00,22.5,94,1013.1,0.0,1.2,129
惠州,2026-10-11T05:00,22.2,95,1013.2,0.0,3.2,124
惠州,2026-10-11T06:00,22.0,93,1013.6,0.0,3.8,85
惠州,2026-10-11T07:00,22.8,83,1014.2,0.0,6.4,61
惠州,2026-10-11T08:00,24.8,69,1014.9,0.0,6.2,57
梅州,2026-10-10T09:00,24.0,68,1007.7,0.0,7.8,26
梅州,2026-10-10T10:00,25.7,61,1007.4,0.0,9.6,34
梅州,2026-10-10T11:00,27.3,55,1006.7,0.0,10.3,36
梅州,2026-10-10T12:00,28.5,50,1005.9,0.0,9.8,36
梅州,2026-10-10T13:00,29.5,46,1004.9,0.0,8.3,39
梅州,2026-10-10T14:00,30.0,43,1004.2,0.0,6.9,49
梅州,2026-10-10T15:00,30.0,43,1003.7,0.0,6.0,61
梅州,2026-10-10T16:00,29.8,43,1003.6,0.0,5.1,72
梅州,2026-10-10T17:00,28.6,55,1003.8,0.0,3.8,95
梅州,2026-10-10T18:00,26.4,63,1004.0,0.0,0.8,225
梅州,2026-10-10T19:00,25.1,68,1004.5,0.0,1.5,284
梅州,2026-10-10T20:00,24.2,76,1005.3,0.0,4.5,310
梅州,2026-10-10T21:00,23.7,74,1006.1,0.0,7.8,312
梅州,2026-10-10T22:00,22.9,77,1006.5,0.0,6.6,319
梅州,2026-10-10T23:00,22.4,80,1006.8,0.0,3.3,319
梅州,2026-10-11T00:00,22.2,80,1006.7,0.0,1.0,292
梅州,2026-10-11T01:00,21.8,82,1006.6,0.0,0.8,297
梅州,2026-10-11T02:00,21.4,84,1006.6,0.0,1.8,336
梅州,2026-10-11T03:00,20.3,88,1006.4,0.0,2.8,342
梅州,2026-10-11T04:00,19.7,90,1006.7,0.0,2.8,333
梅州,2026-10-11T05:00,19.2,92,1006.9,0.0,2.6,335
梅州,2026-10-11T06:00,18.8,93,1007.0,0.0,3.1,332
梅州,2026-10-11T07:00,19.7,91,1007.8,0.0,5.4,340
梅州,2026-10-11T08:00,22.3,80,1008.4,0.0,3.3,13
汕尾,2026-10-10T09:00,26.4,70,1015.3,0.0,9.0,38
汕尾,2026-10-10T10:00,27.9,63,1015.1,0.0,9.0,30
汕尾,2026-10-10T11:00,29.1,57,1014.6,0.0,9.5,29
汕尾,2026-10-10T12:00,30.1,54,1013.8,0.0,8.6,31
汕尾,2026-10-10T13:00,30.9,51,1013.1,0.0,8.5,38
汕尾,2026-10-10T14:00,31.1,48,1012.4,0.0,8.0,82
汕尾,2026-10-10T15:00,30.0,53,1012.0,0.0,10.3,117
汕尾,2026-10-10T16:00,28.3,63,1012.1,0.0,15.1,125
汕尾,2026-10-10T17:00,27.4,66,1012.5,0.0,16.3,116
汕尾,2026-10-10T18:00,26.5,71,1012.7,0.0,14.0,121
汕尾,2026-10-10T19:00,25.9,76,1013.3,0.0,6.0,127
汕尾,2026-10-10T20:00,25.8,81,1014.4,0.0,3.7,76
汕尾,2026-10-10T21:00,25.0,84,1015.1,0.0,4.2,78
汕尾,2026-10-10T22:00,24.5,87,1015.5,0.0,3.5,51
汕尾,2026-10-10T23:00,23.8,89,1015.7,0.0,4.0,27
汕尾,2026-10-11T00:00,23.4,91,1015.4,0.0,5.4,34
汕尾,2026-10-11T01:00,23.0,93,1015.2,0.0,6.0,41
汕尾,2026-10-11T02:00,23.2,91,1014.9,0.0,7.9,35
汕尾,2026-10-11T03:00,22.7,94,1014.7,0.0,6.4,40
汕尾,2026-10-11T04:00,22.4,94,1014.8,0.0,5.6,40
汕尾,2026-10-11T05:00,22.2,95,1014.9,0.0,6.8,35
汕尾,2026-10-11T06:00,21.9,94,1015.2,0.0,6.4,27
汕尾,2026-10-11T07:00,22.7,90,1015.7,0.0,8.3,24
汕尾,2026-10-11T08:00,25.2,79,1016.4,0.0,7.6,27
河源,2026-10-10T09:00,24.3,66,1011.9,0.0,7.1,6
河源,2026-10-10T10:00,26.1,59,1011.9,0.0,9.1,17
河源,2026-10-10T11:00,27.6,54,1011.3,0.0,9.4,29
河源,2026-10-10T12:00,28.7,51,1010.4,0.0,9.3,29
河源,2026-10-10T13:00,29.5,48,1009.6,0.0,8.4,23
河源,2026-10-10T14:00,30.0,47,1008.7,0.0,7.3,11
河源,2026-10-10T15:00,30.0,47,1008.1,0.0,7.3,10
河源,2026-10-10T16:00,29.8,49,1008.0,0.0,6.9,20
河源,2026-10-10T17:00,28.9,56,1008.2,0.0,3.3,36
河源,2026-10-10T18:00,27.3,65,1008.6,0.0,1.2,63
河源,2026-10-10T19:00,25.7,71,1008.9,0.0,2.2,66
河源,2026-10-10T20:00,24.6,78,1009.8,0.0,3.1,54
河源,2026-10-10T21:00,23.8,81,1010.7,0.0,4.5,29
河源,2026-10-10T22:00,23.4,80,1011.1,0.0,4.2,7
河源,2026-10-10T23:00,22.9,81,1011.4,0.0,3.6,340
河源,2026-10-11T00:00,22.4,83,1011.3,0.0,3.2,333
河源,2026-10-11T01:00,21.8,87,1011.2,0.0,3.5,332
河源,2026-10-11T02:00,21.8,89,1011.1,0.0,3.6,340
河源,2026-10-11T03:00,21.2,90,1011.0,0.0,3.6,333
河源,2026-10-11T04:00,20.8,92,1011.1,0.0,3.4,335
河源,2026-10-11T05:00,20.4,93,1011.1,0.0,3.1,339
河源,2026-10-11T06:00,20.2,94,1011.5,0.0,2.9,330
河源,2026-10-11T07:00,21.0,91,1012.2,0.0,4.2,329
河源,2026-10-11T08:00,22.8,77,1012.9,0.0,4.3,336
阳江,2026-10-10T09:00,26.9,68,1014.9,0.0,11.6,43
阳江,2026-10-10T10:00,28.0,63,1015.2,0.0,11.1,39
阳江,2026-10-10T11:00,29.1,59,1015.0,0.0,11.5,44
阳江,2026-10-10T12:00,30.0,55,1014.2,0.0,11.6,48
阳江,2026-10-10T13:00,30.5,51,1013.5,0.0,10.7,48
阳江,2026-10-10T14:00,30.6,49,1012.6,0.0,5.5,113
阳江,2026-10-10T15:00,29.9,56,1012.0,0.0,6.1,161
阳江,2026-10-10T16:00,29.2,62,1011.8,0.0,7.3,163
阳江,2026-10-10T17:00,28.4,66,1012.1,0.0,7.6,161
阳江,2026-10-10T18:00,27.0,76,1012.4,0.0,7.4,158
阳江,2026-10-10T19:00,26.1,81,1012.8,0.0,7.9,159
阳江,2026-10-10T20:00,26.2,83,1013.7,0.0,5.4,160
阳江,2026-10-10T21:00,25.6,86,1014.4,0.0,5.5,157
阳江,2026-10-10T22:00,25.5,86,1014.7,0.0,5.2,136
阳江,2026-10-10T23:00,25.2,87,1015.0,0.0,5.4,110
阳江,2026-10-11T00:00,24.6,89,1014.8,0.0,4.9,80
阳江,2026-10-11T01:00,23.8,90,1014.5,0.0,4.4,35
阳江,2026-10-11T02:00,23.4,89,1014.4,0.0,6.7,3
阳江,2026-10-11T03:00,22.6,89,1014.1,0.0,6.7,360
阳江,2026-10-11T04:00,22.3,91,1014.0,0.0,5.4,14
阳江,2026-10-11T05:00,22.2,91,1014.0,0.0,4.7,7
阳江,2026-10-11T06:00,21.9,91,1014.5,0.0,4.2,353
阳江,2026-10-11T07:00,22.0,90,1015.0,0.0,5.9,360
阳江,2026-10-11T08:00,24.1,79,1015.7,0.0,6.0,29
清远,2026-10-10T09:00,25.8,59,1013.9,0.0,8.7,38
清远,2026-10-10T10:00,27.3,48,1014.0,0.0,12.0,39
清远,2026-10-10T11:00,28.4,47,1013.7,0.0,12.0,37
清远,2026-10-10T12:00,29.3,45,1013.0,0.0,10.7,36
清远,2026-10-10T13:00,30.0,43,1012.1,0.0,9.8,35
清远,2026-10-10T14:00,30.4,43,1011.1,0.0,7.7,36
清远,2026-10-10T15:00,30.4,43,1010.3,0.0,6.5,32
清远,2026-10-10T16:00,30.2,44,1010.1,0.0,6.9,30
清远,2026-10-10T17:00,29.4,50,1010.4,0.0,5.9,35
清远,2026-10-10T18:00,27.0,60,1010.6,0.0,4.9,36
清远,2026-10-10T19:00,25.8,64,1010.9,0.0,5.4,21
清远,2026-10-10T20:00,25.1,65,1011.8,0.0,5.6,33
清远,2026-10-10T21:00,24.3,66,1012.6,0.0,5.3,35
清远,2026-10-10T22:00,23.7,67,1012.8,0.0,5.5,32
清远,2026-10-10T23:00,23.0,68,1013.1,0.0,5.5,49
清远,2026-10-11T00:00,22.7,69,1013.2,0.0,5.8,51
清远,2026-10-11T01:00,22.5,69,1013.0,0.0,6.0,53
清远,2026-10-11T02:00,22.6,68,1013.0,0.0,6.1,43
清远,2026-10-11T03:00,22.0,70,1012.8,0.0,6.0,44
清远,2026-10-11T04:00,21.6,72,1012.7,0.0,5.7,46
清远,2026-10-11T05:00,21.2,73,1012.8,0.0,5.5,46
清远,2026-10-11T06:00,20.8,75,1013.3,0.0,5.0,38
清远,2026-10-11T07:00,21.2,75,1013.8,0.0,4.6,36
清远,2026-10-11T08:00,23.6,69,1014.5,0.0,5.4,34
东莞,2026-10-10T09:00,26.6,57,1014.5,0.0,6.6,49
东莞,2026-10-10T10:00,28.2,49,1014.5,0.0,8.3,48
东莞,2026-10-10T11:00,29.3,45,1014.2,0.0,8.7,42
东莞,2026-10-10T12:00,30.2,42,1013.5,0.0,8.6,39
东莞,2026-10-10T13:00,30.9,41,1012.7,0.0,8.2,29
东莞,2026-10-10T14:00,30.9,42,1011.8,0.0,7.2,27
东莞,2026-10-10T15:00,31.0,42,1011.2,0.0,6.7,19
东莞,2026-10-10T16:00,31.1,42,1011.0,0.0,7.1,24
东莞,2026-10-10T17:00,30.5,42,1011.3,0.0,7.8,37
东莞,2026-10-10T18:00,29.4,46,1011.6,0.0,6.1,43
东莞,2026-10-10T19:00,28.3,52,1011.8,0.0,4.0,39
东莞,2026-10-10T20:00,28.1,58,1012.7,0.0,4.5,43
东莞,2026-10-10T21:00,27.1,67,1013.5,0.0,1.0,68
东莞,2026-10-10T22:00,26.5,69,1013.9,0.0,1.7,77
东莞,2026-10-10T23:00,25.9,68,1014.2,0.0,4.6,101
东莞,2026-10-11T00:00,25.3,69,1014.1,0.0,3.7,125
东莞,2026-10-11T01:00,24.7,73,1013.9,0.0,2.3,94
东莞,2026-10-11T02:00,24.6,73,1013.9,0.0,3.4,90
东莞,2026-10-11T03:00,23.7,80,1013.7,0.0,1.8,53
东莞,2026-10-11T04:00,23.3,83,1013.6,0.0,2.4,48
东莞,2026-10-11T05:00,23.0,86,1013.7,0.0,2.4,81
东莞,2026-10-11T06:00,22.7,88,1014.1,0.0,2.2,76
东莞,2026-10-11T07:00,22.9,87,1014.7,0.0,3.1,45
东莞,2026-10-11T08:00,24.6,77,1015.4,0.0,3.1,50
中山,2026-10-10T09:00,28.0,62,1014.5,0.0,9.8,58
中山,2026-10-10T10:00,28.9,54,1014.6,0.0,10.3,52
中山,2026-10-10T11:00,29.8,48,1014.4,0.0,9.4,43
中山,2026-10-10T12:00,30.6,44,1013.7,0.0,9.0,44
中山,2026-10-10T13:00,31.2,42,1012.9,0.0,8.2,40
中山,2026-10-10T14:00,31.8,41,1012.0,0.0,6.2,46
中山,2026-10-10T15:00,31.6,41,1011.3,0.0,5.5,38
中山,2026-10-10T16:00,31.3,42,1011.1,0.0,7.1,21
中山,2026-10-10T17:00,30.5,44,1011.5,0.0,10.0,13
中山,2026-10-10T18:00,29.1,49,1011.8,0.0,9.2,11
中山,2026-10-10T19:00,27.9,53,1012.1,0.0,9.4,347
中山,2026-10-10T20:00,27.8,54,1013.1,0.0,9.5,358
中山,2026-10-10T21:00,26.2,63,1014.0,0.0,3.8,95
中山,2026-10-10T22:00,25.4,71,1014.4,0.0,9.5,148
中山,2026-10-10T23:00,25.0,79,1014.6,0.0,6.8,158
中山,2026-10-11T00:00,24.4,85,1014.4,0.0,5.0,161
中山,2026-10-11T01:00,23.8,90,1014.2,0.0,2.1,218
中山,2026-10-11T02:00,23.5,91,1014.0,0.0,4.3,303
中山,2026-10-11T03:00,22.6,96,1013.8,0.0,4.7,302
中山,2026-10-11T04:00,22.2,98,1013.8,0.0,3.2,344
中山,2026-10-11T05:00,21.9,99,1013.9,0.0,4.3,358
中山,2026-10-11T06:00,21.9,99,1014.4,0.0,4.6,349
中山,2026-10-11T07:00,22.5,96,1014.9,0.0,6.0,339
中山,2026-10-11T08:00,25.4,82,1015.6,0.0,5.4,6
潮州,2026-10-10T09:00,26.4,69,1013.9,0.0,4.1,308
潮州,2026-10-10T10:00,28.3,59,1013.6,0.0,2.5,21
潮州,2026-10-10T11:00,29.8,50,1013.0,0.0,4.8,79
潮州,2026-10-10T12:00,30.9,46,1012.0,0.0,6.5,90
潮州,2026-10-10T13:00,31.5,45,1011.2,0.0,7.0,103
潮州,2026-10-10T14:00,31.5,46,1010.7,0.0,5.3,125
潮州,2026-10-10T15:00,31.2,49,1010.2,0.0,6.3,145
潮州,2026-10-10T16:00,30.7,53,1010.2,0.0,6.9,152
潮州,2026-10-10T17:00,29.5,59,1010.4,0.0,8.0,166
潮州,2026-10-10T18:00,27.0,72,1011.1,0.0,10.3,149
潮州,2026-10-10T19:00,25.6,81,1011.8,0.0,7.9,117
潮州,2026-10-10T20:00,25.4,85,1012.6,0.0,4.7,74
潮州,2026-10-10T21:00,24.9,88,1013.4,0.0,2.0,360
潮州,2026-10-10T22:00,24.5,89,1013.8,0.0,2.0,27
潮州,2026-10-10T23:00,24.2,90,1014.0,0.0,2.3,4
潮州,2026-10-11T00:00,24.1,90,1013.9,0.0,3.5,332
潮州,2026-10-11T01:00,23.9,90,1013.7,0.0,4.3,327
潮州,2026-10-11T02:00,23.7,90,1013.6,0.0,3.3,324
潮州,2026-10-11T03:00,22.9,94,1013.2,0.0,3.4,342
潮州,2026-10-11T04:00,22.4,95,1013.4,0.0,2.5,356
潮州,2026-10-11T05:00,22.0,97,1013.5,0.0,2.1,15
潮州,2026-10-11T06:00,21.7,96,1013.7,0.0,3.5,9
潮州,2026-10-11T07:00,22.5,90,1014.2,0.0,4.6,351
潮州,2026-10-11T08:00,24.9,80,1014.9,0.0,2.7,328
揭阳,2026-10-10T09:00,25.9,68,1016.1,0.0,0.6,198
揭阳,2026-10-10T10:00,27.4,62,1015.8,0.0,2.4,132
揭阳,2026-10-10T11:00,28.6,56,1015.2,0.0,5.1,96
揭阳,2026-10-10T12:00,29.4,53,1014.2,0.0,5.7,99
揭阳,2026-10-10T13:00,30.1,51,1013.4,0.0,6.3,114
揭阳,2026-10-10T14:00,30.0,51,1013.0,0.0,8.4,127
揭阳,2026-10-10T15:00,29.6,53,1012.5,0.0,8.6,127
揭阳,2026-10-10T16:00,29.2,56,1012.5,0.0,7.7,129
揭阳,2026-10-10T17:00,28.5,60,1012.7,0.0,6.0,131
揭阳,2026-10-10T18:00,26.8,70,1013.2,0.0,6.3,141
揭阳,2026-10-10T19:00,25.3,78,1013.9,0.0,9.3,133
揭阳,2026-10-10T20:00,24.9,84,1014.9,0.0,5.8,95
揭阳,2026-10-10T21:00,24.2,88,1015.7,0.0,5.4,69
揭阳,2026-10-10T22:00,23.8,90,1016.0,0.0,4.5,85
揭阳,2026-10-10T23:00,23.6,91,1016.4,0.0,2.3,58
揭阳,2026-10-11T00:00,23.6,91,1016.2,0.0,2.1,38
揭阳,2026-10-11T01:00,23.6,91,1016.0,0.0,1.6,6
揭阳,2026-10-11T02:00,23.6,89,1015.9,0.0,1.9,331
揭阳,2026-10-11T03:00,22.9,93,1015.5,0.0,1.1,288
揭阳,2026-10-11T04:00,22.5,95,1015.7,0.0,1.8,281
揭阳,2026-10-11T05:00,22.0,97,1015.7,0.0,0.6,288
揭阳,2026-10-11T06:00,21.6,99,1016.0,0.0,0.0,270
揭阳,2026-10-11T07:00,22.6,96,1016.5,0.0,0.9,270
揭阳,2026-10-11T08:00,24.8,83,1017.2,0.0,0.6,214
云浮,2026-10-10T09:00,26.2,65,1009.6,0.0,6.9,49
云浮,2026-10-10T10:00,27.7,56,1009.8,0.0,9.4,64
云浮,2026-10-10T11:00,28.7,52,1009.7,0.0,9.6,70
云浮,2026-10-10T12:00,29.5,49,1008.9,0.0,7.8,68
云浮,2026-10-10T13:00,30.2,46,1008.1,0.0,6.8,61
云浮,2026-10-10T14:00,30.8,45,1007.1,0.0,5.1,73
云浮,2026-10-10T15:00,30.6,45,1006.3,0.0,3.6,72
云浮,2026-10-10T16:00,30.5,44,1006.1,0.0,3.6,57
云浮,2026-10-10T17:00,29.9,46,1006.3,0.0,3.2,56
云浮,2026-10-10T18:00,28.0,62,1006.6,0.0,0.8,45
云浮,2026-10-10T19:00,26.4,65,1006.9,0.0,1.3,146
云浮,2026-10-10T20:00,26.5,61,1007.7,0.0,0.5,180
云浮,2026-10-10T21:00,25.4,65,1008.6,0.0,0.7,180
云浮,2026-10-10T22:00,24.7,68,1008.9,0.0,0.9,191
云浮,2026-10-10T23:00,24.1,69,1009.0,0.0,0.4,243
云浮,2026-10-11T00:00,23.7,70,1008.9,0.0,1.0,248
云浮,2026-10-11T01:00,23.3,71,1008.6,0.0,0.9,281
云浮,2026-10-11T02:00,23.0,73,1008.6,0.0,1.9,331
云浮,2026-10-11T03:00,22.1,77,1008.4,0.0,2.5,330
云浮,2026-10-11T04:00,21.7,79,1008.3,0.0,2.8,320
云浮,2026-10-11T05:00,21.4,79,1008.4,0.0,2.7,328
云浮,2026-10-11T06:00,21.2,79,1009.0,0.0,2.4,333
云浮,2026-10-11T07:00,21.7,80,1009.5,0.0,2.8,349
云浮,2026-10-11T08:00,24.0,69,1010.3,0.0,3.2,27
南宁,2026-10-10T09:00,26.2,57,1008.4,0.0,3.5,28
南宁,2026-10-10T10:00,28.1,49,1008.7,0.0,6.4,43
南宁,2026-10-10T11:00,29.8,44,1008.6,0.0,10.0,51
南宁,2026-10-10T12:00,30.7,42,1008.1,0.0,9.4,55
南宁,2026-10-10T13:00,31.3,40,1007.3,0.0,9.3,54
南宁,2026-10-10T14:00,31.9,39,1006.2,0.0,8.3,60
南宁,2026-10-10T15:00,31.8,38,1005.5,0.0,8.1,59
南宁,2026-10-10T16:00,31.6,37,1004.9,0.0,8.5,58
南宁,2026-10-10T17:00,31.0,38,1004.8,0.0,8.8,59
南宁,2026-10-10T18:00,29.5,45,1005.0,0.0,9.5,76
南宁,2026-10-10T19:00,27.6,49,1005.4,0.0,11.0,76
南宁,2026-10-10T20:00,27.0,47,1006.3,0.0,10.7,60
南宁,2026-10-10T21:00,26.1,49,1006.8,0.0,10.1,63
南宁,2026-10-10T22:00,25.2,53,1007.1,0.0,9.0,64
南宁,2026-10-10T23:00,24.5,55,1007.2,0.0,9.0,53
南宁,2026-10-11T00:00,23.7,59,1007.4,0.0,7.1,43
南宁,2026-10-11T01:00,23.1,62,1007.0,0.0,6.4,45
南宁,2026-10-11T02:00,23.2,64,1007.0,0.0,6.2,46
南宁,2026-10-11T03:00,22.3,69,1006.7,0.0,4.7,50
南宁,2026-10-11T04:00,22.3,70,1006.6,0.0,4.1,41
南宁,2026-10-11T05:00,22.2,69,1006.8,0.0,4.1,45
南宁,2026-10-11T06:00,22.0,69,1007.2,0.0,3.8,17
南宁,2026-10-11T07:00,21.9,70,1007.8,0.0,2.3,337
南宁,2026-10-11T08:00,23.6,62,1008.8,0.0,0.7,256
柳州,2026-10-10T09:00,22.9,61,1007.5,0.0,10.1,20
柳州,2026-10-10T10:00,24.9,56,1007.7,0.0,10.5,22
柳州,2026-10-10T11:00,26.8,50,1007.6,0.0,11.0,24
柳州,2026-10-10T12:00,28.3,45,1007.0,0.0,9.6,21
柳州,2026-10-10T13:00,29.3,41,1006.0,0.0,8.5,18
柳州,2026-10-10T14:00,30.0,39,1004.9,0.0,8.0,23
柳州,2026-10-10T15:00,30.2,37,1004.1,0.0,8.0,16
柳州,2026-10-10T16:00,30.1,37,1003.8,0.0,7.1,16
柳州,2026-10-10T17:00,29.4,42,1003.7,0.0,4.8,11
柳州,2026-10-10T18:00,27.3,54,1003.9,0.0,3.8,341
柳州,2026-10-10T19:00,25.6,55,1003.9,0.0,4.3,2
柳州,2026-10-10T20:00,25.1,55,1005.0,0.0,7.4,41
柳州,2026-10-10T21:00,24.1,57,1005.6,0.0,7.4,47
柳州,2026-10-10T22:00,23.3,60,1006.0,0.0,7.0,48
柳州,2026-10-10T23:00,22.9,62,1006.3,0.0,9.7,50
柳州,2026-10-11T00:00,22.3,63,1006.4,0.0,9.9,45
柳州,2026-10-11T01:00,22.0,63,1006.2,0.0,10.3,47
柳州,2026-10-11T02:00,21.9,65,1006.3,0.0,10.8,46
柳州,2026-10-11T03:00,21.2,69,1005.9,0.0,9.8,40
柳州,2026-10-11T04:00,20.7,73,1005.8,0.0,9.3,36
柳州,2026-10-11T05:00,20.3,76,1005.9,0.0,8.1,24
柳州,2026-10-11T06:00,19.9,79,1006.5,0.0,6.5,6
柳州,2026-10-11T07:00,19.9,81,1007.1,0.0,6.5,2
柳州,2026-10-11T08:00,21.7,75,1008.0,0.0,6.3,3
桂林,2026-10-10T09:00,22.5,64,1001.1,0.0,12.4,22
桂林,2026-10-10T10:00,24.5,57,1001.3,0.0,13.6,22
桂林,2026-10-10T11:00,26.1,51,1001.1,0.0,13.6,23
桂林,2026-10-10T12:00,27.6,46,1000.5,0.0,12.4,22
桂林,2026-10-10T13:00,28.7,43,999.6,0.0,10.6,24
桂林,2026-10-10T14:00,29.5,41,998.6,0.0,8.3,24
桂林,2026-10-10T15:00,29.9,40,997.6,0.0,6.8,37
桂林,2026-10-10T16:00,29.8,40,997.4,0.0,6.5,58
桂林,2026-10-10T17:00,28.9,44,997.4,0.0,5.8,81
桂林,2026-10-10T18:00,26.4,60,997.7,0.0,3.7,47
桂林,2026-10-10T19:00,24.6,62,998.0,0.0,8.0,8
桂林,2026-10-10T20:00,24.0,58,998.9,0.0,12.5,23
桂林,2026-10-10T21:00,23.5,61,999.7,0.0,12.9,27
桂林,2026-10-10T22:00,23.2,62,1000.1,0.0,12.8,29
桂林,2026-10-10T23:00,22.9,63,1000.2,0.0,13.3,30
桂林,2026-10-11T00:00,22.4,65,1000.3,0.0,13.2,31
桂林,2026-10-11T01:00,22.1,68,1000.0,0.0,13.1,29
桂林,2026-10-11T02:00,21.8,70,1000.1,0.0,12.9,28
桂林,2026-10-11T03:00,21.1,73,999.7,0.0,11.2,24
桂林,2026-10-11T04:00,20.5,75,999.6,0.0,10.7,25
桂林,2026-10-11T05:00,20.1,77,999.7,0.0,10.2,26
桂林,2026-10-11T06:00,19.8,79,1000.2,0.0,9.6,28
桂林,2026-10-11T07:00,19.6,80,1000.7,0.0,8.4,35
桂林,2026-10-11T08:00,21.1,76,1001.5,0.0,6.3,31
梧州,2026-10-10T09:00,24.9,62,1013.1,0.0,5.1,17
梧州,2026-10-10T10:00,27.2,53,1013.4,0.0,7.7,39
梧州,2026-10-10T11:00,28.6,49,1013.1,0.0,8.2,52
梧州,2026-10-10T12:00,29.6,47,1012.4,0.0,7.2,53
梧州,2026-10-10T13:00,30.2,46,1011.4,0.0,6.4,40
梧州,2026-10-10T14:00,30.8,44,1010.4,0.0,6.4,38
梧州,2026-10-10T15:00,30.8,45,1009.6,0.0,6.6,37
梧州,2026-10-10T16:00,30.7,44,1009.2,0.0,6.9,45
梧州,2026-10-10T17:00,30.0,51,1009.4,0.0,5.1,63
梧州,2026-10-10T18:00,27.6,64,1009.7,0.0,4.2,97
梧州,2026-10-10T19:00,26.0,69,1010.0,0.0,3.1,90
梧州,2026-10-10T20:00,25.2,76,1010.8,0.0,3.0,65
梧州,2026-10-10T21:00,24.4,80,1011.6,0.0,1.7,58
梧州,2026-10-10T22:00,23.6,84,1011.9,0.0,3.5,78
梧州,2026-10-10T23:00,23.2,83,1012.1,0.0,4.1,67
梧州,2026-10-11T00:00,22.9,82,1012.2,0.0,2.6,39
梧州,2026-10-11T01:00,22.4,83,1012.1,0.0,1.9,22
梧州,2026-10-11T02:00,22.3,84,1012.1,0.0,2.4,48
梧州,2026-10-11T03:00,21.6,85,1011.8,0.0,2.7,32
梧州,2026-10-11T04:00,21.1,87,1011.9,0.0,3.6,33
梧州,2026-10-11T05:00,20.9,86,1011.9,0.0,4.1,49
梧州,2026-10-11T06:00,20.8,86,1012.4,0.0,3.8,45
梧州,2026-10-11T07:00,20.9,86,1012.9,0.0,3.4,32
梧州,2026-10-11T08:00,23.0,75,1013.8,0.0,3.4,25
北海,2026-10-10T09:00,26.9,77,1013.6,0.0,7.7,24
北海,2026-10-10T10:00,28.5,62,1013.9,0.0,10.5,35
北海,2026-10-10T11:00,29.7,56,1013.8,0.0,9.8,40
北海,2026-10-10T12:00,30.7,51,1013.3,0.0,8.1,55
北海,2026-10-10T13:00,31.6,46,1012.6,0.0,6.2,75
北海,2026-10-10T14:00,31.6,45,1011.6,0.0,5.6,151
北海,2026-10-10T15:00,31.0,52,1010.9,0.0,9.4,204
北海,2026-10-10T16:00,29.8,58,1010.4,0.0,13.9,222
北海,2026-10-10T17:00,29.3,57,1010.5,0.0,11.3,231
北海,2026-10-10T18:00,28.9,57,1010.7,0.0,6.0,245
北海,2026-10-10T19:00,28.3,63,1010.9,0.0,5.2,297
北海,2026-10-10T20:00,29.0,65,1011.7,0.0,8.0,243
北海,2026-10-10T21:00,28.3,71,1012.4,0.0,3.9,307
北海,2026-10-10T22:00,27.9,69,1012.5,0.0,6.8,12
北海,2026-10-10T23:00,26.9,66,1012.9,0.0,13.5,48
北海,2026-10-11T00:00,26.6,65,1013.1,0.0,9.2,55
北海,2026-10-11T01:00,26.4,71,1012.8,0.0,3.3,77
北海,2026-10-11T02:00,26.5,75,1012.7,0.0,3.4,74
北海,2026-10-11T03:00,25.9,81,1012.6,0.0,5.6,73
北海,2026-10-11T04:00,26.0,81,1012.6,0.0,6.3,87
北海,2026-10-11T05:00,26.0,80,1012.5,0.0,6.7,92
北海,2026-10-11T06:00,25.7,80,1012.9,0.0,7.2,86
北海,2026-10-11T07:00,25.4,82,1013.4,0.0,6.3,70
北海,2026-10-11T08:00,26.1,80,1014.1,0.0,6.6,57
防城港,2026-10-10T09:00,26.1,72,1015.7,0.0,9.8,18
防城港,2026-10-10T10:00,27.8,63,1015.8,0.0,12.2,25
防城港,2026-10-10T11:00,29.1,57,1015.8,0.0,12.4,39
防城港,2026-10-10T12:00,30.1,51,1015.3,0.0,12.6,46
防城港,2026-10-10T13:00,30.7,48,1014.6,0.0,12.1,48
防城港,2026-10-10T14:00,31.3,46,1013.5,0.0,10.7,48
防城港,2026-10-10T15:00,31.2,46,1012.7,0.0,10.6,42
防城港,2026-10-10T16:00,31.1,46,1012.1,0.0,10.9,39
防城港,2026-10-10T17:00,30.3,52,1012.1,0.0,8.9,43
防城港,2026-10-10T18:00,28.3,64,1012.4,0.0,4.6,45
防城港,2026-10-10T19:00,26.8,67,1012.8,0.0,3.8,49
防城港,2026-10-10T20:00,26.3,70,1013.6,0.0,6.4,32
防城港,2026-10-10T21:00,25.2,73,1014.3,0.0,7.2,14
防城港,2026-10-10T22:00,24.8,72,1014.4,0.0,9.4,17
防城港,2026-10-10T23:00,24.4,71,1014.7,0.0,10.0,21
防城港,2026-10-11T00:00,23.8,73,1014.9,0.0,8.9,19
防城港,2026-10-11T01:00,23.2,77,1014.6,0.0,8.6,16
防城港,2026-10-11T02:00,23.1,77,1014.5,0.0,8.4,19
防城港,2026-10-11T03:00,22.5,79,1014.4,0.0,7.6,38
防城港,2026-10-11T04:00,22.1,80,1014.5,0.0,6.9,37
防城港,2026-10-11T05:00,21.7,81,1014.4,0.0,8.0,18
防城港,2026-10-11T06:00,21.5,80,1014.9,0.0,8.1,13
防城港,2026-10-11T07:00,21.3,81,1015.4,0.0,8.0,16
防城港,2026-10-11T08:00,23.3,75,1016.2,0.0,9.3,16
钦州,2026-10-10T09:00,26.4,67,1015.3,0.0,7.3,23
钦州,2026-10-10T10:00,28.4,58,1015.5,0.0,9.4,31
钦州,2026-10-10T11:00,30.2,49,1015.5,0.0,12.0,41
钦州,2026-10-10T12:00,31.1,43,1015.0,0.0,12.3,46
钦州,2026-10-10T13:00,31.7,42,1014.3,0.0,10.6,40
钦州,2026-10-10T14:00,32.4,41,1013.2,0.0,9.5,33
钦州,2026-10-10T15:00,32.2,41,1012.4,0.0,9.4,30
钦州,2026-10-10T16:00,31.8,41,1011.9,0.0,9.6,28
钦州,2026-10-10T17:00,31.1,43,1011.8,0.0,8.8,33
钦州,2026-10-10T18:00,29.5,52,1012.1,0.0,5.5,49
钦州,2026-10-10T19:00,27.8,61,1012.4,0.0,5.1,17
钦州,2026-10-10T20:00,27.2,64,1013.2,0.0,9.2,17
钦州,2026-10-10T21:00,26.2,67,1013.9,0.0,9.5,11
钦州,2026-10-10T22:00,25.8,67,1014.1,0.0,10.3,27
钦州,2026-10-10T23:00,25.1,67,1014.4,0.0,9.9,27
钦州,2026-10-11T00:00,24.8,63,1014.5,0.0,10.5,20
钦州,2026-10-11T01:00,24.5,61,1014.2,0.0,9.7,25
钦州,2026-10-11T02:00,24.3,63,1014.2,0.0,8.5,32
钦州,2026-10-11T03:00,23.4,69,1014.0,0.0,5.9,59
钦州,2026-10-11T04:00,22.7,75,1014.1,0.0,5.2,70
钦州,2026-10-11T05:00,22.4,77,1014.1,0.0,5.3,24
钦州,2026-10-11T06:00,22.1,78,1014.5,0.0,6.3,24
钦州,2026-10-11T07:00,21.8,79,1015.1,0.0,6.4,11
钦州,2026-10-11T08:00,23.5,74,1016.0,0.0,7.1,7
贵港,2026-10-10T09:00,25.8,67,1011.6,0.0,1.5,30
贵港,2026-10-10T10:00,27.6,59,1011.9,0.0,2.8,55
贵港,2026-10-10T11:00,29.2,49,1011.7,0.0,7.4,67
贵港,2026-10-10T12:00,30.2,44,1011.1,0.0,9.5,71
贵港,2026-10-10T13:00,30.7,42,1010.2,0.0,9.2,73
贵港,2026-10-10T14:00,31.2,39,1009.1,0.0,9.3,75
贵港,2026-10-10T15:00,31.2,38,1008.4,0.0,7.1,81
贵港,2026-10-10T16:00,31.1,40,1007.9,0.0,5.2,88
贵港,2026-10-10T17:00,30.6,42,1007.9,0.0,2.9,97
贵港,2026-10-10T18:00,29.2,53,1008.3,0.0,1.5,21
贵港,2026-10-10T19:00,27.1,62,1008.5,0.0,5.2,358
贵港,2026-10-10T20:00,26.4,69,1009.4,0.0,6.6,349
贵港,2026-10-10T21:00,25.6,68,1010.0,0.0,6.4,350
贵港,2026-10-10T22:00,25.1,66,1010.3,0.0,6.6,351
贵港,2026-10-10T23:00,24.6,66,1010.4,0.0,5.8,346
贵港,2026-10-11T00:00,23.9,68,1010.5,0.0,4.7,342
贵港,2026-10-11T01:00,23.1,70,1010.1,0.0,4.0,333
贵港,2026-10-11T02:00,23.1,71,1010.1,0.0,3.6,18
贵港,2026-10-11T03:00,22.3,74,1010.0,0.0,5.1,45
贵港,2026-10-11T04:00,22.1,75,1009.9,0.0,4.2,18
贵港,2026-10-11T05:00,21.8,78,1010.1,0.0,2.7,8
贵港,2026-10-11T06:00,21.7,78,1010.5,0.0,1.8,6
贵港,2026-10-11T07:00,21.8,79,1011.0,0.0,2.5,360
贵港,2026-10-11T08:00,24.0,71,1012.2,0.0,3.5,12
玉林,2026-10-10T09:00,25.8,70,1006.8,0.0,2.4,171
玉林,2026-10-10T10:00,27.7,60,1007.2,0.0,2.8,153
玉林,2026-10-10T11:00,29.3,52,1007.1,0.0,5.6,94
玉林,2026-10-10T12:00,30.4,46,1006.3,0.0,8.5,86
玉林,2026-10-10T13:00,31.0,44,1005.4,0.0,7.0,90
玉林,2026-10-10T14:00,31.6,42,1004.3,0.0,6.0,99
玉林,2026-10-10T15:00,32.0,42,1003.6,0.0,4.8,135
玉林,2026-10-10T16:00,31.9,42,1003.1,0.0,5.9,157
玉林,2026-10-10T17:00,31.5,46,1003.2,0.0,2.7,176
玉林,2026-10-10T18:00,29.2,57,1003.5,0.0,4.4,297
玉林,2026-10-10T19:00,27.4,58,1003.7,0.0,8.1,321
玉林,2026-10-10T20:00,26.5,63,1004.7,0.0,6.0,343
玉林,2026-10-10T21:00,24.8,70,1005.3,0.0,4.4,348
玉林,2026-10-10T22:00,23.5,77,1005.7,0.0,3.1,350
玉林,2026-10-10T23:00,22.7,80,1006.0,0.0,1.8,349
玉林,2026-10-11T00:00,22.0,81,1005.9,0.0,0.8,333
玉林,2026-10-11T01:00,21.4,82,1005.7,0.0,2.0,333
玉林,2026-10-11T02:00,21.6,84,1005.7,0.0,1.5,324
玉林,2026-10-11T03:00,21.2,83,1005.5,0.0,0.9,270
玉林,2026-10-11T04:00,21.1,84,1005.5,0.0,1.5,256
玉林,2026-10-11T05:00,21.0,82,1005.6,0.0,0.9,323
玉林,2026-10-11T06:00,21.1,80,1006.1,0.0,0.2,360
玉林,2026-10-11T07:00,21.4,80,1006.4,0.0,0.2,360
玉林,2026-10-11T08:00,23.2,74,1007.4,0.0,3.3,276
百色,2026-10-10T09:00,23.5,79,1001.4,0.0,3.1,273
百色,2026-10-10T10:00,25.8,69,1001.7,0.0,3.8,273
百色,2026-10-10T11:00,27.9,58,1001.8,0.0,3.1,246
百色,2026-10-10T12:00,29.2,50,1001.2,0.0,3.6,198
百色,2026-10-10T13:00,29.9,47,999.9,0.0,5.1,198
百色,2026-10-10T14:00,30.4,45,999.0,0.0,6.1,192
百色,2026-10-10T15:00,30.5,43,998.0,0.0,7.2,186
百色,2026-10-10T16:00,30.3,43,997.5,0.0,8.4,173
百色,2026-10-10T17:00,29.3,49,997.1,0.0,8.1,168
百色,2026-10-10T18:00,27.0,71,997.2,0.0,3.7,169
百色,2026-10-10T19:00,25.5,69,997.2,0.0,1.7,342
百色,2026-10-10T20:00,25.8,64,998.3,0.0,1.7,347
百色,2026-10-10T21:00,24.7,67,999.1,0.0,0.6,34
百色,2026-10-10T22:00,23.2,76,999.3,0.0,1.0,59
百色,2026-10-10T23:00,22.2,83,999.5,0.0,0.8,63
百色,2026-10-11T00:00,21.4,89,999.8,0.0,0.5,45
百色,2026-10-11T01:00,20.9,92,999.6,0.0,0.9,360
百色,2026-10-11T02:00,21.2,91,999.7,0.0,2.0,355
百色,2026-10-11T03:00,20.6,94,999.5,0.0,0.8,45
百色,2026-10-11T04:00,20.6,94,999.5,0.0,0.2,360
百色,2026-10-11T05:00,20.4,95,999.7,0.0,0.9,360
百色,2026-10-11T06:00,21.0,94,1000.1,0.0,1.1,18
百色,2026-10-11T07:00,20.9,95,1000.5,0.0,0.5,45
百色,2026-10-11T08:00,22.0,89,1001.4,0.0,1.4,50
贺州,2026-10-10T09:00,22.2,66,1005.5,0.0,4.6,249
贺州,2026-10-10T10:00,24.2,57,1005.6,0.0,5.2,256
贺州,2026-10-10T11:00,26.0,52,1005.3,0.0,5.6,266
贺州,2026-10-10T12:00,27.3,50,1004.6,0.0,7.4,270
贺州,2026-10-10T13:00,28.2,48,1003.5,0.0,9.7,269
贺州,2026-10-10T14:00,29.0,47,1002.6,0.0,8.7,264
贺州,2026-10-10T15:00,29.2,48,1001.7,0.0,8.6,269
贺州,2026-10-10T16:00,29.1,50,1001.3,0.0,8.4,277
贺州,2026-10-10T17:00,28.3,56,1001.3,0.0,7.0,280
贺州,2026-10-10T18:00,26.3,65,1001.5,0.0,5.0,255
贺州,2026-10-10T19:00,25.0,66,1001.7,0.0,2.8,191
贺州,2026-10-10T20:00,24.5,68,1002.9,0.0,2.4,197
贺州,2026-10-10T21:00,23.5,71,1003.6,0.0,3.1,201
贺州,2026-10-10T22:00,23.1,71,1004.0,0.0,2.7,212
贺州,2026-10-10T23:00,22.6,71,1004.3,0.0,1.5,249
贺州,2026-10-11T00:00,21.8,73,1004.5,0.0,1.9,253
贺州,2026-10-11T01:00,21.1,75,1004.3,0.0,2.0,225
贺州,2026-10-11T02:00,20.8,77,1004.5,0.0,2.1,165
贺州,2026-10-11T03:00,20.1,79,1004.3,0.0,1.5,194
贺州,2026-10-11T04:00,19.8,79,1004.3,0.0,2.0,225
贺州,2026-10-11T05:00,19.6,79,1004.1,0.0,1.4,220
贺州,2026-10-11T06:00,19.3,80,1004.6,0.0,1.5,234
贺州,2026-10-11T07:00,19.4,82,1005.2,0.0,2.4,253
贺州,2026-10-11T08:00,21.1,75,1006.2,0.0,3.6,237
河池,2026-10-10T09:00,23.5,68,996.3,0.0,2.0,350
河池,2026-10-10T10:00,26.1,56,996.5,0.0,5.5,13
河池,2026-10-10T11:00,28.0,47,996.3,0.0,6.2,26
河池,2026-10-10T12:00,29.4,41,995.8,0.0,5.2,31
河池,2026-10-10T13:00,30.4,38,994.7,0.0,4.5,47
河池,2026-10-10T14:00,30.9,38,993.6,0.0,4.6,79
河池,2026-10-10T15:00,30.9,40,992.7,0.0,4.3,85
河池,2026-10-10T16:00,30.7,42,992.4,0.0,4.8,105
河池,2026-10-10T17:00,29.7,47,992.3,0.0,4.9,126
河池,2026-10-10T18:00,26.6,63,992.3,0.0,6.2,139
河池,2026-10-10T19:00,24.5,69,992.4,0.0,5.0,136
河池,2026-10-10T20:00,24.4,69,993.5,0.0,5.4,138
河池,2026-10-10T21:00,23.5,70,994.2,0.0,5.4,130
河池,2026-10-10T22:00,23.5,69,994.5,0.0,1.4,140
河池,2026-10-10T23:00,22.9,71,994.6,0.0,0.4,297
河池,2026-10-11T00:00,21.6,76,994.8,0.0,1.3,304
河池,2026-10-11T01:00,20.3,82,994.4,0.0,2.3,302
河池,2026-10-11T02:00,20.2,84,994.5,0.0,1.8,315
河池,2026-10-11T03:00,19.3,88,994.2,0.0,2.2,312
河池,2026-10-11T04:00,18.7,90,994.1,0.0,2.8,305
河池,2026-10-11T05:00,18.2,91,994.3,0.0,2.9,300
河池,2026-10-11T06:00,17.9,92,994.9,0.0,2.6,304
河池,2026-10-11T07:00,17.8,93,995.3,0.0,2.5,315
河池,2026-10-11T08:00,20.6,83,996.4,0.0,2.7,307
来宾,2026-10-10T09:00,23.9,56,1008.0,0.0,9.4,32
来宾,2026-10-10T10:00,25.7,52,1008.4,0.0,10.2,32
来宾,2026-10-10T11:00,27.4,48,1008.3,0.0,9.6,30
来宾,2026-10-10T12:00,28.7,45,1007.8,0.0,7.9,30
来宾,2026-10-10T13:00,29.6,42,1006.7,0.0,7.5,33
来宾,2026-10-10T14:00,30.1,41,1005.5,0.0,6.8,48
来宾,2026-10-10T15:00,30.2,40,1005.0,0.0,5.2,56
来宾,2026-10-10T16:00,30.1,40,1004.6,0.0,5.7,46
来宾,2026-10-10T17:00,29.5,42,1004.5,0.0,6.6,45
来宾,2026-10-10T18:00,27.7,53,1004.7,0.0,4.7,83
来宾,2026-10-10T19:00,26.1,62,1004.7,0.0,2.7,113
来宾,2026-10-10T20:00,26.4,55,1005.6,0.0,4.0,21
来宾,2026-10-10T21:00,25.6,52,1006.2,0.0,5.2,356
来宾,2026-10-10T22:00,24.8,51,1006.5,0.0,6.5,2
来宾,2026-10-10T23:00,24.0,52,1006.7,0.0,5.1,10
来宾,2026-10-11T00:00,23.4,53,1006.9,0.0,5.3,10
来宾,2026-10-11T01:00,23.2,54,1006.6,0.0,6.9,15
来宾,2026-10-11T02:00,23.3,56,1006.7,0.0,9.4,31
来宾,2026-10-11T03:00,22.3,61,1006.4,0.0,9.0,31
来宾,2026-10-11T04:00,21.7,64,1006.3,0.0,8.6,31
来宾,2026-10-11T05:00,21.2,66,1006.4,0.0,7.0,21
来宾,2026-10-11T06:00,20.8,68,1007.0,0.0,5.6,6
来宾,2026-10-11T07:00,20.7,70,1007.5,0.0,6.5,13
来宾,2026-10-11T08:00,22.3,68,1008.6,0.0,5.9,27
崇左,2026-10-10T09:00,25.3,71,1001.7,0.0,1.5,30
崇左,2026-10-10T10:00,27.2,63,1002.0,0.0,3.1,62
崇左,2026-10-10T11:00,28.5,56,1002.1,0.0,4.9,66
崇左,2026-10-10T12:00,29.4,52,1001.6,0.0,6.3,72
崇左,2026-10-10T13:00,30.0,51,1000.9,0.0,7.1,83
崇左,2026-10-10T14:00,30.4,50,999.8,0.0,7.3,81
崇左,2026-10-10T15:00,30.4,50,998.9,0.0,7.3,81
崇左,2026-10-10T16:00,30.0,50,998.3,0.0,7.9,91
崇左,2026-10-10T17:00,29.5,52,998.1,0.0,6.6,123
崇左,2026-10-10T18:00,27.7,67,998.2,0.0,4.7,162
崇左,2026-10-10T19:00,26.0,75,998.5,0.0,3.1,126
崇左,2026-10-10T20:00,25.6,73,999.4,0.0,5.9,76
崇左,2026-10-10T21:00,24.7,73,999.9,0.0,5.8,68
崇左,2026-10-10T22:00,24.0,72,1000.1,0.0,5.7,72
崇左,2026-10-10T23:00,23.3,73,1000.3,0.0,7.6,90
崇左,2026-10-11T00:00,22.8,75,1000.6,0.0,7.1,80
崇左,2026-10-11T01:00,22.3,75,1000.4,0.0,6.3,70
崇左,2026-10-11T02:00,22.2,75,1000.3,0.0,5.8,83
崇左,2026-10-11T03:00,21.2,79,1000.0,0.0,5.1,82
崇左,2026-10-11T04:00,21.0,80,1000.0,0.0,3.4,74
崇左,2026-10-11T05:00,20.8,80,1000.0,0.0,1.4,40
崇左,2026-10-11T06:00,20.2,83,1000.6,0.0,1.2,321
崇左,2026-10-11T07:00,19.6,89,1001.2,0.0,1.3,278
崇左,2026-10-11T08:00,21.6,85,1002.1,0.0,2.2,256
海口,2026-10-10T09:00,27.9,69,1013.1,0.0,16.8,73
海口,2026-10-10T10:00,28.6,67,1013.4,0.0,17.7,66
海口,2026-10-10T11:00,29.1,65,1013.4,0.0,18.4,63
海口,2026-10-10T12:00,29.3,64,1012.9,0.0,18.0,63
海口,2026-10-10T13:00,29.3,63,1012.5,0.0,17.8,60
海口,2026-10-10T14:00,29.4,64,1011.6,0.0,18.1,57
海口,2026-10-10T15:00,28.7,66,1011.1,0.0,17.0,50
海口,2026-10-10T16:00,28.2,67,1010.9,0.0,16.0,50
海口,2026-10-10T17:00,27.7,70,1011.0,0.0,15.5,54
海口,2026-10-10T18:00,26.8,75,1011.3,0.0,12.8,58
海口,2026-10-10T19:00,26.1,78,1011.8,0.0,10.6,64
海口,2026-10-10T20:00,26.3,78,1012.5,0.0,10.8,72
海口,2026-10-10T21:00,25.6,82,1013.0,0.0,8.3,96
海口,2026-10-10T22:00,25.0,83,1013.1,0.0,7.5,117
海口,2026-10-10T23:00,24.4,85,1013.3,0.0,5.4,120
海口,2026-10-11T00:00,23.9,87,1013.4,0.0,4.3,123
海口,2026-10-11T01:00,23.8,86,1013.0,0.0,4.6,108
海口,2026-10-11T02:00,24.3,85,1012.8,0.0,6.0,99
海口,2026-10-11T03:00,23.9,88,1012.4,0.0,5.0,92
海口,2026-10-11T04:00,23.7,88,1012.4,0.0,4.3,92
海口,2026-10-11T05:00,23.7,88,1012.4,0.0,5.1,73
海口,2026-10-11T06:00,24.4,86,1012.8,0.0,7.7,60
海口,2026-10-11T07:00,24.9,83,1013.2,0.0,9.4,59
海口,2026-10-11T08:00,26.5,76,1014.0,0.0,14.1,60
三亚,2026-10-10T09:00,27.4,78,1012.6,0.0,16.3,49
三亚,2026-10-10T10:00,28.5,72,1013.1,0.0,16.2,55
三亚,2026-10-10T11:00,29.7,67,1013.2,0.0,21.3,67
三亚,2026-10-10T12:00,29.4,70,1012.8,0.1,22.0,73
三亚,2026-10-10T13:00,29.3,71,1012.1,0.1,23.1,77
三亚,2026-10-10T14:00,29.8,68,1011.2,0.0,23.2,78
三亚,2026-10-10T15:00,29.5,69,1010.5,0.0,22.2,78
三亚,2026-10-10T16:00,29.1,70,1010.2,0.0,21.7,78
三亚,2026-10-10T17:00,28.5,72,1010.6,0.0,19.9,80
三亚,2026-10-10T18:00,27.7,75,1011.0,0.0,18.8,73
三亚,2026-10-10T19:00,27.3,75,1011.5,0.0,17.9,69
三亚,2026-10-10T20:00,27.2,74,1012.2,0.0,18.4,66
三亚,2026-10-10T21:00,26.7,76,1012.8,0.0,17.8,60
三亚,2026-10-10T22:00,26.1,79,1013.2,0.0,14.8,56
三亚,2026-10-10T23:00,25.7,80,1013.5,0.0,12.5,51
三亚,2026-10-11T00:00,25.4,81,1013.3,0.0,12.5,47
三亚,2026-10-11T01:00,25.2,81,1013.0,0.0,12.0,41
三亚,2026-10-11T02:00,25.0,81,1012.9,0.0,12.0,47
三亚,2026-10-11T03:00,24.6,83,1012.6,0.0,11.5,42
三亚,2026-10-11T04:00,24.3,83,1012.3,0.0,11.6,43
三亚,2026-10-11T05:00,23.8,84,1012.2,0.0,11.9,38
三亚,2026-10-11T06:00,23.7,82,1012.7,0.0,12.4,43
三亚,2026-10-11T07:00,23.9,80,1013.1,0.0,14.3,46
三亚,2026-10-11T08:00,25.3,74,1013.8,0.0,18.4,51
三沙,2026-10-10T09:00,29.0,74,1011.3,0.0,34.9,63
三沙,2026-10-10T10:00,29.2,72,1011.6,0.0,35.3,63
三沙,2026-10-10T11:00,29.5,70,1011.7,0.1,33.8,65
三沙,2026-10-10T12:00,29.1,72,1011.2,0.3,32.5,68
三沙,2026-10-10T13:00,28.9,75,1010.6,0.3,31.9,67
三沙,2026-10-10T14:00,28.9,75,1009.9,0.1,31.9,66
三沙,2026-10-10T15:00,28.1,78,1009.5,0.2,29.5,64
三沙,2026-10-10T16:00,28.4,79,1009.2,0.2,28.6,54
三沙,2026-10-10T17:00,28.9,77,1009.5,0.0,29.4,53
三沙,2026-10-10T18:00,28.8,77,1009.8,0.1,31.0,54
三沙,2026-10-10T19:00,29.0,75,1010.1,0.0,33.1,51
三沙,2026-10-10T20:00,29.0,75,1011.1,0.0,31.4,44
三沙,2026-10-10T21:00,29.1,74,1011.6,0.0,31.6,45
三沙,2026-10-10T22:00,29.0,75,1011.9,0.0,32.5,45
三沙,2026-10-10T23:00,28.9,76,1012.0,0.0,33.4,46
三沙,2026-10-11T00:00,28.8,75,1011.6,0.0,34.0,46
三沙,2026-10-11T01:00,28.6,77,1011.4,0.1,35.9,46
三沙,2026-10-11T02:00,28.7,74,1010.9,0.1,36.4,45
三沙,2026-10-11T03:00,28.8,73,1010.4,0.4,35.5,46
三沙,2026-10-11T04:00,28.9,71,1010.4,0.6,35.9,47
三沙,2026-10-11T05:00,28.6,75,1010.5,0.5,35.8,48
三沙,2026-10-11T06:00,28.8,76,1010.7,0.0,35.0,43
三沙,2026-10-11T07:00,28.9,75,1011.2,0.0,36.9,46
三沙,2026-10-11T08:00,28.7,76,1011.9,0.0,37.6,46
儋州,2026-10-10T09:00,25.9,81,999.1,0.0,10.3,83
儋州,2026-10-10T10:00,27.2,73,999.3,0.0,14.5,75
儋州,2026-10-10T11:00,28.3,66,999.2,0.0,16.5,76
儋州,2026-10-10T12:00,29.2,61,998.6,0.0,15.5,75
儋州,2026-10-10T13:00,29.1,62,998.2,0.0,13.8,75
儋州,2026-10-10T14:00,29.9,57,997.2,0.0,13.6,67
儋州,2026-10-10T15:00,29.4,60,996.5,0.0,12.8,66
儋州,2026-10-10T16:00,29.3,60,996.1,0.0,12.3,69
儋州,2026-10-10T17:00,28.5,64,996.4,0.0,13.2,64
儋州,2026-10-10T18:00,26.7,73,996.9,0.0,12.2,53
儋州,2026-10-10T19:00,25.5,77,997.4,0.0,12.6,53
儋州,2026-10-10T20:00,25.2,77,998.4,0.0,13.2,55
儋州,2026-10-10T21:00,24.4,81,998.9,0.0,11.6,69
儋州,2026-10-10T22:00,23.7,86,999.2,0.0,9.9,94
儋州,2026-10-10T23:00,23.3,89,999.3,0.0,9.9,111
儋州,2026-10-11T00:00,22.8,91,999.2,0.0,9.0,116
儋州,2026-10-11T01:00,22.3,94,998.9,0.0,7.8,122
儋州,2026-10-11T02:00,22.2,95,998.7,0.0,7.9,107
儋州,2026-10-11T03:00,21.9,95,998.4,0.0,8.3,123
儋州,2026-10-11T04:00,21.6,96,998.4,0.0,7.7,118
儋州,2026-10-11T05:00,21.5,95,998.3,0.0,7.5,110
儋州,2026-10-11T06:00,21.3,95,998.7,0.0,6.5,118
儋州,2026-10-11T07:00,21.3,96,999.1,0.0,6.9,121
儋州,2026-10-11T08:00,23.5,89,999.9,0.0,6.2,128
重庆,2026-10-10T09:00,21.4,91,990.9,0.4,3.2,357
重庆,2026-10-10T10:00,22.7,84,991.2,0.1,5.5,349
重庆,2026-10-10T11:00,24.0,76,991.3,0.0,4.7,358
重庆,2026-10-10T12:00,24.1,75,991.0,0.0,4.8,331
重庆,2026-10-10T13:00,24.1,76,990.1,0.0,6.4,324
重庆,2026-10-10T14:00,23.4,78,989.9,0.0,8.5,324
重庆,2026-10-10T15:00,23.7,75,988.8,0.0,8.9,331
重庆,2026-10-10T16:00,24.0,74,988.4,0.0,8.7,323
重庆,2026-10-10T17:00,23.3,77,988.4,0.0,10.5,325
重庆,2026-10-10T18:00,22.4,82,988.7,0.0,8.4,325
重庆,2026-10-10T19:00,21.6,86,989.0,0.0,5.5,314
重庆,2026-10-10T20:00,21.8,86,990.0,0.0,7.0,314
重庆,2026-10-10T21:00,21.1,89,990.2,0.0,5.0,296
重庆,2026-10-10T22:00,20.9,91,990.5,0.0,4.2,288
重庆,2026-10-10T23:00,20.9,91,991.0,0.0,4.2,277
重庆,2026-10-11T00:00,20.8,91,991.0,0.0,5.1,266
重庆,2026-10-11T01:00,20.6,91,990.7,0.0,4.7,252
重庆,2026-10-11T02:00,20.6,91,990.6,0.0,4.9,260
重庆,2026-10-11T03:00,20.3,92,990.0,0.0,3.7,235
重庆,2026-10-11T04:00,20.2,92,989.4,0.0,4.4,251
重庆,2026-10-11T05:00,20.1,92,989.4,0.0,4.7,261
重庆,2026-10-11T06:00,20.1,91,989.7,0.0,4.0,278
重庆,2026-10-11T07:00,20.0,91,989.9,0.0,1.7,257
重庆,2026-10-11T08:00,20.3,88,990.2,0.0,1.5,249
成都,2026-10-10T09:00,17.6,93,966.0,0.5,7.3,344
成都,2026-10-10T10:00,18.1,91,966.3,0.1,5.9,333
成都,2026-10-10T11:00,18.5,88,966.5,0.1,4.5,317
成都,2026-10-10T12:00,18.8,85,966.5,0.2,3.5,309
成都,2026-10-10T13:00,19.3,79,965.7,0.0,3.8,329
成都,2026-10-10T14:00,19.3,78,965.9,0.0,3.3,351
成都,2026-10-10T15:00,19.8,73,964.4,0.0,6.5,44
成都,2026-10-10T16:00,20.5,67,963.8,0.0,6.4,32
成都,2026-10-10T17:00,20.4,68,963.5,0.0,4.7,358
成都,2026-10-10T18:00,19.7,75,963.6,0.0,2.7,332
成都,2026-10-10T19:00,18.4,81,963.8,0.0,1.7,257
成都,2026-10-10T20:00,18.9,84,964.7,0.0,3.1,260
成都,2026-10-10T21:00,18.5,84,964.9,0.0,5.4,268
成都,2026-10-10T22:00,18.6,84,965.0,0.0,4.7,302
成都,2026-10-10T23:00,18.4,84,965.3,0.0,4.8,333
成都,2026-10-11T00:00,18.4,80,965.2,0.0,4.8,349
成都,2026-10-11T01:00,18.1,80,964.6,0.0,3.8,8
成都,2026-10-11T02:00,18.1,82,964.4,0.0,3.8,49
成都,2026-10-11T03:00,17.7,83,963.6,0.0,3.9,56
成都,2026-10-11T04:00,17.5,84,962.9,0.0,2.8,79
成都,2026-10-11T05:00,17.4,86,962.7,0.0,1.9,73
成都,2026-10-11T06:00,17.3,87,962.8,0.0,1.1,9
成都,2026-10-11T07:00,16.5,90,962.8,0.0,1.5,30
成都,2026-10-11T08:00,17.2,88,963.3,0.0,3.0,57
自贡,2026-10-10T09:00,20.3,94,984.8,0.3,7.6,355
自贡,2026-10-10T10:00,20.4,93,985.1,0.4,8.5,1
自贡,2026-10-10T11:00,20.5,90,985.3,0.3,10.4,1
自贡,2026-10-10T12:00,21.0,81,985.2,0.1,12.2,359
自贡,2026-10-10T13:00,21.3,76,984.3,0.1,11.2,356
自贡,2026-10-10T14:00,21.3,75,984.3,0.1,9.6,340
自贡,2026-10-10T15:00,21.5,71,983.2,0.0,11.9,335
自贡,2026-10-10T16:00,21.6,67,982.6,0.0,12.1,337
自贡,2026-10-10T17:00,21.4,66,982.4,0.0,9.3,342
自贡,2026-10-10T18:00,21.0,69,982.8,0.0,4.9,17
自贡,2026-10-10T19:00,20.6,76,983.0,0.0,1.4,23
自贡,2026-10-10T20:00,21.0,72,983.9,0.0,4.2,329
自贡,2026-10-10T21:00,19.8,86,984.1,0.4,3.6,300
自贡,2026-10-10T22:00,19.3,92,984.5,0.5,5.4,274
自贡,2026-10-10T23:00,19.2,93,984.8,0.1,3.5,282
自贡,2026-10-11T00:00,19.2,92,984.7,0.0,1.5,234
自贡,2026-10-11T01:00,19.1,93,984.3,0.0,1.9,202
自贡,2026-10-11T02:00,19.2,93,984.2,0.0,3.8,239
自贡,2026-10-11T03:00,18.8,95,983.4,0.6,4.2,234
自贡,2026-10-11T04:00,18.6,95,982.8,0.0,5.5,226
自贡,2026-10-11T05:00,18.5,95,982.5,0.0,5.6,225
自贡,2026-10-11T06:00,18.5,95,982.5,0.1,4.1,221
自贡,2026-10-11T07:00,18.5,95,982.6,0.0,2.5,210
自贡,2026-10-11T08:00,18.9,91,982.9,0.0,1.9,209
攀枝花,2026-10-10T09:00,21.4,73,892.9,0.0,2.5,291
攀枝花,2026-10-10T10:00,23.1,64,893.5,0.0,1.8,191
攀枝花,2026-10-10T11:00,24.3,60,893.5,0.0,3.9,164
攀枝花,2026-10-10T12:00,25.2,58,893.1,0.0,3.6,139
攀枝花,2026-10-10T13:00,26.1,56,891.9,0.0,3.1,140
攀枝花,2026-10-10T14:00,26.3,55,891.4,0.0,3.5,105
攀枝花,2026-10-10T15:00,26.2,56,889.8,0.1,4.2,133
攀枝花,2026-10-10T16:00,26.1,56,888.9,0.0,3.9,112
攀枝花,2026-10-10T17:00,25.8,55,888.5,0.0,3.4,90
攀枝花,2026-10-10T18:00,25.2,61,888.4,0.0,1.2,63
攀枝花,2026-10-10T19:00,23.5,65,887.7,0.0,0.2,270
攀枝花,2026-10-10T20:00,23.6,65,888.8,0.0,0.3,315
攀枝花,2026-10-10T21:00,22.7,66,889.2,0.0,1.5,21
攀枝花,2026-10-10T22:00,21.4,70,889.5,0.0,2.5,330
攀枝花,2026-10-10T23:00,20.5,74,889.8,0.0,2.8,333
攀枝花,2026-10-11T00:00,19.7,79,890.2,0.0,2.7,312
攀枝花,2026-10-11T01:00,18.8,85,889.8,0.0,4.5,313
攀枝花,2026-10-11T02:00,18.6,90,890.4,0.0,2.4,318
攀枝花,2026-10-11T03:00,17.8,92,889.9,0.0,2.4,324
攀枝花,2026-10-11T04:00,17.4,92,889.6,0.0,1.8,315
攀枝花,2026-10-11T05:00,17.2,91,889.8,0.0,1.5,315
攀枝花,2026-10-11T06:00,17.0,89,890.0,0.0,1.9,319
攀枝花,2026-10-11T07:00,16.8,88,890.3,0.0,1.7,311
攀枝花,2026-10-11T08:00,17.9,88,891.4,0.0,2.2,305
泸州,2026-10-10T09:00,21.0,93,988.9,0.1,6.7,360
泸州,2026-10-10T10:00,21.4,92,989.2,0.1,7.5,11
泸州,2026-10-10T11:00,21.6,90,989.4,0.1,6.9,354
泸州,2026-10-10T12:00,22.2,88,989.2,0.2,9.4,329
泸州,2026-10-10T13:00,22.7,83,988.3,0.1,10.6,334
泸州,2026-10-10T14:00,22.0,85,988.2,0.0,13.2,329
泸州,2026-10-10T15:00,21.9,83,987.2,0.1,12.6,326
泸州,2026-10-10T16:00,22.1,80,986.7,0.0,12.1,328
泸州,2026-10-10T17:00,22.3,76,986.7,0.0,9.0,329
泸州,2026-10-10T18:00,21.7,81,987.1,0.0,7.5,320
泸州,2026-10-10T19:00,21.4,81,987.4,0.0,6.5,284
泸州,2026-10-10T20:00,21.4,78,988.5,0.0,9.0,293
泸州,2026-10-10T21:00,20.9,79,988.8,0.0,8.5,288
泸州,2026-10-10T22:00,20.8,79,989.2,0.0,7.9,273
泸州,2026-10-10T23:00,20.6,80,989.5,0.0,8.6,260
泸州,2026-10-11T00:00,20.4,82,989.6,0.0,9.1,255
泸州,2026-10-11T01:00,20.1,84,989.1,0.0,8.5,245
泸州,2026-10-11T02:00,20.2,84,988.9,0.0,8.7,246
泸州,2026-10-11T03:00,19.7,88,988.4,0.0,7.8,241
泸州,2026-10-11T04:00,19.6,87,987.7,0.0,6.3,239
泸州,2026-10-11T05:00,19.4,88,987.4,0.0,6.4,227
泸州,2026-10-11T06:00,19.3,88,987.5,0.0,6.1,225
泸州,2026-10-11T07:00,18.8,92,987.6,0.0,3.8,199
泸州,2026-10-11T08:00,19.3,88,987.8,0.0,4.1,195
德阳,2026-10-10T09:00,17.9,95,966.2,0.6,6.7,8
德阳,2026-10-10T10:00,17.9,95,966.6,1.2,11.3,65
德阳,2026-10-10T11:00,17.9,93,966.4,1.0,11.3,76
德阳,2026-10-10T12:00,18.4,86,966.3,0.0,8.7,72
德阳,2026-10-10T13:00,20.4,71,965.7,0.0,6.5,56
德阳,2026-10-10T14:00,20.0,69,965.9,0.0,4.1,45
德阳,2026-10-10T15:00,20.2,66,964.6,0.0,4.5,358
德阳,2026-10-10T16:00,20.0,67,963.9,0.0,5.1,342
德阳,2026-10-10T17:00,19.8,74,963.4,0.2,5.6,335
德阳,2026-10-10T18:00,19.4,76,963.9,0.0,4.0,328
德阳,2026-10-10T19:00,18.0,85,963.9,0.0,1.9,292
德阳,2026-10-10T20:00,18.4,72,964.9,0.0,12.6,46
德阳,2026-10-10T21:00,17.7,75,965.1,0.0,10.6,55
德阳,2026-10-10T22:00,17.3,77,965.3,0.0,7.7,53
德阳,2026-10-10T23:00,17.1,78,965.5,0.0,5.6,29
德阳,2026-10-11T00:00,16.9,79,965.2,0.0,5.1,42
德阳,2026-10-11T01:00,16.6,82,964.8,0.0,3.7,61
德阳,2026-10-11T02:00,16.9,84,964.5,0.0,4.7,67
德阳,2026-10-11T03:00,16.7,85,963.9,0.0,2.3,58
德阳,2026-10-11T04:00,16.6,85,963.0,0.0,2.3,86
德阳,2026-10-11T05:00,16.7,86,962.8,0.0,3.7,137
德阳,2026-10-11T06:00,16.7,87,963.1,0.0,1.7,148
德阳,2026-10-11T07:00,16.7,89,963.3,0.0,0.4,27
德阳,2026-10-11T08:00,17.1,85,963.7,0.0,1.3,56
绵阳,2026-10-10T09:00,19.1,92,967.2,0.4,6.2,38
绵阳,2026-10-10T10:00,19.6,90,967.5,0.8,3.9,13
绵阳,2026-10-10T11:00,19.9,86,967.6,1.0,3.8,41
绵阳,2026-10-10T12:00,19.7,89,967.4,1.0,5.8,56
绵阳,2026-10-10T13:00,19.5,87,966.5,0.6,6.1,43
绵阳,2026-10-10T14:00,20.6,71,966.6,0.1,7.6,34
绵阳,2026-10-10T15:00,20.7,65,965.6,0.0,7.2,39
绵阳,2026-10-10T16:00,20.9,62,964.9,0.0,6.0,33
绵阳,2026-10-10T17:00,20.6,64,964.4,0.0,4.0,18
绵阳,2026-10-10T18:00,20.3,70,964.6,0.0,2.5,339
绵阳,2026-10-10T19:00,18.6,80,964.7,0.0,3.2,267
绵阳,2026-10-10T20:00,18.5,80,966.0,0.0,8.8,121
绵阳,2026-10-10T21:00,17.2,86,965.9,0.1,6.4,108
绵阳,2026-10-10T22:00,16.7,88,965.9,0.0,3.5,111
绵阳,2026-10-10T23:00,16.9,88,966.1,0.0,2.3,72
绵阳,2026-10-11T00:00,17.0,89,966.1,0.0,5.7,319
绵阳,2026-10-11T01:00,17.1,87,965.8,0.0,6.3,294
绵阳,2026-10-11T02:00,17.5,85,965.6,0.0,4.7,310
绵阳,2026-10-11T03:00,17.2,88,964.9,0.0,5.3,280
绵阳,2026-10-11T04:00,17.4,87,964.1,0.0,5.5,289
绵阳,2026-10-11T05:00,17.3,89,963.9,0.0,2.3,247
绵阳,2026-10-11T06:00,17.2,91,964.2,0.0,1.6,186
绵阳,2026-10-11T07:00,17.2,92,964.4,0.0,1.5,210
绵阳,2026-10-11T08:00,17.5,90,964.7,0.0,1.3,225
广元,2026-10-10T09:00,20.4,52,967.1,0.0,13.1,353
广元,2026-10-10T10:00,19.4,60,967.4,0.1,11.1,351
广元,2026-10-10T11:00,17.6,82,966.9,0.8,11.9,360
广元,2026-10-10T12:00,18.1,84,966.8,0.4,8.8,351
广元,2026-10-10T13:00,18.9,73,966.1,0.2,9.2,359
广元,2026-10-10T14:00,18.9,66,966.1,0.3,9.6,8
广元,2026-10-10T15:00,19.4,61,965.0,0.0,10.1,10
广元,2026-10-10T16:00,19.7,59,964.2,0.0,8.6,16
广元,2026-10-10T17:00,19.9,58,963.6,0.0,7.8,8
广元,2026-10-10T18:00,19.7,60,963.6,0.0,5.6,2
广元,2026-10-10T19:00,18.3,67,963.4,0.0,4.0,357
广元,2026-10-10T20:00,17.9,68,964.8,0.0,3.7,11
广元,2026-10-10T21:00,17.0,73,964.8,0.0,3.1,350
广元,2026-10-10T22:00,17.5,70,965.0,0.0,2.5,356
广元,2026-10-10T23:00,17.8,69,965.1,0.0,3.5,9
广元,2026-10-11T00:00,17.8,71,965.1,0.0,2.0,355
广元,2026-10-11T01:00,17.8,72,964.9,0.0,2.0,350
广元,2026-10-11T02:00,17.5,74,965.0,0.0,2.8,342
广元,2026-10-11T03:00,17.2,77,964.2,0.0,4.3,17
广元,2026-10-11T04:00,17.0,80,963.3,0.1,3.6,351
广元,2026-10-11T05:00,17.0,79,963.1,0.0,4.1,2
广元,2026-10-11T06:00,17.0,80,963.4,0.0,3.5,9
广元,2026-10-11T07:00,16.8,83,963.5,0.2,3.6,342
广元,2026-10-11T08:00,16.5,90,963.9,0.4,3.9,323
遂宁,2026-10-10T09:00,18.1,89,988.0,0.3,14.9,352
遂宁,2026-10-10T10:00,18.9,87,988.4,0.5,14.1,355
遂宁,2026-10-10T11:00,18.8,85,988.5,0.3,13.2,3
遂宁,2026-10-10T12:00,19.5,78,988.5,0.1,10.3,5
遂宁,2026-10-10T13:00,19.4,78,987.6,0.2,10.1,344
遂宁,2026-10-10T14:00,19.3,80,987.3,0.0,10.3,2
遂宁,2026-10-10T15:00,20.5,75,986.4,0.0,10.2,350
遂宁,2026-10-10T16:00,20.8,74,985.8,0.0,9.7,1
遂宁,2026-10-10T17:00,21.2,72,985.3,0.0,8.1,21
遂宁,2026-10-10T18:00,20.8,76,985.7,0.0,4.3,360
遂宁,2026-10-10T19:00,19.5,83,985.7,0.0,4.0,330
遂宁,2026-10-10T20:00,19.2,90,986.9,0.0,4.8,338
遂宁,2026-10-10T21:00,18.7,95,987.0,1.2,5.9,342
遂宁,2026-10-10T22:00,18.5,96,987.3,0.1,5.5,337
遂宁,2026-10-10T23:00,18.5,96,987.7,0.2,5.0,300
遂宁,2026-10-11T00:00,18.5,96,987.5,0.3,5.4,323
遂宁,2026-10-11T01:00,18.4,95,987.2,0.1,4.9,327
遂宁,2026-10-11T02:00,18.2,95,987.0,0.0,5.5,337
遂宁,2026-10-11T03:00,17.8,95,986.1,0.5,4.7,332
遂宁,2026-10-11T04:00,17.4,96,986.0,0.1,3.3,315
遂宁,2026-10-11T05:00,17.5,95,985.6,1.0,2.2,355
遂宁,2026-10-11T06:00,17.4,96,985.8,1.1,2.4,306
遂宁,2026-10-11T07:00,17.5,95,986.1,0.1,1.8,336
遂宁,2026-10-11T08:00,17.6,95,986.5,0.0,1.9,299
内江,2026-10-10T09:00,20.0,96,982.3,1.3,7.5,339
内江,2026-10-10T10:00,20.5,93,982.7,0.6,9.1,351
内江,2026-10-10T11:00,20.4,93,982.9,0.5,11.0,346
内江,2026-10-10T12:00,20.6,89,982.8,0.2,11.9,354
内江,2026-10-10T13:00,20.8,84,981.9,0.0,11.2,354
内江,2026-10-10T14:00,21.9,75,981.9,0.0,11.7,339
内江,2026-10-10T15:00,22.0,72,980.8,0.0,12.6,335
内江,2026-10-10T16:00,22.0,70,980.0,0.0,12.2,336
内江,2026-10-10T17:00,21.7,70,979.9,0.0,9.3,326
内江,2026-10-10T18:00,21.1,72,980.3,0.0,7.5,303
内江,2026-10-10T19:00,20.0,77,980.4,0.0,7.6,292
内江,2026-10-10T20:00,20.8,76,981.4,0.0,6.7,322
内江,2026-10-10T21:00,20.3,81,981.6,0.2,4.0,309
内江,2026-10-10T22:00,19.4,89,981.9,1.7,7.4,302
内江,2026-10-10T23:00,19.0,92,982.4,0.5,5.6,299
内江,2026-10-11T00:00,18.8,93,982.2,0.2,3.7,284
内江,2026-10-11T01:00,18.7,93,981.8,0.5,2.8,252
内江,2026-10-11T02:00,18.9,94,981.7,0.0,4.5,275
内江,2026-10-11T03:00,18.7,95,981.1,1.1,2.8,281
内江,2026-10-11T04:00,18.7,94,980.4,0.4,2.4,234
内江,2026-10-11T05:00,18.7,95,980.2,0.3,2.6,214
内江,2026-10-11T06:00,18.7,95,980.3,0.1,2.2,180
内江,2026-10-11T07:00,18.7,94,980.4,0.0,1.3,180
内江,2026-10-11T08:00,18.8,93,980.7,0.0,1.8,191
乐山,2026-10-10T09:00,17.9,96,980.7,1.0,17.3,318
乐山,2026-10-10T10:00,19.1,89,981.4,0.3,15.1,315
乐山,2026-10-10T11:00,19.9,77,981.6,0.2,13.8,321
乐山,2026-10-10T12:00,20.6,66,981.4,0.0,13.4,321
乐山,2026-10-10T13:00,21.4,61,980.4,0.0,12.4,326
乐山,2026-10-10T14:00,21.5,58,980.2,0.0,13.6,337
乐山,2026-10-10T15:00,21.6,57,978.7,0.0,11.7,346
乐山,2026-10-10T16:00,22.8,55,977.9,0.0,12.4,338
乐山,2026-10-10T17:00,22.5,56,977.7,0.0,11.9,342
乐山,2026-10-10T18:00,21.7,63,978.1,0.0,6.5,360
乐山,2026-10-10T19:00,20.1,72,978.3,0.0,4.6,13
乐山,2026-10-10T20:00,20.5,71,979.4,0.0,5.1,352
乐山,2026-10-10T21:00,19.8,75,979.7,0.0,3.8,315
乐山,2026-10-10T22:00,19.5,78,979.9,0.0,3.1,283
乐山,2026-10-10T23:00,19.0,82,979.9,0.0,2.7,247
乐山,2026-10-11T00:00,18.7,85,979.8,0.0,2.7,247
乐山,2026-10-11T01:00,18.5,86,979.3,0.0,1.4,247
乐山,2026-10-11T02:00,18.7,86,979.0,0.0,2.9,169
乐山,2026-10-11T03:00,18.0,90,978.3,0.0,2.2,166
乐山,2026-10-11T04:00,17.8,91,977.6,0.0,1.5,173
乐山,2026-10-11T05:00,17.4,95,977.2,0.0,1.7,167
乐山,2026-10-11T06:00,16.6,98,977.1,0.0,2.2,166
乐山,2026-10-11T07:00,16.3,100,977.2,0.0,0.7,180
乐山,2026-10-11T08:00,17.2,99,977.7,0.0,0.7,346
南充,2026-10-10T09:00,20.4,89,982.0,0.6,7.2,305
南充,2026-10-10T10:00,19.3,90,982.2,2.0,10.7,319
南充,2026-10-10T11:00,18.6,88,982.5,0.9,11.6,321
南充,2026-10-10T12:00,18.9,89,982.1,1.2,8.4,317
南充,2026-10-10T13:00,19.6,88,981.4,0.4,8.5,316
南充,2026-10-10T14:00,18.9,90,981.3,0.1,8.3,326
南充,2026-10-10T15:00,20.8,80,980.3,0.1,9.1,351
南充,2026-10-10T16:00,22.1,73,979.8,0.0,9.6,4
南充,2026-10-10T17:00,21.6,73,979.6,0.0,8.7,14
南充,2026-10-10T18:00,21.0,77,979.5,0.0,6.1,24
南充,2026-10-10T19:00,19.8,83,979.8,0.0,4.1,315
南充,2026-10-10T20:00,20.1,87,981.0,0.0,5.2,340
南充,2026-10-10T21:00,19.2,94,980.9,2.0,6.7,344
南充,2026-10-10T22:00,19.2,95,981.2,2.7,4.8,333
南充,2026-10-10T23:00,19.0,95,981.4,0.6,5.4,310
南充,2026-10-11T00:00,18.8,95,981.5,0.0,6.5,302
南充,2026-10-11T01:00,18.5,96,981.1,0.2,6.4,295
南充,2026-10-11T02:00,18.5,97,981.1,0.4,5.7,307
南充,2026-10-11T03:00,18.2,97,980.3,0.1,3.6,330
南充,2026-10-11T04:00,18.1,97,979.8,0.4,1.9,326
南充,2026-10-11T05:00,18.0,97,979.6,0.7,4.3,303
南充,2026-10-11T06:00,18.1,97,979.9,0.5,2.3,270
南充,2026-10-11T07:00,18.2,97,980.1,1.1,1.5,150
南充,2026-10-11T08:00,18.5,96,980.3,0.6,1.9,229
眉山,2026-10-10T09:00,18.1,89,973.9,0.1,11.8,347
眉山,2026-10-10T10:00,19.0,82,974.4,0.0,7.2,325
眉山,2026-10-10T11:00,19.3,79,974.6,0.1,6.9,303
眉山,2026-10-10T12:00,19.3,81,974.4,0.4,6.9,303
眉山,2026-10-10T13:00,20.1,74,973.6,1.1,9.4,330
眉山,2026-10-10T14:00,21.0,63,973.7,0.0,10.8,342
眉山,2026-10-10T15:00,21.0,63,972.1,0.0,9.5,359
眉山,2026-10-10T16:00,21.5,61,971.4,0.0,5.6,4
眉山,2026-10-10T17:00,21.5,61,971.1,0.0,6.9,5
眉山,2026-10-10T18:00,20.8,67,971.4,0.0,5.0,341
眉山,2026-10-10T19:00,19.0,76,971.4,0.0,4.7,320
眉山,2026-10-10T20:00,19.7,75,972.6,0.0,3.8,311
眉山,2026-10-10T21:00,19.3,78,972.8,0.0,4.6,315
眉山,2026-10-10T22:00,19.2,81,972.8,0.0,3.2,308
眉山,2026-10-10T23:00,18.9,83,972.9,0.0,3.4,295
眉山,2026-10-11T00:00,18.6,85,972.8,0.0,2.2,265
眉山,2026-10-11T01:00,18.5,87,972.3,0.0,1.5,249
眉山,2026-10-11T02:00,18.6,90,972.0,0.0,1.2,231
眉山,2026-10-11T03:00,18.5,90,971.3,0.0,0.7,256
眉山,2026-10-11T04:00,18.3,90,970.7,0.0,0.5,270
眉山,2026-10-11T05:00,18.1,90,970.4,0.0,0.0,270
眉山,2026-10-11T06:00,17.6,92,970.4,0.0,1.2,141
眉山,2026-10-11T07:00,17.0,94,970.5,0.0,1.3,180
眉山,2026-10-11T08:00,17.7,92,971.0,0.0,2.2,215
宜宾,2026-10-10T09:00,19.8,98,985.4,0.2,9.9,322
宜宾,2026-10-10T10:00,20.2,98,985.8,0.4,9.4,328
宜宾,2026-10-10T11:00,20.6,98,985.9,0.4,8.4,313
宜宾,2026-10-10T12:00,19.9,94,985.9,0.8,15.2,299
宜宾,2026-10-10T13:00,19.5,91,985.1,0.4,15.7,295
宜宾,2026-10-10T14:00,20.4,81,985.1,0.0,18.1,305
宜宾,2026-10-10T15:00,19.8,82,983.9,0.0,16.4,312
宜宾,2026-10-10T16:00,19.9,80,983.4,0.0,15.1,315
宜宾,2026-10-10T17:00,20.2,76,983.3,0.0,12.6,312
宜宾,2026-10-10T18:00,20.2,75,983.7,0.0,10.2,315
宜宾,2026-10-10T19:00,19.9,77,984.0,0.0,8.9,310
宜宾,2026-10-10T20:00,19.9,81,984.8,0.0,6.7,286
宜宾,2026-10-10T21:00,19.5,82,985.2,0.0,8.3,283
宜宾,2026-10-10T22:00,19.3,81,985.5,0.0,9.1,284
宜宾,2026-10-10T23:00,19.1,83,985.7,0.1,8.2,279
宜宾,2026-10-11T00:00,19.2,83,985.6,0.0,6.0,263
宜宾,2026-10-11T01:00,19.2,83,985.3,0.0,5.6,239
宜宾,2026-10-11T02:00,18.8,93,984.9,0.1,5.4,250
宜宾,2026-10-11T03:00,18.7,93,984.2,0.2,4.2,250
宜宾,2026-10-11T04:00,18.8,91,983.6,0.0,2.7,247
宜宾,2026-10-11T05:00,19.0,90,983.3,0.0,1.9,229
宜宾,2026-10-11T06:00,19.1,88,983.3,0.0,1.3,172
宜宾,2026-10-11T07:00,18.9,92,983.3,0.0,2.8,140
宜宾,2026-10-11T08:00,19.3,91,983.5,0.0,4.2,137
广安,2026-10-10T09:00,21.4,93,984.8,1.7,3.5,291
广安,2026-10-10T10:00,21.6,94,984.9,1.1,2.7,58
广安,2026-10-10T11:00,22.2,90,985.2,0.7,3.2,52
广安,2026-10-10T12:00,22.1,91,984.9,1.0,2.2,76
广安,2026-10-10T13:00,22.4,91,984.2,0.7,3.5,249
广安,2026-10-10T14:00,21.2,93,984.1,2.0,6.5,294
广安,2026-10-10T15:00,21.2,93,983.0,1.1,5.2,331
广安,2026-10-10T16:00,21.6,88,982.5,0.1,4.5,353
广安,2026-10-10T17:00,21.8,86,982.4,0.0,4.9,24
广安,2026-10-10T18:00,21.5,88,982.5,0.0,5.2,61
广安,2026-10-10T19:00,20.2,95,982.6,0.0,3.5,75
广安,2026-10-10T20:00,20.6,95,983.8,0.0,1.5,30
广安,2026-10-10T21:00,20.2,96,983.8,0.0,1.2,27
广安,2026-10-10T22:00,19.7,98,983.9,0.0,1.6,6
广安,2026-10-10T23:00,20.2,97,984.3,0.1,0.2,270
广安,2026-10-11T00:00,20.1,98,984.3,1.4,4.4,249
广安,2026-10-11T01:00,20.0,99,984.1,5.5,3.1,249
广安,2026-10-11T02:00,20.2,98,984.2,5.2,4.2,234
广安,2026-10-11T03:00,19.9,98,983.3,3.2,3.9,214
广安,2026-10-11T04:00,19.8,98,982.9,0.3,2.6,231
广安,2026-10-11T05:00,19.9,98,982.6,0.3,4.9,204
广安,2026-10-11T06:00,19.7,98,983.1,0.1,6.9,223
广安,2026-10-11T07:00,19.5,98,983.2,0.8,7.8,220
广安,2026-10-11T08:00,19.6,97,983.5,0.7,5.2,194
达州,2026-10-10T09:00,22.5,86,986.0,0.0,5.9,35
达州,2026-10-10T10:00,24.3,76,986.4,0.0,3.5,35
达州,2026-10-10T11:00,25.4,69,986.4,0.0,0.8,45
达州,2026-10-10T12:00,25.5,67,985.9,0.0,1.4,90
达州,2026-10-10T13:00,24.9,71,985.0,0.1,5.1,253
达州,2026-10-10T14:00,23.1,79,985.1,1.4,6.8,295
达州,2026-10-10T15:00,22.4,86,984.3,0.4,4.3,315
达州,2026-10-10T16:00,22.4,87,984.0,0.2,4.2,301
达州,2026-10-10T17:00,22.2,88,983.8,0.1,2.6,335
达州,2026-10-10T18:00,21.5,96,984.1,2.1,1.9,331
达州,2026-10-10T19:00,21.4,98,984.0,1.2,2.3,72
达州,2026-10-10T20:00,21.9,96,985.0,0.1,4.0,30
达州,2026-10-10T21:00,21.8,96,985.2,0.0,1.7,18
达州,2026-10-10T22:00,21.7,95,985.2,0.0,2.7,23
达州,2026-10-10T23:00,21.1,96,985.3,0.0,3.2,34
达州,2026-10-11T00:00,20.9,97,985.3,0.0,1.6,354
达州,2026-10-11T01:00,21.0,97,985.0,0.1,0.8,333
达州,2026-10-11T02:00,20.9,99,985.1,3.9,1.5,277
达州,2026-10-11T03:00,20.7,99,984.6,0.7,3.1,350
达州,2026-10-11T04:00,20.7,98,984.2,0.7,2.8,349
达州,2026-10-11T05:00,20.6,97,984.0,1.2,1.5,346
达州,2026-10-11T06:00,20.5,97,984.4,2.1,2.2,24
达州,2026-10-11T07:00,20.4,98,984.5,1.8,1.5,76
达州,2026-10-11T08:00,20.7,97,985.3,2.4,3.1,77
雅安,2026-10-10T09:00,17.9,98,958.6,0.7,3.2,232
雅安,2026-10-10T10:00,18.0,95,959.0,0.2,5.0,226
雅安,2026-10-10T11:00,18.7,86,959.0,0.1,5.6,230
雅安,2026-10-10T12:00,19.5,78,958.7,0.2,4.4,243
雅安,2026-10-10T13:00,20.3,73,957.8,0.2,3.9,257
雅安,2026-10-10T14:00,19.6,73,957.5,0.0,3.4,286
雅安,2026-10-10T15:00,21.1,65,956.1,0.0,1.2,333
雅安,2026-10-10T16:00,21.7,61,955.4,0.0,3.9,56
雅安,2026-10-10T17:00,21.1,65,955.0,0.0,6.2,68
雅安,2026-10-10T18:00,20.1,69,955.4,0.0,5.7,79
雅安,2026-10-10T19:00,18.7,76,955.7,0.0,3.5,102
雅安,2026-10-10T20:00,19.0,75,956.5,0.0,3.1,111
雅安,2026-10-10T21:00,18.4,80,956.7,0.0,2.2,156
雅安,2026-10-10T22:00,18.3,82,956.8,0.0,1.6,180
雅安,2026-10-10T23:00,18.4,82,956.8,0.0,0.4,180
雅安,2026-10-11T00:00,18.2,83,956.6,0.0,0.2,270
雅安,2026-10-11T01:00,18.0,84,956.0,0.0,0.4,297
雅安,2026-10-11T02:00,18.0,86,955.7,0.0,1.9,56
雅安,2026-10-11T03:00,17.3,91,954.8,0.0,1.5,30
雅安,2026-10-11T04:00,17.2,91,954.2,0.0,1.5,36
雅安,2026-10-11T05:00,17.0,94,953.9,0.0,0.6,34
雅安,2026-10-11T06:00,16.6,94,953.8,0.0,0.4,27
雅安,2026-10-11T07:00,16.0,94,953.8,0.0,0.4,63
雅安,2026-10-11T08:00,17.1,86,954.5,0.0,0.5,315
巴中,2026-10-10T09:00,19.4,98,972.7,0.9,5.1,342
巴中,2026-10-10T10:00,20.2,95,973.0,0.1,3.9,317
巴中,2026-10-10T11:00,21.4,87,973.2,0.0,4.6,301
巴中,2026-10-10T12:00,22.3,80,972.9,0.2,4.3,327
巴中,2026-10-10T13:00,21.1,94,972.0,0.8,4.7,272
巴中,2026-10-10T14:00,21.1,93,971.9,0.1,4.6,321
巴中,2026-10-10T15:00,22.0,82,971.0,0.0,4.7,344
巴中,2026-10-10T16:00,21.1,89,970.5,0.4,2.2,305
巴中,2026-10-10T17:00,20.6,95,970.3,0.2,3.1,329
巴中,2026-10-10T18:00,20.3,98,970.6,0.6,1.3,326
巴中,2026-10-10T19:00,20.0,99,970.4,0.8,3.9,47
巴中,2026-10-10T20:00,20.0,97,971.7,0.6,2.7,8
巴中,2026-10-10T21:00,19.8,95,971.6,0.2,1.3,344
巴中,2026-10-10T22:00,19.9,95,971.8,0.0,0.7,14
巴中,2026-10-10T23:00,19.7,97,972.0,0.2,2.0,27
巴中,2026-10-11T00:00,19.7,96,972.1,0.8,0.5,315
巴中,2026-10-11T01:00,19.4,98,971.7,1.0,0.7,346
巴中,2026-10-11T02:00,19.5,98,971.8,0.4,3.1,353
巴中,2026-10-11T03:00,19.3,99,971.3,0.4,2.5,356
巴中,2026-10-11T04:00,19.2,98,970.7,0.6,4.0,72
巴中,2026-10-11T05:00,18.9,97,970.3,1.2,4.7,72
巴中,2026-10-11T06:00,18.8,97,970.6,0.2,3.9,68
巴中,2026-10-11T07:00,18.7,97,970.8,0.5,5.9,76
巴中,2026-10-11T08:00,19.0,97,971.3,1.2,5.7,81
资阳,2026-10-10T09:00,18.5,87,979.5,0.0,14.6,10
资阳,2026-10-10T10:00,19.2,79,980.0,0.0,14.1,13
资阳,2026-10-10T11:00,20.0,69,980.2,0.0,13.9,25
资阳,2026-10-10T12:00,20.2,66,980.2,0.0,13.2,26
资阳,2026-10-10T13:00,20.5,68,979.3,0.0,10.6,19
资阳,2026-10-10T14:00,19.8,71,979.4,0.0,9.8,354
资阳,2026-10-10T15:00,20.9,66,978.0,0.0,10.6,351
资阳,2026-10-10T16:00,21.4,64,977.1,0.0,9.9,2
资阳,2026-10-10T17:00,21.2,65,976.8,0.0,7.6,8
资阳,2026-10-10T18:00,20.6,70,977.2,0.0,6.3,353
资阳,2026-10-10T19:00,19.5,76,977.4,0.0,6.0,333
资阳,2026-10-10T20:00,19.7,77,978.3,0.0,5.1,18
资阳,2026-10-10T21:00,19.1,83,978.5,0.1,3.3,338
资阳,2026-10-10T22:00,18.8,87,978.7,0.0,2.7,278
资阳,2026-10-10T23:00,18.8,88,978.9,0.0,2.2,256
资阳,2026-10-11T00:00,18.7,89,978.8,0.0,3.8,262
资阳,2026-10-11T01:00,18.6,89,978.3,0.0,4.3,292
资阳,2026-10-11T02:00,18.7,88,978.3,0.0,4.0,342
资阳,2026-10-11T03:00,18.1,94,977.6,1.0,4.0,350
资阳,2026-10-11T04:00,17.9,95,977.0,0.3,4.2,353
资阳,2026-10-11T05:00,17.8,97,976.7,0.0,3.9,13
资阳,2026-10-11T06:00,17.8,98,976.8,0.1,2.6,34
资阳,2026-10-11T07:00,17.8,98,977.0,0.0,3.3,41
资阳,2026-10-11T08:00,17.9,96,977.3,0.0,4.1,49
阿坝,2026-10-10T09:00,7.0,95,754.8,0.9,2.5,291
阿坝,2026-10-10T10:00,8.1,88,755.3,0.6,2.4,297
阿坝,2026-10-10T11:00,9.1,83,755.4,0.5,1.9,304
阿坝,2026-10-10T12:00,10.6,76,755.4,0.1,1.9,311
阿坝,2026-10-10T13:00,11.8,71,754.9,0.0,1.5,306
阿坝,2026-10-10T14:00,12.5,68,754.7,0.0,3.3,279
阿坝,2026-10-10T15:00,13.9,61,753.9,0.0,2.2,275
阿坝,2026-10-10T16:00,14.3,58,753.2,0.0,0.6,304
阿坝,2026-10-10T17:00,14.2,57,752.6,0.0,1.8,45
阿坝,2026-10-10T18:00,13.2,63,752.0,0.0,1.5,83
阿坝,2026-10-10T19:00,10.5,72,750.3,0.0,1.3,106
阿坝,2026-10-10T20:00,10.5,77,751.1,0.0,1.7,139
阿坝,2026-10-10T21:00,9.5,84,750.7,0.2,2.2,132
阿坝,2026-10-10T22:00,8.4,89,750.5,0.1,2.2,132
阿坝,2026-10-10T23:00,8.6,90,752.1,1.2,2.1,128
阿坝,2026-10-11T00:00,8.5,90,752.2,0.6,1.5,126
阿坝,2026-10-11T01:00,8.0,91,751.5,0.1,1.4,130
阿坝,2026-10-11T02:00,7.4,94,751.5,0.0,1.2,141
阿坝,2026-10-11T03:00,6.7,96,751.0,0.0,1.5,111
阿坝,2026-10-11T04:00,5.9,99,750.1,0.0,2.6,102
阿坝,2026-10-11T05:00,5.3,99,749.4,0.0,3.2,93
阿坝,2026-10-11T06:00,5.3,98,749.5,0.0,4.0,90
阿坝,2026-10-11T07:00,5.4,97,749.8,0.0,3.6,90
阿坝,2026-10-11T08:00,6.2,97,750.8,0.0,5.2,90
甘孜,2026-10-10T09:00,9.7,96,757.1,0.8,1.9,41
甘孜,2026-10-10T10:00,10.6,93,757.7,0.6,2.8,79
甘孜,2026-10-10T11:00,11.3,91,757.8,0.4,3.8,101
甘孜,2026-10-10T12:00,12.3,84,758.2,0.3,4.9,98
甘孜,2026-10-10T13:00,12.1,90,757.2,0.7,4.2,97
甘孜,2026-10-10T14:00,13.2,78,757.4,0.7,4.1,103
甘孜,2026-10-10T15:00,12.9,81,755.8,0.5,5.8,88
甘孜,2026-10-10T16:00,12.0,88,755.2,0.8,6.7,85
甘孜,2026-10-10T17:00,11.2,93,754.9,0.7,5.6,86
甘孜,2026-10-10T18:00,10.3,96,754.9,0.4,4.6,99
甘孜,2026-10-10T19:00,9.7,98,755.1,0.3,3.8,85
甘孜,2026-10-10T20:00,9.8,96,756.0,0.2,3.1,93
甘孜,2026-10-10T21:00,9.3,97,756.1,0.2,3.1,100
甘孜,2026-10-10T22:00,9.0,97,756.3,0.1,2.2,104
甘孜,2026-10-10T23:00,9.1,96,756.7,0.1,0.8,63
甘孜,2026-10-11T00:00,9.0,95,756.6,0.1,0.6,34
甘孜,2026-10-11T01:00,8.9,93,756.2,0.0,0.6,342
甘孜,2026-10-11T02:00,8.7,93,755.9,0.0,1.5,324
甘孜,2026-10-11T03:00,7.9,94,754.6,0.0,1.2,309
甘孜,2026-10-11T04:00,7.4,94,753.5,0.0,1.8,276
甘孜,2026-10-11T05:00,7.0,93,752.3,0.0,2.3,274
甘孜,2026-10-11T06:00,6.6,91,751.5,0.0,3.1,277
甘孜,2026-10-11T07:00,6.5,86,751.2,0.0,3.2,270
甘孜,2026-10-11T08:00,7.6,90,752.1,0.0,4.5,268
凉山,2026-10-10T09:00,17.1,90,856.3,0.1,2.0,297
凉山,2026-10-10T10:00,18.6,78,856.9,0.0,2.1,308
凉山,2026-10-10T11:00,20.5,65,857.2,0.0,2.8,325
凉山,2026-10-10T12:00,21.8,62,856.8,0.0,3.6,319
凉山,2026-10-10T13:00,22.7,61,855.5,0.0,3.9,338
凉山,2026-10-10T14:00,22.8,57,855.1,0.0,4.9,336
凉山,2026-10-10T15:00,22.5,60,853.6,0.0,4.6,9
凉山,2026-10-10T16:00,23.1,57,852.6,0.0,4.3,33
凉山,2026-10-10T17:00,23.0,56,852.2,0.0,4.6,349
凉山,2026-10-10T18:00,21.8,63,851.9,0.0,2.4,9
凉山,2026-10-10T19:00,19.7,72,851.2,0.0,3.5,9
凉山,2026-10-10T20:00,18.8,81,852.9,0.0,5.0,330
凉山,2026-10-10T21:00,17.6,84,853.8,0.0,10.7,337
凉山,2026-10-10T22:00,17.2,85,854.1,0.0,2.2,346
凉山,2026-10-10T23:00,16.9,85,854.5,0.1,1.2,309
凉山,2026-10-11T00:00,17.0,84,855.0,0.3,1.8,11
凉山,2026-10-11T01:00,16.6,85,854.6,0.0,2.6,309
凉山,2026-10-11T02:00,16.6,85,854.7,0.0,3.4,6
凉山,2026-10-11T03:00,16.1,85,854.0,0.0,3.0,335
凉山,2026-10-11T04:00,16.1,85,853.8,0.0,4.0,5
凉山,2026-10-11T05:00,15.7,86,853.5,0.0,4.2,355
凉山,2026-10-11T06:00,15.3,87,853.5,0.0,4.2,12
凉山,2026-10-11T07:00,15.5,87,853.9,0.0,4.2,10
凉山,2026-10-11T08:00,16.2,86,854.6,0.0,5.3,10
贵阳,2026-10-10T09:00,18.7,66,882.0,0.0,3.9,66
贵阳,2026-10-10T10:00,20.6,59,882.5,0.0,3.3,77
贵阳,2026-10-10T11:00,22.1,55,882.8,0.0,3.3,81
贵阳,2026-10-10T12:00,23.4,53,882.7,0.0,4.5,95
贵阳,2026-10-10T13:00,24.2,50,881.8,0.0,7.4,119
贵阳,2026-10-10T14:00,24.2,50,881.1,0.0,7.7,123
贵阳,2026-10-10T15:00,24.4,47,880.3,0.0,5.7,131
贵阳,2026-10-10T16:00,24.6,43,879.7,0.0,4.1,146
贵阳,2026-10-10T17:00,24.2,45,879.4,0.0,6.5,166
贵阳,2026-10-10T18:00,22.5,60,879.0,0.0,5.2,160
贵阳,2026-10-10T19:00,20.2,68,878.6,0.0,5.3,62
贵阳,2026-10-10T20:00,19.3,67,879.4,0.0,12.1,55
贵阳,2026-10-10T21:00,18.1,69,880.0,0.0,7.7,78
贵阳,2026-10-10T22:00,17.1,76,880.0,0.0,4.0,72
贵阳,2026-10-10T23:00,16.7,77,880.2,0.0,3.7,79
贵阳,2026-10-11T00:00,16.4,76,880.4,0.0,3.0,57
贵阳,2026-10-11T01:00,16.1,76,879.9,0.0,2.5,45
贵阳,2026-10-11T02:00,15.9,78,879.7,0.0,3.6,53
贵阳,2026-10-11T03:00,15.1,79,879.2,0.0,2.2,55
贵阳,2026-10-11T04:00,14.9,80,878.7,0.0,2.3,45
贵阳,2026-10-11T05:00,15.2,79,878.7,0.0,2.8,40
贵阳,2026-10-11T06:00,15.4,79,879.1,0.0,2.7,58
贵阳,2026-10-11T07:00,15.5,80,879.4,0.0,1.5,111
贵阳,2026-10-11T08:00,16.6,75,880.4,0.0,4.2,149
六盘水,2026-10-10T09:00,15.4,88,829.4,0.0,0.9,281
六盘水,2026-10-10T10:00,18.2,71,830.6,0.0,1.9,241
六盘水,2026-10-10T11:00,20.6,57,831.0,0.1,4.0,175
六盘水,2026-10-10T12:00,21.5,55,830.7,0.3,6.8,155
六盘水,2026-10-10T13:00,22.1,51,829.9,0.2,8.9,153
六盘水,2026-10-10T14:00,22.5,48,829.5,0.2,9.5,148
六盘水,2026-10-10T15:00,22.3,49,828.5,0.1,12.0,145
六盘水,2026-10-10T16:00,21.3,53,827.7,0.2,13.8,141
六盘水,2026-10-10T17:00,19.9,61,827.5,0.2,14.2,140
六盘水,2026-10-10T18:00,18.6,67,827.4,0.0,13.1,139
六盘水,2026-10-10T19:00,16.2,76,826.4,0.0,8.5,142
六盘水,2026-10-10T20:00,16.3,78,826.9,0.0,6.8,153
六盘水,2026-10-10T21:00,15.7,81,827.6,0.0,7.6,144
六盘水,2026-10-10T22:00,15.2,84,827.8,0.0,5.6,140
六盘水,2026-10-10T23:00,14.5,88,827.9,0.0,4.3,138
六盘水,2026-10-11T00:00,14.4,90,828.2,0.0,3.7,145
六盘水,2026-10-11T01:00,14.0,92,827.8,0.0,4.1,167
六盘水,2026-10-11T02:00,14.0,95,827.6,0.0,5.1,172
六盘水,2026-10-11T03:00,12.9,96,826.7,0.0,4.4,189
六盘水,2026-10-11T04:00,12.6,96,826.3,0.0,4.0,201
六盘水,2026-10-11T05:00,12.1,96,825.9,0.0,4.1,203
六盘水,2026-10-11T06:00,11.8,96,826.0,0.0,4.7,208
六盘水,2026-10-11T07:00,11.5,97,826.0,0.0,4.6,216
六盘水,2026-10-11T08:00,13.6,93,827.8,0.0,5.7,212
遵义,2026-10-10T09:00,19.4,67,925.0,0.0,4.1,88
遵义,2026-10-10T10:00,21.0,60,925.5,0.0,6.7,96
遵义,2026-10-10T11:00,22.4,52,925.6,0.0,7.6,102
遵义,2026-10-10T12:00,23.6,47,925.2,0.0,7.9,106
遵义,2026-10-10T13:00,24.4,45,924.3,0.0,7.6,108
遵义,2026-10-10T14:00,24.9,45,923.6,0.0,7.4,97
遵义,2026-10-10T15:00,25.0,46,922.6,0.0,7.1,96
遵义,2026-10-10T16:00,24.8,46,922.1,0.0,7.6,97
遵义,2026-10-10T17:00,24.2,47,921.8,0.0,7.9,87
遵义,2026-10-10T18:00,22.2,62,921.7,0.0,4.5,67
遵义,2026-10-10T19:00,20.5,62,921.2,0.0,7.3,62
遵义,2026-10-10T20:00,19.9,65,922.2,0.0,6.2,52
遵义,2026-10-10T21:00,18.9,71,922.6,0.0,5.1,54
遵义,2026-10-10T22:00,18.6,71,922.8,0.0,4.5,40
遵义,2026-10-10T23:00,18.0,72,923.2,0.0,3.5,15
遵义,2026-10-11T00:00,17.6,72,923.5,0.0,2.4,347
遵义,2026-10-11T01:00,17.3,72,923.1,0.0,1.8,354
遵义,2026-10-11T02:00,17.1,75,923.1,0.0,2.2,360
遵义,2026-10-11T03:00,16.0,80,922.2,0.0,2.5,4
遵义,2026-10-11T04:00,15.0,86,921.6,0.0,2.0,355
遵义,2026-10-11T05:00,14.1,92,921.3,0.0,2.2,360
遵义,2026-10-11T06:00,13.7,94,921.5,0.0,2.0,355
遵义,2026-10-11T07:00,13.5,95,921.7,0.0,2.3,360
遵义,2026-10-11T08:00,16.2,86,923.0,0.0,3.5,9
安顺,2026-10-10T09:00,18.6,70,871.3,0.0,1.9,56
安顺,2026-10-10T10:00,20.4,62,872.0,0.0,0.9,349
安顺,2026-10-10T11:00,21.9,57,872.3,0.0,1.1,351
安顺,2026-10-10T12:00,23.2,53,872.2,0.0,1.8,127
安顺,2026-10-10T13:00,24.3,50,871.5,0.1,5.7,143
安顺,2026-10-10T14:00,24.8,45,870.7,0.0,5.7,122
安顺,2026-10-10T15:00,24.9,45,869.7,0.0,7.6,137
安顺,2026-10-10T16:00,23.9,48,869.1,0.0,11.5,153
安顺,2026-10-10T17:00,23.5,49,868.9,0.0,9.1,155
安顺,2026-10-10T18:00,22.2,57,868.8,0.0,6.2,195
安顺,2026-10-10T19:00,19.8,69,868.2,0.0,8.1,212
安顺,2026-10-10T20:00,19.5,74,868.6,0.0,5.1,184
安顺,2026-10-10T21:00,18.5,78,869.4,0.0,5.6,149
安顺,2026-10-10T22:00,17.8,80,869.7,0.0,7.3,140
安顺,2026-10-10T23:00,17.3,81,869.7,0.0,5.9,142
安顺,2026-10-11T00:00,16.8,81,869.8,0.0,4.8,119
安顺,2026-10-11T01:00,16.3,82,869.5,0.0,5.9,110
安顺,2026-10-11T02:00,16.0,85,869.4,0.0,6.8,107
安顺,2026-10-11T03:00,15.2,89,868.6,0.0,6.0,117
安顺,2026-10-11T04:00,15.4,88,868.4,0.0,6.1,118
安顺,2026-10-11T05:00,16.2,82,868.7,0.0,5.3,125
安顺,2026-10-11T06:00,16.0,82,869.0,0.0,5.2,131
安顺,2026-10-11T07:00,15.6,82,868.9,0.0,5.4,143
安顺,2026-10-11T08:00,17.1,76,870.1,0.0,8.0,157
毕节,2026-10-10T09:00,16.9,89,861.6,0.0,3.0,194
毕节,2026-10-10T10:00,19.5,72,862.5,0.0,5.6,202
毕节,2026-10-10T11:00,21.1,64,862.6,0.1,3.6,186
毕节,2026-10-10T12:00,22.0,63,862.3,0.6,3.1,144
毕节,2026-10-10T13:00,22.1,66,861.2,1.2,4.3,92
毕节,2026-10-10T14:00,22.5,59,861.2,0.6,5.0,44
毕节,2026-10-10T15:00,20.3,72,859.9,0.3,12.6,24
毕节,2026-10-10T16:00,18.9,83,859.0,1.0,11.7,37
毕节,2026-10-10T17:00,18.4,90,859.1,0.7,12.9,37
毕节,2026-10-10T18:00,17.9,89,859.5,0.0,12.1,35
毕节,2026-10-10T19:00,16.5,96,859.2,0.1,9.3,18
毕节,2026-10-10T20:00,16.7,96,859.9,0.0,10.1,16
毕节,2026-10-10T21:00,16.4,98,860.5,0.0,7.7,25
毕节,2026-10-10T22:00,16.2,99,860.8,0.0,8.0,36
毕节,2026-10-10T23:00,15.9,98,861.2,0.1,6.9,49
毕节,2026-10-11T00:00,15.9,99,861.3,0.1,6.3,83
毕节,2026-10-11T01:00,15.6,100,860.7,0.0,5.6,96
毕节,2026-10-11T02:00,15.8,99,860.6,0.0,6.2,100
毕节,2026-10-11T03:00,15.4,100,859.9,0.0,4.7,92
毕节,2026-10-11T04:00,15.1,100,859.4,0.0,4.0,126
毕节,2026-10-11T05:00,15.1,99,859.2,0.0,4.4,168
毕节,2026-10-11T06:00,14.8,99,859.1,0.0,5.1,186
毕节,2026-10-11T07:00,14.5,99,858.9,0.0,7.0,198
毕节,2026-10-11T08:00,15.3,95,859.6,0.0,8.8,192
铜仁,2026-10-10T09:00,20.7,72,989.0,0.0,1.4,247
铜仁,2026-10-10T10:00,23.1,60,989.2,0.0,1.5,315
铜仁,2026-10-10T11:00,25.1,53,989.0,0.0,3.1,357
铜仁,2026-10-10T12:00,26.8,46,988.4,0.0,4.4,21
铜仁,2026-10-10T13:00,28.0,41,987.3,0.0,6.5,39
铜仁,2026-10-10T14:00,28.5,39,986.3,0.0,7.6,54
铜仁,2026-10-10T15:00,28.5,38,985.5,0.0,7.4,64
铜仁,2026-10-10T16:00,28.2,40,985.1,0.0,7.8,67
铜仁,2026-10-10T17:00,27.1,47,985.0,0.0,6.8,63
铜仁,2026-10-10T18:00,24.4,60,985.0,0.0,5.1,63
铜仁,2026-10-10T19:00,21.9,69,984.9,0.0,4.7,86
铜仁,2026-10-10T20:00,21.0,75,986.0,0.0,4.1,103
铜仁,2026-10-10T21:00,19.4,82,986.6,0.0,3.6,99
铜仁,2026-10-10T22:00,18.7,84,987.0,0.0,2.8,105
铜仁,2026-10-10T23:00,18.5,82,987.1,0.0,2.2,99
铜仁,2026-10-11T00:00,18.6,80,987.2,0.0,0.9,127
铜仁,2026-10-11T01:00,18.1,81,987.3,0.0,0.6,214
铜仁,2026-10-11T02:00,17.9,83,987.5,0.0,0.6,252
铜仁,2026-10-11T03:00,17.1,86,987.1,0.0,0.4,180
铜仁,2026-10-11T04:00,16.8,87,986.6,0.0,0.6,146
铜仁,2026-10-11T05:00,16.5,87,986.4,0.0,0.8,153
铜仁,2026-10-11T06:00,16.1,89,986.8,0.0,0.6,162
铜仁,2026-10-11T07:00,15.8,91,987.3,0.0,1.3,214
铜仁,2026-10-11T08:00,17.7,85,988.1,0.0,2.4,228
黔西南,2026-10-10T09:00,18.4,76,878.7,0.0,6.0,327
黔西南,2026-10-10T10:00,20.5,64,879.4,0.0,3.8,343
黔西南,2026-10-10T11:00,22.2,55,879.8,0.0,2.8,11
黔西南,2026-10-10T12:00,23.5,51,879.8,0.0,2.3,67
黔西南,2026-10-10T13:00,24.5,49,878.9,0.0,5.9,133
黔西南,2026-10-10T14:00,25.1,45,878.2,0.0,8.1,141
黔西南,2026-10-10T15:00,25.0,43,877.3,0.0,11.8,151
黔西南,2026-10-10T16:00,24.7,44,876.6,0.0,12.1,162
黔西南,2026-10-10T17:00,23.8,49,876.1,0.0,11.3,162
黔西南,2026-10-10T18:00,22.3,58,875.8,0.0,7.1,150
黔西南,2026-10-10T19:00,19.6,70,875.0,0.0,6.1,168
黔西南,2026-10-10T20:00,19.7,70,876.0,0.0,7.0,151
黔西南,2026-10-10T21:00,18.9,70,876.7,0.0,6.4,153
黔西南,2026-10-10T22:00,18.2,71,876.7,0.0,5.2,155
黔西南,2026-10-10T23:00,17.9,72,877.0,0.0,4.6,169
黔西南,2026-10-11T00:00,18.2,72,877.5,0.0,1.2,207
黔西南,2026-10-11T01:00,18.4,74,877.5,0.0,0.6,304
黔西南,2026-10-11T02:00,18.6,78,877.6,0.0,1.0,338
黔西南,2026-10-11T03:00,17.7,81,877.0,0.0,0.4,297
黔西南,2026-10-11T04:00,17.3,83,876.7,0.0,1.2,207
黔西南,2026-10-11T05:00,17.0,84,876.5,0.0,0.5,270
黔西南,2026-10-11T06:00,15.9,88,876.2,0.0,0.5,270
黔西南,2026-10-11T07:00,15.3,91,876.3,0.0,1.1,288
黔西南,2026-10-11T08:00,17.3,85,877.8,0.0,3.2,308
黔东南,2026-10-10T09:00,18.8,70,940.1,0.0,6.5,28
黔东南,2026-10-10T10:00,21.0,63,940.5,0.0,8.4,35
黔东南,2026-10-10T11:00,22.8,56,940.6,0.0,9.5,37
黔东南,2026-10-10T12:00,24.3,51,940.2,0.0,9.5,39
黔东南,2026-10-10T13:00,25.4,46,939.3,0.0,9.6,38
黔东南,2026-10-10T14:00,26.1,44,938.4,0.0,10.3,36
黔东南,2026-10-10T15:00,26.3,42,937.4,0.0,10.2,44
黔东南,2026-10-10T16:00,26.2,42,937.0,0.0,11.7,41
黔东南,2026-10-10T17:00,25.2,46,936.8,0.0,11.5,39
黔东南,2026-10-10T18:00,22.8,55,936.6,0.0,9.0,30
黔东南,2026-10-10T19:00,20.9,59,936.2,0.0,10.6,40
黔东南,2026-10-10T20:00,20.2,62,937.4,0.0,8.5,52
黔东南,2026-10-10T21:00,18.9,67,937.8,0.0,8.5,54
黔东南,2026-10-10T22:00,18.1,71,937.9,0.0,7.7,51
黔东南,2026-10-10T23:00,17.3,74,937.9,0.0,6.4,36
黔东南,2026-10-11T00:00,16.7,76,938.1,0.0,6.4,32
黔东南,2026-10-11T01:00,15.8,81,937.8,0.0,4.9,39
黔东南,2026-10-11T02:00,15.7,84,938.0,0.0,3.7,55
黔东南,2026-10-11T03:00,15.0,86,937.6,0.0,2.5,69
黔东南,2026-10-11T04:00,14.9,85,937.3,0.0,1.4,23
黔东南,2026-10-11T05:00,14.7,84,937.3,0.0,1.1,342
黔东南,2026-10-11T06:00,14.7,83,937.7,0.0,0.8,315
黔东南,2026-10-11T07:00,14.5,83,937.9,0.0,0.8,315
黔东南,2026-10-11T08:00,16.5,75,938.9,0.0,1.7,342
黔南,2026-10-10T09:00,20.2,61,932.8,0.0,9.0,13
黔南,2026-10-10T10:00,22.0,55,933.2,0.0,8.5,17
黔南,2026-10-10T11:00,23.8,48,933.3,0.0,9.1,25
黔南,2026-10-10T12:00,25.3,43,933.0,0.0,8.3,33
黔南,2026-10-10T13:00,26.4,39,932.1,0.0,7.8,34
黔南,2026-10-10T14:00,27.0,37,931.3,0.0,7.9,30
黔南,2026-10-10T15:00,27.2,36,930.4,0.0,6.5,30
黔南,2026-10-10T16:00,27.2,37,929.9,0.0,5.7,32
黔南,2026-10-10T17:00,26.5,42,929.6,0.0,4.6,36
黔南,2026-10-10T18:00,23.4,58,929.1,0.0,6.1,34
黔南,2026-10-10T19:00,20.7,63,928.8,0.0,5.1,48
黔南,2026-10-10T20:00,20.7,62,929.8,0.0,4.6,48
黔南,2026-10-10T21:00,19.2,66,930.3,0.0,4.9,10
黔南,2026-10-10T22:00,18.3,71,930.5,0.0,5.6,331
黔南,2026-10-10T23:00,17.2,76,930.6,0.0,5.4,326
黔南,2026-10-11T00:00,16.5,78,930.7,0.0,5.6,333
黔南,2026-10-11T01:00,16.2,79,930.6,0.0,4.8,333
黔南,2026-10-11T02:00,17.0,75,930.9,0.0,2.6,348
黔南,2026-10-11T03:00,16.2,78,930.4,0.0,3.1,353
黔南,2026-10-11T04:00,15.9,79,930.1,0.0,2.7,340
黔南,2026-10-11T05:00,15.8,79,929.9,0.0,1.7,328
黔南,2026-10-11T06:00,15.9,79,930.4,0.0,1.0,301
黔南,2026-10-11T07:00,16.2,79,930.6,0.0,0.6,326
黔南,2026-10-11T08:00,18.0,73,931.8,0.0,1.9,319
昆明,2026-10-10T09:00,15.3,84,820.8,0.0,3.6,87
昆明,2026-10-10T10:00,17.2,72,821.6,0.0,4.2,133
昆明,2026-10-10T11:00,18.9,63,822.0,0.0,6.7,149
昆明,2026-10-10T12:00,20.3,55,822.0,0.0,7.6,162
昆明,2026-10-10T13:00,21.5,49,821.3,0.0,7.7,177
昆明,2026-10-10T14:00,21.9,45,820.9,0.1,9.2,192
昆明,2026-10-10T15:00,21.7,45,820.0,0.0,11.8,193
昆明,2026-10-10T16:00,21.8,43,819.3,0.0,11.0,184
昆明,2026-10-10T17:00,21.6,43,818.9,0.0,9.5,179
昆明,2026-10-10T18:00,21.2,45,818.7,0.0,8.4,164
昆明,2026-10-10T19:00,19.7,52,817.8,0.0,5.7,136
昆明,2026-10-10T20:00,20.0,51,818.9,0.0,9.0,158
昆明,2026-10-10T21:00,18.8,56,819.3,0.0,8.0,152
昆明,2026-10-10T22:00,17.9,60,819.4,0.0,5.4,159
昆明,2026-10-10T23:00,17.1,66,819.5,0.0,4.1,178
昆明,2026-10-11T00:00,16.4,72,819.6,0.0,3.8,188
昆明,2026-10-11T01:00,15.7,77,819.2,0.0,3.2,207
昆明,2026-10-11T02:00,15.8,79,819.1,0.0,2.7,180
昆明,2026-10-11T03:00,14.8,81,818.4,0.0,3.1,149
昆明,2026-10-11T04:00,14.2,84,818.1,0.0,2.2,132
昆明,2026-10-11T05:00,13.7,87,817.9,0.0,1.0,68
昆明,2026-10-11T06:00,13.1,88,817.9,0.0,1.0,45
昆明,2026-10-11T07:00,12.6,89,818.0,0.0,1.0,31
昆明,2026-10-11T08:00,13.6,85,819.3,0.0,2.3,29
曲靖,2026-10-10T09:00,15.2,80,821.9,0.0,3.1,126
曲靖,2026-10-10T10:00,17.5,70,822.9,0.0,1.0,135
曲靖,2026-10-10T11:00,19.4,60,823.4,0.0,1.4,90
曲靖,2026-10-10T12:00,20.9,53,823.2,0.1,2.2,90
曲靖,2026-10-10T13:00,22.4,46,822.4,0.3,3.9,137
曲靖,2026-10-10T14:00,23.4,40,822.0,0.1,6.1,192
曲靖,2026-10-10T15:00,23.3,40,821.0,0.1,11.7,209
曲靖,2026-10-10T16:00,22.4,44,820.1,0.2,13.8,195
曲靖,2026-10-10T17:00,22.2,44,819.8,0.0,9.0,177
曲靖,2026-10-10T18:00,21.6,45,819.5,0.0,10.8,144
曲靖,2026-10-10T19:00,18.3,60,819.0,0.0,15.5,135
曲靖,2026-10-10T20:00,17.9,64,819.5,0.0,11.7,143
曲靖,2026-10-10T21:00,16.8,68,820.0,0.0,11.3,144
曲靖,2026-10-10T22:00,15.8,71,820.0,0.0,10.6,150
曲靖,2026-10-10T23:00,15.2,74,820.4,0.0,9.8,149
曲靖,2026-10-11T00:00,14.4,79,820.4,0.0,8.7,156
曲靖,2026-10-11T01:00,13.6,85,819.9,0.0,7.9,160
曲靖,2026-10-11T02:00,13.4,89,819.8,0.0,5.7,162
曲靖,2026-10-11T03:00,12.7,92,819.2,0.0,6.3,167
曲靖,2026-10-11T04:00,12.4,92,818.9,0.0,5.8,178
曲靖,2026-10-11T05:00,12.1,92,818.6,0.0,5.3,172
曲靖,2026-10-11T06:00,11.8,93,818.7,0.0,4.9,170
曲靖,2026-10-11T07:00,11.7,93,818.9,0.0,4.7,173
曲靖,2026-10-11T08:00,13.8,86,820.7,0.0,5.3,170
玉溪,2026-10-10T09:00,18.7,77,845.9,0.0,3.1,111
玉溪,2026-10-10T10:00,20.8,62,846.7,0.0,5.0,116
玉溪,2026-10-10T11:00,22.8,50,847.2,0.0,5.7,122
玉溪,2026-10-10T12:00,24.9,41,847.3,0.0,6.1,124
玉溪,2026-10-10T13:00,26.5,34,846.5,0.0,7.5,134
玉溪,2026-10-10T14:00,27.4,31,846.2,0.0,9.0,147
玉溪,2026-10-10T15:00,26.9,30,845.0,0.0,10.1,155
玉溪,2026-10-10T16:00,26.5,30,844.0,0.0,8.7,162
玉溪,2026-10-10T17:00,26.0,32,843.4,0.0,8.0,164
玉溪,2026-10-10T18:00,25.2,33,843.3,0.0,8.7,166
玉溪,2026-10-10T19:00,23.2,39,842.8,0.0,9.3,137
玉溪,2026-10-10T20:00,22.7,40,843.5,0.0,7.8,136
玉溪,2026-10-10T21:00,20.9,49,843.9,0.0,7.6,133
玉溪,2026-10-10T22:00,19.8,56,844.1,0.0,2.7,160
玉溪,2026-10-10T23:00,19.2,59,844.5,0.0,0.4,270
玉溪,2026-10-11T00:00,18.5,62,844.5,0.0,1.9,331
玉溪,2026-10-11T01:00,17.8,67,844.2,0.0,0.9,360
玉溪,2026-10-11T02:00,17.5,72,844.0,0.0,2.0,45
玉溪,2026-10-11T03:00,16.3,79,843.3,0.0,2.4,27
玉溪,2026-10-11T04:00,15.7,83,842.8,0.0,2.6,12
玉溪,2026-10-11T05:00,15.2,86,842.6,0.0,2.5,8
玉溪,2026-10-11T06:00,15.2,86,843.0,0.0,2.2,360
玉溪,2026-10-11T07:00,15.4,86,843.5,0.0,1.5,346
玉溪,2026-10-11T08:00,16.7,78,844.8,0.0,3.0,335
保山,2026-10-10T09:00,18.1,75,842.4,0.0,2.8,63
保山,2026-10-10T10:00,20.1,63,843.6,0.0,3.1,93
保山,2026-10-10T11:00,21.7,57,844.1,0.0,4.7,122
保山,2026-10-10T12:00,22.6,55,843.9,0.1,5.7,143
保山,2026-10-10T13:00,23.5,52,843.2,0.1,4.7,152
保山,2026-10-10T14:00,23.4,51,842.7,0.1,3.6,135
保山,2026-10-10T15:00,23.1,55,841.0,0.8,5.8,166
保山,2026-10-10T16:00,22.8,56,840.3,0.6,5.2,182
保山,2026-10-10T17:00,23.2,52,840.3,0.1,3.4,196
保山,2026-10-10T18:00,22.3,55,840.2,0.1,4.9,180
保山,2026-10-10T19:00,19.6,74,839.2,0.0,2.7,203
保山,2026-10-10T20:00,19.2,75,839.7,0.0,0.9,270
保山,2026-10-10T21:00,18.0,77,840.0,0.0,2.0,297
保山,2026-10-10T22:00,17.1,80,840.2,0.0,2.7,307
保山,2026-10-10T23:00,16.5,83,840.6,0.0,3.6,315
保山,2026-10-11T00:00,15.9,86,840.5,0.0,3.6,319
保山,2026-10-11T01:00,15.5,87,840.3,0.0,3.5,321
保山,2026-10-11T02:00,15.2,93,840.3,0.0,1.7,319
保山,2026-10-11T03:00,14.9,90,839.9,0.0,0.3,315
保山,2026-10-11T04:00,14.8,88,839.7,0.0,1.5,324
保山,2026-10-11T05:00,14.3,90,839.5,0.0,3.1,332
保山,2026-10-11T06:00,13.8,92,839.5,0.0,2.9,330
保山,2026-10-11T07:00,13.6,92,839.7,0.0,3.0,322
保山,2026-10-11T08:00,14.8,88,840.9,0.0,5.6,331
昭通,2026-10-10T09:00,14.5,92,816.3,0.4,2.9,30
昭通,2026-10-10T10:00,15.3,88,816.9,0.1,0.4,297
昭通,2026-10-10T11:00,17.1,75,817.4,0.1,2.4,207
昭通,2026-10-10T12:00,19.3,64,817.9,0.0,3.2,270
昭通,2026-10-10T13:00,20.9,57,817.2,0.0,5.1,278
昭通,2026-10-10T14:00,21.3,55,816.8,0.2,4.8,255
昭通,2026-10-10T15:00,21.3,53,815.5,0.2,1.0,211
昭通,2026-10-10T16:00,21.2,52,814.8,0.1,7.7,66
昭通,2026-10-10T17:00,19.3,62,814.3,0.2,9.1,34
昭通,2026-10-10T18:00,17.3,72,814.0,0.2,13.7,19
昭通,2026-10-10T19:00,15.5,83,813.7,0.0,9.5,9
昭通,2026-10-10T20:00,15.2,93,814.6,0.1,4.9,336
昭通,2026-10-10T21:00,14.8,96,815.2,0.3,6.3,345
昭通,2026-10-10T22:00,14.1,97,815.1,0.1,5.9,342
昭通,2026-10-10T23:00,13.9,98,815.5,0.4,5.1,315
昭通,2026-10-11T00:00,13.5,99,815.4,0.5,4.6,342
昭通,2026-10-11T01:00,13.3,98,815.1,0.2,3.4,16
昭通,2026-10-11T02:00,13.6,99,814.8,0.1,2.7,20
昭通,2026-10-11T03:00,13.2,98,814.1,0.1,0.5,315
昭通,2026-10-11T04:00,13.1,99,813.7,0.0,0.2,270
昭通,2026-10-11T05:00,13.1,98,813.5,0.0,1.0,31
昭通,2026-10-11T06:00,13.1,97,813.7,0.0,1.8,101
昭通,2026-10-11T07:00,12.7,97,813.6,0.0,3.7,145
昭通,2026-10-11T08:00,13.5,96,814.7,0.0,6.6,147
丽江,2026-10-10T09:00,11.6,95,771.7,0.1,1.9,326
丽江,2026-10-10T10:00,13.4,88,772.8,0.1,1.7,58
丽江,2026-10-10T11:00,15.9,73,773.8,0.1,1.4,130
丽江,2026-10-10T12:00,17.8,62,774.0,0.2,2.7,172
丽江,2026-10-10T13:00,19.2,55,773.4,0.1,4.9,178
丽江,2026-10-10T14:00,19.6,51,773.2,0.2,4.6,189
丽江,2026-10-10T15:00,19.3,54,771.7,0.3,8.0,175
丽江,2026-10-10T16:00,18.7,58,770.8,0.2,6.6,167
丽江,2026-10-10T17:00,15.9,79,769.4,1.2,7.6,161
丽江,2026-10-10T18:00,13.0,94,769.1,3.3,6.2,83
丽江,2026-10-10T19:00,11.2,99,768.2,1.4,0.4,243
丽江,2026-10-10T20:00,12.0,99,769.6,1.0,2.7,274
丽江,2026-10-10T21:00,11.8,100,769.8,0.0,2.3,293
丽江,2026-10-10T22:00,11.1,99,769.8,0.1,2.6,236
丽江,2026-10-10T23:00,10.8,98,769.7,0.1,2.5,270
丽江,2026-10-11T00:00,10.3,97,769.6,0.1,2.9,277
丽江,2026-10-11T01:00,9.9,97,769.3,0.0,4.4,277
丽江,2026-10-11T02:00,9.6,98,769.2,0.0,4.5,265
丽江,2026-10-11T03:00,8.9,99,768.3,0.0,7.5,278
丽江,2026-10-11T04:00,8.6,100,768.0,0.0,7.0,283
丽江,2026-10-11T05:00,8.5,100,768.4,0.0,7.0,288
丽江,2026-10-11T06:00,8.9,98,769.5,0.0,6.1,293
丽江,2026-10-11T07:00,9.3,96,770.2,0.0,4.9,294
丽江,2026-10-11T08:00,9.4,96,770.8,0.0,4.8,299
普洱,2026-10-10T09:00,20.6,77,875.9,0.0,3.2,74
普洱,2026-10-10T10:00,22.5,63,876.7,0.0,2.7,90
普洱,2026-10-10T11:00,24.0,56,877.0,0.0,3.5,118
普洱,2026-10-10T12:00,25.1,51,876.9,0.1,4.8,149
普洱,2026-10-10T13:00,25.8,48,876.2,0.1,7.0,159
普洱,2026-10-10T14:00,25.7,48,875.9,0.2,7.4,158
普洱,2026-10-10T15:00,25.5,51,874.7,0.2,6.9,155
普洱,2026-10-10T16:00,25.5,52,873.8,0.1,6.1,146
普洱,2026-10-10T17:00,25.1,54,873.4,0.0,7.6,142
普洱,2026-10-10T18:00,24.0,58,873.2,0.0,7.5,140
普洱,2026-10-10T19:00,21.4,71,872.3,0.0,7.2,125
普洱,2026-10-10T20:00,20.9,74,872.9,0.0,9.7,121
普洱,2026-10-10T21:00,20.0,76,873.6,0.0,9.2,118
普洱,2026-10-10T22:00,19.6,77,874.1,0.0,9.8,121
普洱,2026-10-10T23:00,19.1,79,874.6,0.0,8.9,122
普洱,2026-10-11T00:00,18.4,82,874.6,0.0,7.3,113
普洱,2026-10-11T01:00,17.9,85,874.3,0.0,6.9,104
普洱,2026-10-11T02:00,18.0,88,874.4,0.0,5.1,96
普洱,2026-10-11T03:00,17.2,91,873.7,0.0,6.0,81
普洱,2026-10-11T04:00,16.7,92,873.2,0.0,6.4,74
普洱,2026-10-11T05:00,16.6,93,873.3,0.1,7.4,90
普洱,2026-10-11T06:00,16.9,95,873.9,0.6,6.7,74
普洱,2026-10-11T07:00,17.2,97,874.1,0.3,6.2,69
普洱,2026-10-11T08:00,17.5,98,874.7,0.0,6.0,74
临沧,2026-10-10T09:00,18.6,86,861.0,0.0,3.3,139
临沧,2026-10-10T10:00,21.0,75,861.8,0.0,5.7,148
临沧,2026-10-10T11:00,22.3,67,862.2,0.1,6.7,144
临沧,2026-10-10T12:00,23.4,62,862.2,0.0,7.4,146
临沧,2026-10-10T13:00,24.2,56,861.6,0.0,7.5,156
临沧,2026-10-10T14:00,24.6,52,861.2,0.1,5.9,168
临沧,2026-10-10T15:00,24.4,54,859.8,0.2,7.3,164
临沧,2026-10-10T16:00,24.1,55,858.9,0.2,7.7,152
临沧,2026-10-10T17:00,23.6,58,858.5,0.0,8.4,146
临沧,2026-10-10T18:00,22.6,62,858.5,0.0,7.3,142
临沧,2026-10-10T19:00,20.3,75,857.8,0.0,2.4,138
临沧,2026-10-10T20:00,20.1,75,858.4,0.0,1.9,107
临沧,2026-10-10T21:00,18.9,78,858.7,0.0,2.1,105
临沧,2026-10-10T22:00,18.1,81,859.0,0.0,2.2,138
临沧,2026-10-10T23:00,17.6,83,859.4,0.0,1.3,146
临沧,2026-10-11T00:00,17.2,85,859.6,0.0,1.2,141
临沧,2026-10-11T01:00,16.8,87,859.3,0.0,1.9,163
临沧,2026-10-11T02:00,16.8,90,859.6,0.0,3.7,145
临沧,2026-10-11T03:00,16.2,91,859.1,0.0,3.1,144
临沧,2026-10-11T04:00,16.0,93,858.6,0.0,1.2,129
临沧,2026-10-11T05:00,15.5,95,858.4,0.0,1.0,112
临沧,2026-10-11T06:00,15.1,97,858.5,0.0,0.9,90
临沧,2026-10-11T07:00,14.9,98,858.6,0.0,0.9,79
临沧,2026-10-11T08:00,16.2,96,859.8,0.0,3.5,114
楚雄,2026-10-10T09:00,18.1,76,832.2,0.0,2.8,145
楚雄,2026-10-10T10:00,20.0,66,832.8,0.1,7.1,165
楚雄,2026-10-10T11:00,21.5,59,833.2,0.1,8.1,163
楚雄,2026-10-10T12:00,22.6,53,833.2,0.2,8.9,162
楚雄,2026-10-10T13:00,23.2,51,832.3,0.2,9.7,168
楚雄,2026-10-10T14:00,23.5,48,831.9,0.3,9.9,171
楚雄,2026-10-10T15:00,23.1,52,830.7,0.3,11.0,180
楚雄,2026-10-10T16:00,23.4,50,830.0,0.1,10.9,187
楚雄,2026-10-10T17:00,23.0,48,829.6,0.0,11.2,191
楚雄,2026-10-10T18:00,22.1,48,829.4,0.0,10.7,192
楚雄,2026-10-10T19:00,19.5,59,828.4,0.0,7.3,190
楚雄,2026-10-10T20:00,18.9,64,829.0,0.0,6.5,214
楚雄,2026-10-10T21:00,17.9,69,829.3,0.0,5.2,211
楚雄,2026-10-10T22:00,17.0,72,829.3,0.0,4.1,221
楚雄,2026-10-10T23:00,16.3,76,829.4,0.0,3.5,235
楚雄,2026-10-11T00:00,15.6,79,829.4,0.0,3.6,221
楚雄,2026-10-11T01:00,15.2,80,829.2,0.0,3.8,225
楚雄,2026-10-11T02:00,15.0,86,829.3,0.0,3.0,245
楚雄,2026-10-11T03:00,14.3,88,828.7,0.0,2.8,243
楚雄,2026-10-11T04:00,14.1,88,828.4,0.0,2.8,243
楚雄,2026-10-11T05:00,13.7,89,828.1,0.0,2.0,260
楚雄,2026-10-11T06:00,13.5,91,828.2,0.0,1.5,263
楚雄,2026-10-11T07:00,13.2,92,828.6,0.0,1.3,254
楚雄,2026-10-11T08:00,14.5,89,830.0,0.0,2.5,249
红河,2026-10-10T09:00,18.8,72,877.8,0.0,1.0,211
红河,2026-10-10T10:00,21.2,64,878.6,0.0,2.0,355
红河,2026-10-10T11:00,23.6,55,879.1,0.0,2.8,15
红河,2026-10-10T12:00,26.0,45,879.1,0.0,3.2,34
红河,2026-10-10T13:00,27.7,38,878.1,0.0,3.4,65
红河,2026-10-10T14:00,28.2,36,877.4,0.1,7.4,148
红河,2026-10-10T15:00,27.2,42,876.2,0.3,10.6,156
红河,2026-10-10T16:00,26.3,48,875.3,0.9,12.4,164
红河,2026-10-10T17:00,25.5,52,875.1,0.3,13.4,172
红河,2026-10-10T18:00,23.9,59,875.2,0.0,14.5,169
红河,2026-10-10T19:00,22.1,69,875.0,0.0,11.9,180
红河,2026-10-10T20:00,21.9,70,875.8,0.0,7.2,184
红河,2026-10-10T21:00,20.9,72,876.3,0.0,9.3,189
红河,2026-10-10T22:00,20.6,70,876.5,0.0,8.1,185
红河,2026-10-10T23:00,20.2,71,876.8,0.0,8.1,179
红河,2026-10-11T00:00,20.6,70,877.3,0.0,8.7,176
红河,2026-10-11T01:00,20.5,72,877.1,0.0,7.8,175
红河,2026-10-11T02:00,20.9,72,877.0,0.1,4.2,168
红河,2026-10-11T03:00,20.4,75,876.7,0.0,4.9,170
红河,2026-10-11T04:00,20.0,77,876.3,0.0,3.4,164
红河,2026-10-11T05:00,19.0,83,875.8,0.0,3.5,159
红河,2026-10-11T06:00,18.8,84,876.2,0.0,3.3,174
红河,2026-10-11T07:00,18.7,84,876.4,0.0,3.3,171
红河,2026-10-11T08:00,20.0,77,877.5,0.0,3.1,152
文山,2026-10-10T09:00,17.4,81,862.2,0.0,2.9,300
文山,2026-10-10T10:00,20.2,66,863.2,0.0,2.2,355
文山,2026-10-10T11:00,22.2,54,863.8,0.0,2.5,120
文山,2026-10-10T12:00,24.2,46,863.9,0.0,5.9,137
文山,2026-10-10T13:00,24.4,45,862.9,0.0,6.1,146
文山,2026-10-10T14:00,24.8,44,862.3,0.0,7.3,138
文山,2026-10-10T15:00,25.3,42,861.4,0.0,9.4,144
文山,2026-10-10T16:00,25.1,43,860.7,0.0,10.7,134
文山,2026-10-10T17:00,24.8,43,860.2,0.0,10.5,123
文山,2026-10-10T18:00,23.7,48,860.0,0.0,12.1,132
文山,2026-10-10T19:00,21.0,60,859.6,0.0,10.6,161
文山,2026-10-10T20:00,20.0,73,860.5,0.0,11.9,165
文山,2026-10-10T21:00,19.6,77,861.2,0.0,8.0,166
文山,2026-10-10T22:00,19.6,79,861.6,0.0,7.3,147
文山,2026-10-10T23:00,19.1,82,861.7,0.0,7.3,144
文山,2026-10-11T00:00,18.8,85,861.9,0.0,5.0,154
文山,2026-10-11T01:00,18.7,86,861.7,0.0,3.6,143
文山,2026-10-11T02:00,19.1,81,861.6,0.0,5.4,116
文山,2026-10-11T03:00,18.6,81,861.2,0.0,3.1,114
文山,2026-10-11T04:00,18.1,83,860.8,0.0,3.1,118
文山,2026-10-11T05:00,18.2,81,860.7,0.0,3.0,128
文山,2026-10-11T06:00,18.0,82,861.2,0.0,2.8,130
文山,2026-10-11T07:00,17.4,89,861.2,0.5,2.6,129
文山,2026-10-11T08:00,17.1,96,861.7,0.9,1.8,127
西双版纳,2026-10-10T09:00,24.1,82,954.5,0.0,3.3,299
西双版纳,2026-10-10T10:00,26.2,71,955.0,0.0,3.5,309
西双版纳,2026-10-10T11:00,27.9,59,955.3,0.0,0.6,288
西双版纳,2026-10-10T12:00,29.3,52,954.9,0.0,3.8,161
西双版纳,2026-10-10T13:00,29.9,50,953.8,0.1,7.4,162
西双版纳,2026-10-10T14:00,30.4,48,953.2,0.0,6.2,170
西双版纳,2026-10-10T15:00,30.5,48,951.8,0.0,3.5,168
西双版纳,2026-10-10T16:00,30.6,48,950.7,0.0,2.9,187
西双版纳,2026-10-10T17:00,30.4,48,950.5,0.0,4.9,186
西双版纳,2026-10-10T18:00,29.3,55,950.6,0.0,5.8,187
西双版纳,2026-10-10T19:00,27.0,68,950.4,0.0,4.4,192
西双版纳,2026-10-10T20:00,27.0,71,951.2,0.0,1.8,186
西双版纳,2026-10-10T21:00,25.5,77,952.2,0.0,3.5,165
西双版纳,2026-10-10T22:00,24.9,81,952.7,0.0,2.7,157
西双版纳,2026-10-10T23:00,24.6,81,953.4,0.0,2.4,138
西双版纳,2026-10-11T00:00,24.4,81,953.8,0.0,1.4,130
西双版纳,2026-10-11T01:00,24.1,82,953.8,0.0,0.7,104
西双版纳,2026-10-11T02:00,23.9,85,953.8,0.0,0.8,63
西双版纳,2026-10-11T03:00,23.0,88,953.3,0.0,0.6,18
西双版纳,2026-10-11T04:00,22.6,89,952.9,0.0,1.1,342
西双版纳,2026-10-11T05:00,22.3,91,953.1,0.0,0.6,146
西双版纳,2026-10-11T06:00,22.2,91,953.5,0.0,2.3,328
西双版纳,2026-10-11T07:00,21.7,92,953.5,0.0,2.6,326
西双版纳,2026-10-11T08:00,22.6,88,954.5,0.0,4.1,326
大理,2026-10-10T09:00,16.6,85,812.6,0.0,1.9,229
大理,2026-10-10T10:00,18.7,65,813.6,0.0,3.9,236
大理,2026-10-10T11:00,20.1,58,813.9,0.0,5.6,230
大理,2026-10-10T12:00,21.4,52,814.0,0.0,6.3,233
大理,2026-10-10T13:00,22.3,47,813.2,0.0,7.5,230
大理,2026-10-10T14:00,22.3,45,812.7,0.0,8.1,227
大理,2026-10-10T15:00,22.4,45,811.5,0.0,9.5,216
大理,2026-10-10T16:00,22.5,45,810.8,0.0,11.0,210
大理,2026-10-10T17:00,21.9,47,810.4,0.0,11.8,209
大理,2026-10-10T18:00,20.9,53,810.3,0.0,12.7,203
大理,2026-10-10T19:00,18.7,70,809.6,0.0,7.0,176
大理,2026-10-10T20:00,17.6,85,810.0,0.0,8.4,171
大理,2026-10-10T21:00,16.9,89,810.2,0.0,6.5,166
大理,2026-10-10T22:00,16.5,90,810.5,0.0,6.6,163
大理,2026-10-10T23:00,16.3,91,811.0,0.0,6.1,168
大理,2026-10-11T00:00,15.9,93,811.2,0.0,5.2,166
大理,2026-10-11T01:00,15.7,94,811.1,0.0,4.7,171
大理,2026-10-11T02:00,15.7,93,811.3,0.0,6.2,172
大理,2026-10-11T03:00,14.9,95,810.6,0.0,3.2,177
大理,2026-10-11T04:00,14.8,95,810.4,0.0,3.2,177
大理,2026-10-11T05:00,14.6,96,810.3,0.0,3.1,183
大理,2026-10-11T06:00,14.5,94,810.4,0.0,2.2,189
大理,2026-10-11T07:00,14.4,94,810.8,0.0,1.7,193
大理,2026-10-11T08:00,15.2,93,811.7,0.0,3.1,208
德宏,2026-10-10T09:00,20.8,72,914.6,0.0,1.6,354
德宏,2026-10-10T10:00,23.5,62,915.6,0.0,1.6,276
德宏,2026-10-10T11:00,25.5,54,915.9,0.0,3.5,285
德宏,2026-10-10T12:00,26.5,49,915.8,0.0,2.2,261
德宏,2026-10-10T13:00,27.0,48,914.8,0.0,2.7,290
德宏,2026-10-10T14:00,26.9,48,914.5,0.0,0.8,207
德宏,2026-10-10T15:00,27.3,50,913.0,0.1,2.2,256
德宏,2026-10-10T16:00,27.2,51,912.2,0.1,1.7,283
德宏,2026-10-10T17:00,27.2,50,912.0,0.1,1.5,284
德宏,2026-10-10T18:00,24.7,64,912.0,0.1,9.5,207
德宏,2026-10-10T19:00,22.7,82,911.7,0.3,2.3,108
德宏,2026-10-10T20:00,22.4,86,912.0,0.0,2.3,90
德宏,2026-10-10T21:00,21.4,86,912.5,0.0,3.1,97
德宏,2026-10-10T22:00,20.4,87,912.9,0.0,3.5,102
德宏,2026-10-10T23:00,19.6,88,913.2,0.0,2.8,105
德宏,2026-10-11T00:00,19.2,87,913.4,0.0,2.9,101
德宏,2026-10-11T01:00,18.8,86,913.3,0.0,2.9,101
德宏,2026-10-11T02:00,19.1,87,913.6,0.0,0.8,135
德宏,2026-10-11T03:00,18.3,89,913.0,0.0,0.5,45
德宏,2026-10-11T04:00,17.8,90,912.6,0.0,0.6,72
德宏,2026-10-11T05:00,17.3,91,912.4,0.0,1.4,50
德宏,2026-10-11T06:00,17.1,90,912.6,0.0,1.0,59
德宏,2026-10-11T07:00,16.9,90,912.9,0.0,0.7,90
德宏,2026-10-11T08:00,17.7,86,913.9,0.0,1.5,104
怒江,2026-10-10T09:00,19.9,98,926.1,0.0,3.6,315
怒江,2026-10-10T10:00,22.5,90,926.8,0.0,2.0,27
怒江,2026-10-10T11:00,24.9,76,926.7,0.0,2.3,72
怒江,2026-10-10T12:00,27.2,64,926.3,0.0,2.6,102
怒江,2026-10-10T13:00,28.3,57,925.2,0.0,3.5,111
怒江,2026-10-10T14:00,28.4,55,924.8,0.1,4.6,103
怒江,2026-10-10T15:00,29.0,55,923.1,0.2,4.4,83
怒江,2026-10-10T16:00,28.2,57,922.3,0.2,2.7,90
怒江,2026-10-10T17:00,26.1,70,922.4,0.5,4.7,32
怒江,2026-10-10T18:00,24.7,84,922.7,0.7,1.8,156
怒江,2026-10-10T19:00,22.3,95,922.0,0.1,1.0,315
怒江,2026-10-10T20:00,22.8,88,923.1,0.0,0.4,270
怒江,2026-10-10T21:00,22.3,86,923.6,0.0,0.4,243
怒江,2026-10-10T22:00,21.9,85,924.2,0.0,0.4,243
怒江,2026-10-10T23:00,20.8,87,924.8,0.0,0.4,270
怒江,2026-10-11T00:00,19.7,90,924.9,0.0,1.1,279
怒江,2026-10-11T01:00,18.8,92,924.9,0.0,1.5,291
怒江,2026-10-11T02:00,18.9,91,925.5,0.0,1.5,277
怒江,2026-10-11T03:00,17.6,94,924.5,0.0,2.8,297
怒江,2026-10-11T04:00,17.2,94,924.0,0.0,2.3,288
怒江,2026-10-11T05:00,16.9,93,924.1,0.0,2.5,291
怒江,2026-10-11T06:00,16.8,92,924.5,0.0,2.4,287
怒江,2026-10-11T07:00,16.3,93,925.1,0.0,3.9,307
怒江,2026-10-11T08:00,17.0,92,926.0,0.0,2.5,300
迪庆,2026-10-10T09:00,6.5,93,697.4,0.1,1.5,150
迪庆,2026-10-10T10:00,9.2,82,698.7,0.5,3.9,202
迪庆,2026-10-10T11:00,11.3,68,699.8,0.2,6.1,220
迪庆,2026-10-10T12:00,13.2,58,700.5,0.1,9.4,230
迪庆,2026-10-10T13:00,13.3,61,699.6,0.4,9.2,227
迪庆,2026-10-10T14:00,13.5,54,699.7,0.5,9.6,229
迪庆,2026-10-10T15:00,13.1,55,698.1,0.2,9.2,231
迪庆,2026-10-10T16:00,13.1,53,697.6,0.2,10.6,223
迪庆,2026-10-10T17:00,12.5,55,697.2,0.2,9.4,220
迪庆,2026-10-10T18:00,11.0,63,696.7,0.1,8.6,217
迪庆,2026-10-10T19:00,8.3,78,695.4,0.1,5.3,213
迪庆,2026-10-10T20:00,7.3,87,695.0,0.0,4.8,195
迪庆,2026-10-10T21:00,6.3,92,695.0,0.0,4.4,187
迪庆,2026-10-10T22:00,5.3,95,694.6,0.0,3.6,198
迪庆,2026-10-10T23:00,4.1,98,694.1,0.0,3.6,207
迪庆,2026-10-11T00:00,3.3,98,693.7,0.0,3.2,207
迪庆,2026-10-11T01:00,2.8,98,693.3,0.0,3.1,208
迪庆,2026-10-11T02:00,2.6,99,693.5,0.0,2.8,235
迪庆,2026-10-11T03:00,2.0,100,692.8,0.0,2.3,219
迪庆,2026-10-11T04:00,1.7,100,692.7,0.0,2.1,211
迪庆,2026-10-11T05:00,1.4,100,692.6,0.0,1.9,202
迪庆,2026-10-11T06:00,1.2,100,692.7,0.0,1.1,189
迪庆,2026-10-11T07:00,0.9,99,692.6,0.0,1.3,188
迪庆,2026-10-11T08:00,1.3,99,693.2,0.0,1.8,191
拉萨,2026-10-10T09:00,3.0,94,663.3,0.1,1.6,270
拉萨,2026-10-10T10:00,4.2,88,664.6,0.1,2.4,257
拉萨,2026-10-10T11:00,5.8,77,665.8,0.1,3.7,284
拉萨,2026-10-10T12:00,7.6,65,666.4,0.0,2.9,270
拉萨,2026-10-10T13:00,9.8,55,667.0,0.0,4.4,258
拉萨,2026-10-10T14:00,10.3,45,666.6,0.1,6.6,223
拉萨,2026-10-10T15:00,10.9,42,665.7,0.1,6.4,232
拉萨,2026-10-10T16:00,11.4,39,665.0,0.3,6.5,240
拉萨,2026-10-10T17:00,12.0,38,664.5,0.1,7.4,227
拉萨,2026-10-10T18:00,11.4,39,663.7,0.1,5.4,222
拉萨,2026-10-10T19:00,10.4,50,663.1,0.0,2.1,285
拉萨,2026-10-10T20:00,8.5,59,662.9,0.0,4.0,185
拉萨,2026-10-10T21:00,7.3,64,662.9,0.1,4.7,320
拉萨,2026-10-10T22:00,6.3,68,663.2,0.0,2.9,317
拉萨,2026-10-10T23:00,5.0,72,663.4,0.0,5.6,312
拉萨,2026-10-11T00:00,4.5,72,663.6,0.0,4.0,328
拉萨,2026-10-11T01:00,4.1,74,663.4,0.0,3.0,335
拉萨,2026-10-11T02:00,4.1,80,664.0,0.0,2.2,325
拉萨,2026-10-11T03:00,3.2,84,663.1,0.0,2.9,330
拉萨,2026-10-11T04:00,2.7,88,662.7,0.0,3.2,344
拉萨,2026-10-11T05:00,1.6,93,662.0,0.6,2.2,336
拉萨,2026-10-11T06:00,1.3,94,662.3,0.2,1.9,331
拉萨,2026-10-11T07:00,0.8,93,662.3,0.1,2.8,345
拉萨,2026-10-11T08:00,0.7,90,662.9,0.3,2.8,333
日喀则,2026-10-10T09:00,-1.0,82,645.9,2.9,2.5,262
日喀则,2026-10-10T10:00,-0.1,71,647.1,2.2,1.6,360
日喀则,2026-10-10T11:00,0.8,76,647.8,0.7,1.8,24
日喀则,2026-10-10T12:00,2.3,69,648.0,0.0,0.6,18
日喀则,2026-10-10T13:00,3.7,63,648.0,0.0,0.9,323
日喀则,2026-10-10T14:00,4.9,65,648.2,0.0,1.5,36
日喀则,2026-10-10T15:00,6.0,54,647.4,0.0,0.6,198
日喀则,2026-10-10T16:00,7.5,47,647.4,0.1,0.8,135
日喀则,2026-10-10T17:00,7.8,47,647.0,0.0,3.4,162
日喀则,2026-10-10T18:00,7.4,47,647.2,0.0,2.0,85
日喀则,2026-10-10T19:00,5.4,61,646.9,0.1,6.6,164
日喀则,2026-10-10T20:00,3.8,86,646.7,0.2,7.9,250
日喀则,2026-10-10T21:00,3.8,88,647.4,0.5,3.1,357
日喀则,2026-10-10T22:00,3.6,87,647.9,0.2,2.9,60
日喀则,2026-10-10T23:00,3.2,87,648.3,0.1,7.1,66
日喀则,2026-10-11T00:00,2.4,88,648.2,0.1,4.3,45
日喀则,2026-10-11T01:00,2.1,86,648.1,0.0,2.1,59
日喀则,2026-10-11T02:00,2.3,85,648.6,0.0,1.1,189
日喀则,2026-10-11T03:00,1.7,88,648.2,0.0,1.5,194
日喀则,2026-10-11T04:00,1.4,89,648.1,0.0,0.6,18
日喀则,2026-10-11T05:00,0.9,92,647.9,0.1,2.0,27
日喀则,2026-10-11T06:00,0.7,90,648.0,0.0,2.7,23
日喀则,2026-10-11T07:00,0.7,88,648.2,0.0,1.7,18
日喀则,2026-10-11T08:00,1.0,82,649.0,0.0,0.6,18
昌都,2026-10-10T09:00,6.5,78,700.3,0.0,4.1,315
昌都,2026-10-10T10:00,7.9,69,701.2,0.0,2.3,321
昌都,2026-10-10T11:00,10.1,59,702.0,0.0,2.1,149
昌都,2026-10-10T12:00,11.5,56,702.1,0.0,5.4,165
昌都,2026-10-10T13:00,13.9,50,702.2,0.1,6.0,155
昌都,2026-10-10T14:00,14.9,46,702.0,0.1,5.5,144
昌都,2026-10-10T15:00,13.9,50,699.5,0.1,6.5,134
昌都,2026-10-10T16:00,15.6,44,699.4,0.2,6.6,139
昌都,2026-10-10T17:00,15.7,39,698.7,0.2,5.7,215
昌都,2026-10-10T18:00,13.6,43,698.0,0.1,5.4,154
昌都,2026-10-10T19:00,10.5,65,696.3,0.0,2.5,90
昌都,2026-10-10T20:00,7.4,95,697.2,0.0,0.4,243
昌都,2026-10-10T21:00,6.9,97,697.9,0.1,3.0,123
昌都,2026-10-10T22:00,6.5,95,698.1,0.0,2.6,129
昌都,2026-10-10T23:00,6.5,92,698.3,0.0,0.9,127
昌都,2026-10-11T00:00,5.8,94,697.5,0.0,0.9,101
昌都,2026-10-11T01:00,4.7,100,696.3,0.0,0.6,56
昌都,2026-10-11T02:00,4.8,99,697.0,0.0,0.6,252
昌都,2026-10-11T03:00,4.3,99,696.1,0.0,0.2,360
昌都,2026-10-11T04:00,3.2,100,695.2,0.0,0.6,146
昌都,2026-10-11T05:00,2.7,100,695.1,0.0,1.3,180
昌都,2026-10-11T06:00,2.6,99,696.0,0.0,1.5,187
昌都,2026-10-11T07:00,2.2,99,696.5,0.0,1.7,212
昌都,2026-10-11T08:00,2.4,99,697.2,0.0,2.1,232
林芝,2026-10-10T09:00,7.3,95,720.4,0.4,3.8,101
林芝,2026-10-10T10:00,7.5,91,721.0,1.2,3.6,96
林芝,2026-10-10T11:00,9.0,82,721.8,0.3,4.4,99
林芝,2026-10-10T12:00,9.5,82,721.4,0.3,4.0,108
林芝,2026-10-10T13:00,12.2,70,722.2,0.4,5.2,104
林芝,2026-10-10T14:00,12.3,63,722.0,3.2,6.5,103
林芝,2026-10-10T15:00,9.3,84,719.2,2.6,8.6,113
林芝,2026-10-10T16:00,10.7,75,719.8,0.7,6.1,104
林芝,2026-10-10T17:00,10.8,72,719.6,0.2,7.3,115
林芝,2026-10-10T18:00,10.1,76,719.3,0.3,5.8,110
林芝,2026-10-10T19:00,8.1,85,718.6,0.2,2.3,119
林芝,2026-10-10T20:00,7.5,88,718.6,0.1,1.3,90
林芝,2026-10-10T21:00,7.2,88,719.6,0.2,1.2,129
林芝,2026-10-10T22:00,7.4,87,720.4,0.3,1.5,120
林芝,2026-10-10T23:00,7.2,87,720.8,0.2,1.1,108
林芝,2026-10-11T00:00,6.9,88,721.0,0.3,1.3,98
林芝,2026-10-11T01:00,6.6,90,721.0,0.2,1.3,98
林芝,2026-10-11T02:00,6.6,89,721.1,0.1,0.5,135
林芝,2026-10-11T03:00,6.3,90,720.3,0.1,1.8,84
林芝,2026-10-11T04:00,6.3,91,720.0,0.1,2.0,90
林芝,2026-10-11T05:00,6.0,91,719.8,0.2,2.0,85
林芝,2026-10-11T06:00,5.7,94,719.8,0.5,2.2,76
林芝,2026-10-11T07:00,5.7,93,720.2,0.5,2.3,61
林芝,2026-10-11T08:00,5.8,94,720.6,0.7,2.0,63
山南,2026-10-10T09:00,3.4,73,670.5,0.0,1.3,98
山南,2026-10-10T10:00,5.4,71,672.1,0.0,1.4,67
山南,2026-10-10T11:00,7.1,62,673.0,0.0,0.8,45
山南,2026-10-10T12:00,8.4,51,673.4,0.0,1.2,39
山南,2026-10-10T13:00,10.1,45,673.7,0.0,0.8,297
山南,2026-10-10T14:00,11.0,40,673.7,0.0,4.9,231
山南,2026-10-10T15:00,11.8,37,673.0,0.1,4.2,200
山南,2026-10-10T16:00,12.4,35,672.4,0.1,0.9,37
山南,2026-10-10T17:00,12.4,34,671.7,0.0,6.3,353
山南,2026-10-10T18:00,12.4,33,671.1,0.0,7.3,350
山南,2026-10-10T19:00,11.5,35,670.6,0.0,5.5,322
山南,2026-10-10T20:00,9.9,66,670.2,0.0,2.2,284
山南,2026-10-10T21:00,9.2,65,670.5,0.2,0.6,236
山南,2026-10-10T22:00,8.4,63,670.8,0.0,2.3,157
山南,2026-10-10T23:00,7.2,59,670.7,0.0,5.2,146
山南,2026-10-11T00:00,6.6,57,671.0,0.0,3.3,151
山南,2026-10-11T01:00,6.1,57,671.1,0.0,2.2,145
山南,2026-10-11T02:00,5.9,59,671.1,0.0,2.3,141
山南,2026-10-11T03:00,4.8,61,670.3,0.0,2.3,141
山南,2026-10-11T04:00,4.0,63,669.8,0.0,2.3,129
山南,2026-10-11T05:00,3.0,65,669.3,0.0,2.3,119
山南,2026-10-11T06:00,2.2,67,669.4,0.0,2.4,107
山南,2026-10-11T07:00,1.7,68,669.9,0.0,2.6,106
山南,2026-10-11T08:00,1.3,69,670.3,0.0,2.4,99
那曲,2026-10-10T09:00,-1.8,75,597.2,0.1,12.3,102
那曲,2026-10-10T10:00,-0.0,67,598.7,0.0,14.1,111
那曲,2026-10-10T11:00,2.2,58,600.2,0.0,16.8,138
那曲,2026-10-10T12:00,3.9,51,600.6,0.1,16.2,165
那曲,2026-10-10T13:00,5.2,43,600.5,0.2,17.3,171
那曲,2026-10-10T14:00,2.1,58,598.5,1.3,21.7,208
那曲,2026-10-10T15:00,4.7,46,599.2,0.2,15.3,205
那曲,2026-10-10T16:00,3.8,46,597.6,0.7,25.2,210
那曲,2026-10-10T17:00,5.2,37,597.9,0.3,25.9,212
那曲,2026-10-10T18:00,4.3,38,597.3,0.0,22.1,204
那曲,2026-10-10T19:00,2.5,47,596.1,0.0,14.6,193
那曲,2026-10-10T20:00,0.5,68,595.6,0.0,13.6,250
那曲,2026-10-10T21:00,-1.1,86,596.3,0.7,18.2,214
那曲,2026-10-10T22:00,-1.7,88,596.6,0.4,13.6,200
那曲,2026-10-10T23:00,-2.1,91,596.2,0.9,10.1,170
那曲,2026-10-11T00:00,-3.7,93,593.9,0.0,6.7,134
那曲,2026-10-11T01:00,-4.9,94,592.7,0.0,6.1,130
那曲,2026-10-11T02:00,-5.2,95,593.4,0.2,4.3,213
那曲,2026-10-11T03:00,-3.9,90,595.0,0.5,5.9,182
那曲,2026-10-11T04:00,-4.3,88,594.1,0.0,5.5,169
那曲,2026-10-11T05:00,-4.8,89,593.4,0.0,4.1,146
那曲,2026-10-11T06:00,-4.9,88,593.8,0.0,3.2,146
那曲,2026-10-11T07:00,-4.8,88,594.5,0.2,4.0,175
那曲,2026-10-11T08:00,-5.2,87,594.1,0.1,7.0,193
阿里,2026-10-10T09:00,-3.1,74,611.0,0.0,3.3,13
阿里,2026-10-10T10:00,-0.9,62,613.8,0.0,4.2,36
阿里,2026-10-10T11:00,1.4,52,615.6,0.0,1.8,37
阿里,2026-10-10T12:00,3.2,40,616.8,0.0,5.9,281
阿里,2026-10-10T13:00,4.9,29,617.9,0.2,13.7,270
阿里,2026-10-10T14:00,5.8,26,618.2,0.1,16.7,271
阿里,2026-10-10T15:00,6.9,21,618.0,0.1,18.7,270
阿里,2026-10-10T16:00,7.3,20,617.4,0.0,20.2,268
阿里,2026-10-10T17:00,7.7,16,616.8,0.0,16.1,257
阿里,2026-10-10T18:00,8.1,13,616.4,0.0,16.4,266
阿里,2026-10-10T19:00,7.4,13,615.7,0.0,17.6,294
阿里,2026-10-10T20:00,6.4,18,614.9,0.0,9.3,286
阿里,2026-10-10T21:00,3.8,29,613.2,0.0,2.0,280
阿里,2026-10-10T22:00,2.4,36,613.1,0.0,0.5,180
阿里,2026-10-10T23:00,0.8,49,611.9,0.0,1.0,158
阿里,2026-10-11T00:00,0.2,56,611.8,0.0,0.7,90
阿里,2026-10-11T01:00,-0.2,63,612.0,0.0,0.9,79
阿里,2026-10-11T02:00,0.3,61,613.2,0.0,0.9,37
阿里,2026-10-11T03:00,-0.2,59,612.8,0.0,1.5,21
阿里,2026-10-11T04:00,-0.4,66,612.5,0.0,0.9,79
阿里,2026-10-11T05:00,-1.3,78,611.5,0.0,1.5,97
阿里,2026-10-11T06:00,-1.8,82,611.2,0.0,1.3,56
阿里,2026-10-11T07:00,-2.2,83,611.2,0.0,0.9,37
阿里,2026-10-11T08:00,-2.3,84,611.6,0.0,1.0,22
西安,2026-10-10T09:00,18.0,61,976.7,0.0,3.5,189
西安,2026-10-10T10:00,19.9,54,976.9,0.0,5.4,220
西安,2026-10-10T11:00,21.6,48,976.8,0.0,6.0,237
西安,2026-10-10T12:00,22.9,44,976.2,0.0,4.7,247
西安,2026-10-10T13:00,23.9,40,975.1,0.0,4.0,262
西安,2026-10-10T14:00,24.2,39,974.4,0.0,4.2,282
西安,2026-10-10T15:00,23.9,41,973.6,0.0,5.0,291
西安,2026-10-10T16:00,22.7,47,973.2,0.0,6.5,264
西安,2026-10-10T17:00,21.0,55,972.8,0.0,9.2,244
西安,2026-10-10T18:00,19.9,57,973.0,0.0,8.4,235
西安,2026-10-10T19:00,19.2,59,973.0,0.0,9.0,237
西安,2026-10-10T20:00,19.1,60,973.5,0.0,6.5,226
西安,2026-10-10T21:00,18.6,65,973.5,0.0,3.6,210
西安,2026-10-10T22:00,18.2,68,973.6,0.0,5.5,197
西安,2026-10-10T23:00,17.7,70,973.6,0.0,5.8,202
西安,2026-10-11T00:00,17.3,69,973.2,0.0,7.4,193
西安,2026-10-11T01:00,16.6,69,972.8,0.0,6.6,197
西安,2026-10-11T02:00,15.9,71,972.9,0.0,6.0,185
西安,2026-10-11T03:00,15.6,71,972.5,0.0,5.0,154
西安,2026-10-11T04:00,15.5,75,971.9,0.0,3.0,155
西安,2026-10-11T05:00,15.4,77,972.0,0.0,2.9,202
西安,2026-10-11T06:00,15.4,81,972.2,0.0,0.6,108
西安,2026-10-11T07:00,15.3,85,972.5,0.0,1.9,209
西安,2026-10-11T08:00,15.5,82,972.8,0.0,2.8,191
铜川,2026-10-10T09:00,17.9,48,942.1,0.0,11.5,351
铜川,2026-10-10T10:00,20.0,44,942.1,0.0,8.7,5
铜川,2026-10-10T11:00,21.9,37,942.2,0.0,2.1,52
铜川,2026-10-10T12:00,22.5,35,941.7,0.0,4.5,180
铜川,2026-10-10T13:00,22.8,36,940.8,0.0,7.8,187
铜川,2026-10-10T14:00,22.4,38,940.0,0.0,9.2,203
铜川,2026-10-10T15:00,20.9,44,939.2,0.0,11.1,200
铜川,2026-10-10T16:00,20.3,48,938.7,0.0,9.0,202
铜川,2026-10-10T17:00,19.7,52,938.2,0.0,6.5,193
铜川,2026-10-10T18:00,18.7,60,938.1,0.0,3.5,189
铜川,2026-10-10T19:00,17.5,65,938.0,0.0,3.9,202
铜川,2026-10-10T20:00,17.5,68,938.5,0.0,2.9,180
铜川,2026-10-10T21:00,16.9,69,938.7,0.0,0.6,326
铜川,2026-10-10T22:00,16.5,68,938.7,0.0,4.4,351
铜川,2026-10-10T23:00,16.5,65,938.6,0.0,5.5,343
铜川,2026-10-11T00:00,16.0,66,938.2,0.0,6.9,335
铜川,2026-10-11T01:00,16.6,64,937.6,0.0,9.4,343
铜川,2026-10-11T02:00,16.4,67,937.9,0.0,5.8,355
铜川,2026-10-11T03:00,16.4,69,937.7,0.0,4.6,18
铜川,2026-10-11T04:00,16.0,71,937.3,0.0,4.0,10
铜川,2026-10-11T05:00,15.4,75,937.1,0.0,3.2,3
铜川,2026-10-11T06:00,15.2,76,937.4,0.0,2.5,360
铜川,2026-10-11T07:00,15.3,77,937.5,0.0,2.5,352
铜川,2026-10-11T08:00,15.8,77,938.1,0.0,4.1,347
宝鸡,2026-10-10T09:00,17.3,65,959.0,0.0,5.1,288
宝鸡,2026-10-10T10:00,18.6,59,959.3,0.0,5.0,291
宝鸡,2026-10-10T11:00,19.3,55,959.2,0.0,5.9,272
宝鸡,2026-10-10T12:00,20.7,46,958.7,0.0,6.9,255
宝鸡,2026-10-10T13:00,21.0,44,957.5,0.0,5.0,249
宝鸡,2026-10-10T14:00,21.7,39,957.1,0.0,5.3,252
宝鸡,2026-10-10T15:00,21.0,43,956.4,0.1,3.0,194
宝鸡,2026-10-10T16:00,19.2,58,955.6,0.2,3.8,175
宝鸡,2026-10-10T17:00,18.4,61,955.1,0.1,1.3,106
宝鸡,2026-10-10T18:00,17.8,69,955.1,0.0,1.7,72
宝鸡,2026-10-10T19:00,17.0,69,955.2,0.0,1.9,56
宝鸡,2026-10-10T20:00,18.0,62,955.6,0.0,4.3,48
宝鸡,2026-10-10T21:00,17.0,68,955.7,0.0,3.8,65
宝鸡,2026-10-10T22:00,16.4,72,955.6,0.0,2.7,42
宝鸡,2026-10-10T23:00,16.3,71,955.6,0.0,2.0,360
宝鸡,2026-10-11T00:00,15.9,67,955.4,0.0,4.9,321
宝鸡,2026-10-11T01:00,15.1,70,954.8,0.0,5.0,305
宝鸡,2026-10-11T02:00,14.9,72,955.0,0.0,4.4,308
宝鸡,2026-10-11T03:00,14.7,73,954.7,0.0,4.7,313
宝鸡,2026-10-11T04:00,15.2,70,954.2,0.0,4.7,317
宝鸡,2026-10-11T05:00,15.1,71,954.0,0.0,4.3,315
宝鸡,2026-10-11T06:00,15.2,72,954.1,0.0,3.5,332
宝鸡,2026-10-11T07:00,15.3,73,954.3,0.0,4.5,353
宝鸡,2026-10-11T08:00,15.8,71,954.9,0.0,5.1,333
咸阳,2026-10-10T09:00,18.7,56,978.6,0.0,3.8,265
咸阳,2026-10-10T10:00,20.8,50,978.9,0.0,3.1,257
咸阳,2026-10-10T11:00,22.4,45,978.9,0.0,2.3,225
咸阳,2026-10-10T12:00,23.6,42,978.2,0.0,2.2,185
咸阳,2026-10-10T13:00,23.9,42,977.2,0.0,3.5,215
咸阳,2026-10-10T14:00,23.9,42,976.4,0.0,5.3,235
咸阳,2026-10-10T15:00,23.1,45,975.6,0.0,8.5,238
咸阳,2026-10-10T16:00,21.8,50,975.2,0.0,12.9,228
咸阳,2026-10-10T17:00,20.9,53,974.8,0.0,11.2,235
咸阳,2026-10-10T18:00,20.1,56,975.0,0.0,9.9,249
咸阳,2026-10-10T19:00,19.2,58,975.2,0.0,9.3,255
咸阳,2026-10-10T20:00,18.9,59,975.6,0.0,12.3,266
咸阳,2026-10-10T21:00,18.2,62,975.5,0.0,11.6,296
咸阳,2026-10-10T22:00,17.9,67,975.4,0.0,6.9,287
咸阳,2026-10-10T23:00,17.4,71,975.5,0.0,4.6,225
咸阳,2026-10-11T00:00,16.9,74,975.1,0.0,7.1,216
咸阳,2026-10-11T01:00,16.4,77,974.6,0.0,8.1,219
咸阳,2026-10-11T02:00,16.1,81,974.8,0.0,6.8,207
咸阳,2026-10-11T03:00,15.8,83,974.4,0.0,5.5,224
咸阳,2026-10-11T04:00,15.8,82,974.1,0.0,5.4,236
咸阳,2026-10-11T05:00,16.2,79,974.0,0.0,3.3,248
咸阳,2026-10-11T06:00,16.2,81,974.3,0.0,2.3,270
咸阳,2026-10-11T07:00,15.9,82,974.5,0.0,4.8,243
咸阳,2026-10-11T08:00,16.4,80,974.9,0.0,4.9,266
渭南,2026-10-10T09:00,20.2,58,982.2,0.0,4.1,247
渭南,2026-10-10T10:00,22.5,47,982.3,0.0,4.9,266
渭南,2026-10-10T11:00,24.0,41,982.2,0.0,4.2,265
渭南,2026-10-10T12:00,25.0,36,981.6,0.0,3.6,276
渭南,2026-10-10T13:00,25.7,35,980.5,0.0,2.5,278
渭南,2026-10-10T14:00,25.8,34,979.6,0.0,4.0,297
渭南,2026-10-10T15:00,26.1,34,978.9,0.0,5.6,291
渭南,2026-10-10T16:00,25.6,34,978.4,0.0,7.1,291
渭南,2026-10-10T17:00,24.2,41,978.0,0.0,7.6,277
渭南,2026-10-10T18:00,22.5,46,978.2,0.0,9.0,257
渭南,2026-10-10T19:00,21.5,51,978.3,0.0,9.9,243
渭南,2026-10-10T20:00,21.3,53,979.0,0.0,7.7,233
渭南,2026-10-10T21:00,20.5,55,979.1,0.0,7.2,242
渭南,2026-10-10T22:00,19.9,58,978.9,0.0,4.8,233
渭南,2026-10-10T23:00,19.8,58,979.1,0.0,5.2,205
渭南,2026-10-11T00:00,19.4,60,978.7,0.0,4.6,193
渭南,2026-10-11T01:00,19.1,66,978.3,0.0,2.7,184
渭南,2026-10-11T02:00,19.2,65,978.8,0.0,1.1,18
渭南,2026-10-11T03:00,18.4,67,978.5,0.0,1.8,53
渭南,2026-10-11T04:00,18.0,68,977.9,0.0,1.4,90
渭南,2026-10-11T05:00,17.8,70,977.9,0.0,0.3,45
渭南,2026-10-11T06:00,17.7,71,978.3,0.0,0.5,360
渭南,2026-10-11T07:00,17.6,69,978.4,0.0,0.9,180
渭南,2026-10-11T08:00,18.1,63,978.7,0.0,1.8,174
延安,2026-10-10T09:00,13.7,57,907.2,0.0,5.4,318
延安,2026-10-10T10:00,16.2,46,907.4,0.0,6.3,347
延安,2026-10-10T11:00,18.0,38,907.5,0.0,6.1,14
延安,2026-10-10T12:00,19.2,34,907.2,0.0,5.5,27
延安,2026-10-10T13:00,20.1,32,906.5,0.0,4.5,47
延安,2026-10-10T14:00,20.8,31,905.7,0.0,3.1,62
延安,2026-10-10T15:00,20.9,30,905.1,0.0,3.1,69
延安,2026-10-10T16:00,20.7,29,904.4,0.0,4.2,80
延安,2026-10-10T17:00,20.2,30,903.9,0.0,5.8,95
延安,2026-10-10T18:00,18.3,37,903.5,0.0,5.8,106
延安,2026-10-10T19:00,16.6,41,903.2,0.0,7.1,111
延安,2026-10-10T20:00,16.1,42,903.3,0.0,7.6,126
延安,2026-10-10T21:00,14.9,46,903.4,0.0,7.9,141
延安,2026-10-10T22:00,13.8,51,903.4,0.0,7.9,159
延安,2026-10-10T23:00,12.7,57,903.1,0.0,4.8,158
延安,2026-10-11T00:00,12.1,60,903.0,0.0,2.3,212
延安,2026-10-11T01:00,11.0,64,902.6,0.0,3.6,240
延安,2026-10-11T02:00,10.4,70,902.6,0.0,1.2,231
延安,2026-10-11T03:00,9.7,73,902.1,0.0,0.8,243
延安,2026-10-11T04:00,9.2,75,901.7,0.0,1.9,241
延安,2026-10-11T05:00,8.8,78,901.4,0.0,1.7,238
延安,2026-10-11T06:00,8.5,80,901.6,0.0,0.8,225
延安,2026-10-11T07:00,8.4,81,901.8,0.0,0.6,236
延安,2026-10-11T08:00,11.1,69,903.3,0.0,2.2,294
汉中,2026-10-10T09:00,17.9,73,963.7,0.0,2.8,235
汉中,2026-10-10T10:00,19.6,59,963.9,0.0,4.0,243
汉中,2026-10-10T11:00,20.8,52,964.0,0.0,8.1,271
汉中,2026-10-10T12:00,20.8,52,963.3,0.0,9.5,281
汉中,2026-10-10T13:00,21.4,51,962.4,0.0,11.5,273
汉中,2026-10-10T14:00,19.8,57,962.1,0.0,14.7,264
汉中,2026-10-10T15:00,18.8,62,961.0,0.0,15.8,269
汉中,2026-10-10T16:00,18.1,68,960.7,0.0,16.1,266
汉中,2026-10-10T17:00,18.0,73,960.3,0.0,12.7,258
汉中,2026-10-10T18:00,17.8,73,960.5,0.0,9.6,254
汉中,2026-10-10T19:00,17.5,75,960.4,0.0,7.0,280
汉中,2026-10-10T20:00,17.2,78,961.8,0.0,5.7,229
汉中,2026-10-10T21:00,16.4,84,961.7,0.1,4.2,220
汉中,2026-10-10T22:00,16.4,86,961.8,0.0,1.9,221
汉中,2026-10-10T23:00,16.1,89,962.0,0.2,1.9,131
汉中,2026-10-11T00:00,15.9,92,961.9,0.1,1.9,139
汉中,2026-10-11T01:00,16.0,90,961.5,0.0,1.2,51
汉中,2026-10-11T02:00,16.3,81,961.7,0.0,0.9,281
汉中,2026-10-11T03:00,16.1,83,961.1,0.0,1.3,172
汉中,2026-10-11T04:00,16.0,84,960.5,0.0,2.8,165
汉中,2026-10-11T05:00,15.9,84,960.2,0.0,2.7,152
汉中,2026-10-11T06:00,15.8,84,960.3,0.0,2.1,121
汉中,2026-10-11T07:00,15.8,86,960.6,0.0,1.7,122
汉中,2026-10-11T08:00,15.6,91,961.0,0.7,2.8,140
榆林,2026-10-10T09:00,10.9,67,902.8,0.0,4.6,312
榆林,2026-10-10T10:00,13.8,56,903.1,0.0,4.4,297
榆林,2026-10-10T11:00,16.1,48,903.4,0.0,4.6,301
榆林,2026-10-10T12:00,17.6,42,903.3,0.0,2.9,292
榆林,2026-10-10T13:00,18.3,39,902.5,0.0,1.3,262
榆林,2026-10-10T14:00,18.7,38,901.8,0.0,1.9,221
榆林,2026-10-10T15:00,19.1,37,901.4,0.0,3.3,221
榆林,2026-10-10T16:00,18.9,38,900.6,0.0,3.8,251
榆林,2026-10-10T17:00,18.2,39,900.2,0.0,5.2,274
榆林,2026-10-10T18:00,15.7,53,899.4,0.0,5.1,274
榆林,2026-10-10T19:00,13.8,61,899.1,0.0,4.2,265
榆林,2026-10-10T20:00,12.7,66,898.9,0.0,4.7,272
榆林,2026-10-10T21:00,12.0,66,898.9,0.0,2.4,287
榆林,2026-10-10T22:00,11.5,65,898.7,0.0,0.8,315
榆林,2026-10-10T23:00,10.8,68,898.6,0.0,1.4,23
榆林,2026-10-11T00:00,10.0,71,898.2,0.0,1.7,41
榆林,2026-10-11T01:00,9.4,73,898.0,0.0,1.5,60
榆林,2026-10-11T02:00,8.8,75,898.0,0.0,1.8,96
榆林,2026-10-11T03:00,8.5,75,897.6,0.0,1.4,130
榆林,2026-10-11T04:00,8.0,76,897.0,0.0,3.0,163
榆林,2026-10-11T05:00,7.7,74,896.9,0.0,2.3,141
榆林,2026-10-11T06:00,7.6,73,897.2,0.0,1.8,101
榆林,2026-10-11T07:00,7.6,73,897.6,0.0,1.5,83
榆林,2026-10-11T08:00,10.0,65,899.1,0.0,5.7,108
安康,2026-10-10T09:00,18.6,91,991.3,0.0,0.9,79
安康,2026-10-10T10:00,20.9,81,991.5,0.0,2.4,306
安康,2026-10-10T11:00,23.0,67,991.2,0.0,2.3,299
安康,2026-10-10T12:00,24.8,53,990.3,0.0,3.1,306
安康,2026-10-10T13:00,26.2,49,988.9,0.0,3.9,298
安康,2026-10-10T14:00,27.2,47,987.9,0.0,4.9,309
安康,2026-10-10T15:00,27.0,47,986.9,0.0,7.7,294
安康,2026-10-10T16:00,25.3,50,986.8,0.0,10.3,282
安康,2026-10-10T17:00,23.2,59,987.3,0.0,6.9,285
安康,2026-10-10T18:00,21.6,72,987.5,0.0,0.7,194
安康,2026-10-10T19:00,21.0,77,987.8,0.0,2.8,195
安康,2026-10-10T20:00,20.5,89,989.0,0.0,3.3,216
安康,2026-10-10T21:00,20.1,91,989.0,0.0,3.5,258
安康,2026-10-10T22:00,19.4,92,989.2,0.0,3.8,265
安康,2026-10-10T23:00,19.4,91,989.5,0.0,3.1,242
安康,2026-10-11T00:00,19.3,89,989.4,0.0,0.7,270
安康,2026-10-11T01:00,19.4,88,989.1,0.0,0.4,360
安康,2026-10-11T02:00,19.4,88,989.3,0.2,0.3,315
安康,2026-10-11T03:00,19.1,89,988.9,0.1,0.9,307
安康,2026-10-11T04:00,18.7,90,988.5,0.0,0.6,236
安康,2026-10-11T05:00,18.6,91,988.4,0.0,0.4,180
安康,2026-10-11T06:00,18.4,93,988.7,0.0,1.2,141
安康,2026-10-11T07:00,18.1,94,988.9,0.0,1.5,126
安康,2026-10-11T08:00,18.4,93,989.5,0.2,2.9,169
商洛,2026-10-10T09:00,18.0,55,942.1,0.0,6.3,297
商洛,2026-10-10T10:00,20.3,49,942.2,0.0,6.3,309
商洛,2026-10-10T11:00,22.6,42,942.3,0.0,5.5,316
商洛,2026-10-10T12:00,24.1,39,941.7,0.0,4.1,322
商洛,2026-10-10T13:00,25.2,36,940.7,0.0,4.5,317
商洛,2026-10-10T14:00,26.0,33,939.9,0.0,5.9,317
商洛,2026-10-10T15:00,25.9,33,939.2,0.0,7.9,321
商洛,2026-10-10T16:00,25.2,35,938.7,0.0,9.6,323
商洛,2026-10-10T17:00,23.5,42,938.6,0.0,9.0,303
商洛,2026-10-10T18:00,20.6,50,938.6,0.0,9.8,278
商洛,2026-10-10T19:00,19.7,52,938.8,0.0,6.9,279
商洛,2026-10-10T20:00,17.8,59,939.3,0.0,5.9,243
商洛,2026-10-10T21:00,17.4,61,939.4,0.0,4.6,228
商洛,2026-10-10T22:00,17.2,65,939.4,0.0,3.0,218
商洛,2026-10-10T23:00,17.0,66,939.7,0.0,3.1,230
商洛,2026-10-11T00:00,17.0,69,939.5,0.0,2.7,242
商洛,2026-10-11T01:00,16.0,78,939.4,0.1,3.1,242
商洛,2026-10-11T02:00,16.5,77,939.6,0.3,3.8,295
商洛,2026-10-11T03:00,15.7,85,939.2,0.1,4.3,265
商洛,2026-10-11T04:00,15.7,85,938.9,0.0,2.6,245
商洛,2026-10-11T05:00,15.5,86,939.1,0.0,5.1,243
商洛,2026-10-11T06:00,15.4,90,939.4,0.4,3.3,257
商洛,2026-10-11T07:00,15.3,92,939.7,0.5,2.0,297
商洛,2026-10-11T08:00,15.0,95,940.1,0.5,3.0,322
兰州,2026-10-10T09:00,8.6,86,858.1,0.0,1.1,189
兰州,2026-10-10T10:00,11.2,70,858.6,0.0,1.0,31
兰州,2026-10-10T11:00,13.3,58,858.6,0.0,1.8,24
兰州,2026-10-10T12:00,15.4,47,858.3,0.0,1.9,41
兰州,2026-10-10T13:00,17.4,36,857.3,0.0,2.8,63
兰州,2026-10-10T14:00,18.6,30,856.3,0.0,4.7,94
兰州,2026-10-10T15:00,19.7,30,855.3,0.0,5.2,88
兰州,2026-10-10T16:00,20.3,30,854.4,0.0,6.1,92
兰州,2026-10-10T17:00,20.1,27,853.7,0.0,7.7,127
兰州,2026-10-10T18:00,18.5,29,853.1,0.0,6.4,158
兰州,2026-10-10T19:00,16.5,32,852.4,0.0,8.7,148
兰州,2026-10-10T20:00,15.3,37,852.3,0.0,7.4,113
兰州,2026-10-10T21:00,13.2,47,851.7,0.0,8.2,109
兰州,2026-10-10T22:00,11.9,55,851.4,0.0,8.8,125
兰州,2026-10-10T23:00,10.4,64,851.3,0.0,5.2,134
兰州,2026-10-11T00:00,9.4,73,851.2,0.0,3.2,142
兰州,2026-10-11T01:00,9.2,75,851.1,0.0,1.4,203
兰州,2026-10-11T02:00,8.5,82,851.3,0.0,1.5,284
兰州,2026-10-11T03:00,8.2,84,851.3,0.0,0.8,297
兰州,2026-10-11T04:00,8.1,85,850.7,0.0,1.1,189
兰州,2026-10-11T05:00,8.1,83,850.7,0.0,0.8,117
兰州,2026-10-11T06:00,8.0,83,850.8,0.0,0.5,45
兰州,2026-10-11T07:00,7.5,86,851.0,0.0,0.5,315
兰州,2026-10-11T08:00,8.5,85,851.9,0.0,1.0,338
嘉峪关,2026-10-10T09:00,8.6,54,838.7,0.0,9.7,259
嘉峪关,2026-10-10T10:00,12.0,48,840.5,0.0,5.6,274
嘉峪关,2026-10-10T11:00,14.5,42,841.5,0.0,3.7,23
嘉峪关,2026-10-10T12:00,16.2,38,841.6,0.0,8.7,68
嘉峪关,2026-10-10T13:00,17.4,35,841.5,0.0,11.5,70
嘉峪关,2026-10-10T14:00,18.5,31,841.1,0.0,11.8,70
嘉峪关,2026-10-10T15:00,19.0,29,840.7,0.0,13.2,68
嘉峪关,2026-10-10T16:00,18.8,30,840.0,0.0,13.4,66
嘉峪关,2026-10-10T17:00,18.3,30,839.5,0.0,14.7,65
嘉峪关,2026-10-10T18:00,17.1,33,839.2,0.0,14.6,55
嘉峪关,2026-10-10T19:00,14.3,47,838.3,0.0,7.8,26
嘉峪关,2026-10-10T20:00,13.6,51,838.3,0.0,4.5,346
嘉峪关,2026-10-10T21:00,13.2,51,838.5,0.0,0.8,315
嘉峪关,2026-10-10T22:00,12.3,54,838.2,0.0,1.2,231
嘉峪关,2026-10-10T23:00,10.5,58,837.4,0.0,4.9,246
嘉峪关,2026-10-11T00:00,9.4,60,836.9,0.0,6.1,247
嘉峪关,2026-10-11T01:00,9.3,56,836.6,0.0,7.8,238
嘉峪关,2026-10-11T02:00,9.0,56,837.0,0.0,6.3,239
嘉峪关,2026-10-11T03:00,8.7,56,837.1,0.0,8.4,250
嘉峪关,2026-10-11T04:00,8.3,56,836.9,0.0,12.1,245
嘉峪关,2026-10-11T05:00,9.2,51,837.5,0.0,14.1,243
嘉峪关,2026-10-11T06:00,9.5,48,838.5,0.0,13.0,253
嘉峪关,2026-10-11T07:00,9.3,48,839.2,0.0,11.1,256
嘉峪关,2026-10-11T08:00,8.4,52,839.6,0.0,9.1,252
金昌,2026-10-10T09:00,10.1,58,853.2,0.0,8.7,212
金昌,2026-10-10T10:00,14.3,44,854.9,0.0,5.8,180
金昌,2026-10-10T11:00,17.0,33,855.4,0.0,6.7,142
金昌,2026-10-10T12:00,18.7,29,855.4,0.0,8.7,124
金昌,2026-10-10T13:00,19.8,27,854.8,0.0,9.4,113
金昌,2026-10-10T14:00,20.3,25,854.0,0.0,10.9,99
金昌,2026-10-10T15:00,20.7,23,853.3,0.0,11.5,90
金昌,2026-10-10T16:00,20.7,21,852.7,0.0,11.1,82
金昌,2026-10-10T17:00,20.2,20,852.4,0.0,11.3,76
金昌,2026-10-10T18:00,18.3,27,851.8,0.0,8.7,68
金昌,2026-10-10T19:00,14.9,39,850.8,0.0,5.4,60
金昌,2026-10-10T20:00,14.5,38,851.3,0.0,2.7,94
金昌,2026-10-10T21:00,14.0,38,851.5,0.0,0.4,243
金昌,2026-10-10T22:00,12.9,40,851.0,0.0,2.4,279
金昌,2026-10-10T23:00,12.1,42,850.5,0.0,2.6,282
金昌,2026-10-11T00:00,11.5,43,850.2,0.0,2.4,279
金昌,2026-10-11T01:00,11.0,44,849.7,0.0,2.8,255
金昌,2026-10-11T02:00,10.8,43,849.5,0.0,2.0,243
金昌,2026-10-11T03:00,10.3,44,849.3,0.0,0.7,256
金昌,2026-10-11T04:00,9.5,46,848.6,0.0,1.1,270
金昌,2026-10-11T05:00,8.5,49,848.1,0.0,0.6,236
金昌,2026-10-11T06:00,8.0,51,848.3,0.0,1.0,239
金昌,2026-10-11T07:00,8.3,49,849.0,0.0,1.0,248
金昌,2026-10-11T08:00,9.1,49,850.1,0.0,0.6,236
白银,2026-10-10T09:00,8.8,65,836.5,0.0,6.5,247
白银,2026-10-10T10:00,11.3,57,837.1,0.0,9.0,233
白银,2026-10-10T11:00,13.5,49,837.4,0.0,10.3,218
白银,2026-10-10T12:00,15.3,43,837.2,0.0,11.5,210
白银,2026-10-10T13:00,16.9,35,836.4,0.0,12.1,201
白银,2026-10-10T14:00,17.6,30,835.6,0.0,12.6,197
白银,2026-10-10T15:00,18.2,27,834.8,0.0,11.8,188
白银,2026-10-10T16:00,18.4,25,833.9,0.0,10.6,176
白银,2026-10-10T17:00,18.1,26,833.1,0.0,9.0,151
白银,2026-10-10T18:00,15.9,36,832.3,0.0,7.0,103
白银,2026-10-10T19:00,12.8,46,830.9,0.0,3.6,45
白银,2026-10-10T20:00,13.3,44,831.4,0.0,5.2,49
白银,2026-10-10T21:00,12.3,45,831.2,0.0,4.7,72
白银,2026-10-10T22:00,12.2,44,831.4,0.0,1.5,76
白银,2026-10-10T23:00,11.7,45,831.6,0.0,0.5,360
白银,2026-10-11T00:00,11.0,47,831.2,0.0,0.7,14
白银,2026-10-11T01:00,10.1,51,830.5,0.0,1.9,17
白银,2026-10-11T02:00,9.0,54,830.4,0.0,5.1,343
白银,2026-10-11T03:00,7.1,62,829.5,0.0,6.3,345
白银,2026-10-11T04:00,5.6,69,828.4,0.0,4.7,358
白银,2026-10-11T05:00,5.1,70,828.2,0.0,3.6,342
白银,2026-10-11T06:00,4.9,70,828.2,0.0,3.5,336
白银,2026-10-11T07:00,4.6,72,828.1,0.0,3.4,335
白银,2026-10-11T08:00,6.7,65,829.8,0.0,3.4,342
